name,lat,lng,population,country
Shanghai,31.22222,121.45806,24874500,CN
Beijing,39.9075,116.39723,18960744,CN
Shenzhen,22.54554,114.0683,17494398,CN
Guangzhou,23.11667,113.25,16096724,CN
Kinshasa,-4.32758,15.31357,16000000,CD
Istanbul,41.01384,28.94966,15701602,TR
Lagos,6.45407,3.39467,15388000,NG
Ho Chi Minh City,10.82302,106.62965,14002598,VN
Chengdu,30.66667,104.06667,13568357,CN
Lahore,31.558,74.35071,13004135,PK
Mumbai,19.07283,72.88261,12691836,IN
São Paulo,-23.5475,-46.63611,12400232,BR
Mexico City,19.42847,-99.12766,12294193,MX
Karachi,24.8608,67.0104,11624219,PK
Tianjin,39.14222,117.17667,11090314,CN
Delhi,28.65195,77.23149,11034555,IN
Wuhan,30.58333,114.26667,10392693,CN
Moscow,55.75204,37.61781,10381222,RU
Dhaka,23.7104,90.40744,10356500,BD
Seoul,37.566,126.9784,10349312,KR
Tokyo,35.6895,139.69171,9733276,JP
Dongguan,23.01797,113.74866,9644871,CN
Cairo,30.06263,31.24967,9606916,EG
Xi’an,34.25833,108.92861,9600000,CN
Johannesburg,-26.20227,28.04363,9418183,ZA
Nanjing,32.06167,118.77778,9314685,CN
Hangzhou,30.29365,120.16142,9236032,CN
Foshan,23.02677,113.13148,9042509,CN
London,51.50853,-0.12574,8961989,GB
New York City,40.71427,-74.00597,8804190,US
Jakarta,-6.21462,106.84513,8540121,ID
Bengaluru,12.97194,77.59369,8495492,IN
Hanoi,21.0245,105.84117,8053663,VN
Taipei,25.05306,121.52639,7871900,TW
Lima,-12.04318,-77.02824,7737002,PE
Bogotá,4.60971,-74.08175,7674366,CO
Chongqing,29.56026,106.55771,7457599,CN
Hong Kong,22.27832,114.17469,7396076,HK
Baghdad,33.34058,44.40088,7216000,IQ
Wuzhong,37.9867,106.201,7202654,CN
Qingdao,36.06488,120.38042,7172451,CN
Tehran,35.69439,51.42151,7153309,IR
Shenyang,41.79222,123.43278,7050000,CN
Hyderabad,17.38405,78.45636,6993262,IN
Rio de Janeiro,-22.90642,-43.18223,6747815,BR
Suzhou,31.30408,120.59538,6715559,CN
Ahmedabad,23.02579,72.58727,6357693,IN
Abidjan,5.35444,-4.00167,6321017,CI
Pudong,31.23995,121.50094,5681512,CN
Singapore,1.28967,103.85007,5638700,SG
Sydney,-33.86785,151.20732,5557233,AU
Dar es Salaam,-6.82349,39.26951,5383728,TZ
Saint Petersburg,59.93863,30.31413,5351935,RU
Melbourne,-37.814,144.96332,5350705,AU
Alexandria,31.20176,29.91582,5263542,EG
Harbin,45.75,126.65,5242897,CN
Bangkok,13.75398,100.50144,5104476,TH
Hefei,31.86389,117.28083,5050000,CN
Dalian,38.91222,121.60222,4913879,CN
Kano,12.00012,8.51672,4910000,NG
Santiago,-33.45694,-70.64827,4837295,CL
Cape Town,-33.92584,18.42322,4772846,ZA
Peshawar,34.008,71.57849,4758762,PK
Changchun,43.88,125.32278,4714996,CN
Jeddah,21.49012,39.18624,4697000,SA
Chennai,13.08784,80.27847,4681087,IN
Kolkata,22.56263,88.36304,4631392,IN
Xiamen,24.47979,118.08187,4617251,CN
Surat,21.19594,72.83023,4591246,IN
Yangon,16.80528,96.15611,4477638,MM
Bao'an,22.55213,113.88288,4476554,CN
Kabul,34.52813,69.17233,4434550,AF
Nairobi,-1.28333,36.81667,4397073,KE
Wuxi,31.56887,120.28857,4396835,CN
Giza,30.00944,31.20861,4367343,EG
Jinan,36.66833,116.99722,4335989,CN
Taiyuan,37.86944,112.56028,4303673,CN
Zhengzhou,34.75778,113.64861,4253913,CN
Bamako,12.60915,-7.97522,4227569,ML
Riyadh,24.68773,46.72185,4205961,SA
New Taipei City,25.06199,121.45703,4004367,TW
New Territories,22.42441,114.11095,3984077,HK
Shijiazhuang,38.04139,114.47861,3938513,CN
Chattogram,22.3384,91.83168,3920222,BD
Addis Ababa,9.02497,38.74689,3860000,ET
Kunming,25.03889,102.71833,3855346,CN
Zhongshan,22.52306,113.37912,3841873,CN
Nanning,22.81667,108.31667,3839800,CN
Shantou,23.35489,116.67876,3838900,CN
Los Angeles,34.05223,-118.24368,3820914,US
Faisalabad,31.41554,73.08969,3800193,PK
Dubai,25.07725,55.30927,3790000,AE
Yokohama,35.43333,139.65,3777491,JP
Fuzhou,26.06139,119.30611,3740000,CN
Ningbo,29.87819,121.54945,3731203,CN
Casablanca,33.58831,-7.61138,3665954,MA
Ibadan,7.37756,3.90591,3649000,NG
Puyang,29.45679,119.88872,3590000,CN
Ankara,39.91987,32.85427,3517182,TR
Shiyan,32.6475,110.77806,3460000,CN
Berlin,52.52437,13.41053,3426354,DE
Tangshan,39.64381,118.18319,3372102,CN
Rawalpindi,33.59733,73.0479,3357612,PK
Lüliang,37.5192,111.14436,3346500,CN
Durban,-29.8579,31.0292,3338026,ZA
Changzhou,31.77359,119.95401,3290918,CN
Busan,35.10168,129.03004,3285147,KR
Madrid,40.4165,-3.70256,3255944,ES
Pyongyang,39.03385,125.75432,3222000,KP
Zibo,36.79056,118.06333,3129228,CN
Pune,18.51957,73.85535,3124458,IN
Bursa,40.19559,29.06013,3101833,TR
Changsha,28.19874,112.97087,3093980,CN
Quezon City,14.6488,121.0509,3084270,PH
Jaipur,26.91962,75.78781,3046163,IN
Guiyang,26.58333,106.71667,3037159,CN
Ürümqi,43.80096,87.60046,3029372,CN
Incheon,37.45646,126.70515,3015482,KR
Lanzhou,36.05701,103.83987,3000000,CN
Caracas,10.48801,-66.87919,3000000,VE
Kyiv,50.45466,30.5238,2952301,UA
İzmir,38.41273,27.13838,2938292,TR
Huizhou,23.11147,114.41523,2900113,CN
Buenos Aires,-34.61315,-58.37723,2891082,AR
Surabaya,-7.24917,112.75083,2874314,ID
Haikou,20.03421,110.34651,2873358,CN
Taichung,24.1469,120.6839,2850285,TW
Kanpur,26.46523,80.34975,2823249,IN
Toronto,43.70643,-79.39864,2794356,CA
Quito,-0.22985,-78.52495,2781641,EC
Brisbane,-27.46794,153.02809,2780063,AU
Luanda,-8.83682,13.23432,2776168,AO
Osaka,34.69379,135.50107,2753862,JP
Linyi,35.06306,118.34278,2743843,CN
Baoding,38.87288,115.46246,2739887,CN
Kaohsiung,22.61626,120.31333,2737660,TW
Brooklyn,40.6501,-73.94958,2736074,US
Guayaquil,-2.19616,-79.88621,2723665,EC
Belo Horizonte,-19.92083,-43.93778,2721564,BR
Minhang,31.10881,121.37471,2716600,CN
Salvador,-12.97563,-38.49096,2711840,BR
Abuja,9.05785,7.49508,2690000,NG
Gazipur,23.99844,90.42234,2674697,BD
Chicago,41.85003,-87.65005,2664452,US
Wenzhou,27.99942,120.66682,2650000,CN
Dakar,14.6937,-17.44406,2646503,SN
Haiphong,20.86481,106.68345,2625200,VN
Yunfu,22.92787,112.03809,2612800,CN
Navi Mumbai,19.03681,73.01582,2600000,IN
Mogadishu,2.03711,45.34375,2587183,SO
Bekasi,-6.2349,106.9896,2564940,ID
Kumasi,6.68848,-1.62443,2544530,GH
Gujranwala,32.15567,74.18705,2511118,PK
Huai'an,33.58861,119.01917,2494013,CN
Lucknow,26.83928,80.92313,2472011,IN
Bandung,-6.92222,107.60694,2444160,ID
Medan,3.58333,98.66667,2435252,ID
Ouagadougou,12.36566,-1.53388,2415266,BF
Nagpur,21.14631,79.08491,2405665,IN
Fortaleza,-3.71722,-38.54306,2400000,BR
Cali,3.43054,-76.5199,2392877,CO
Daegu,35.87028,128.59111,2365523,KR
Algiers,36.73225,3.08746,2364230,DZ
Nanchang,28.68396,115.85306,2357839,CN
Baku,40.37767,49.89201,2351300,AZ
Hohhot,40.81056,111.65222,2350000,CN
Nagoya,35.18147,136.90641,2332176,JP
Rome,41.89193,12.51133,2318895,IT
Queens,40.68149,-73.83652,2316841,US
Houston,29.76328,-95.36327,2314157,US
Perth,-31.95224,115.8614,2309338,AU
Mashhad,36.29807,59.60567,2307177,IR
Shaoxing,30.00237,120.57864,2300000,CN
Nantong,32.03028,120.87472,2273326,CN
Baoshan,31.40845,121.48956,2265900,CN
Kowloon,22.31667,114.18333,2232339,HK
Yantai,37.47649,121.44081,2227733,CN
Gaziantep,37.05944,37.3825,2222415,TR
Lubumbashi,-11.66089,27.47938,2221925,CD
Manaus,-3.10194,-60.025,2219580,BR
Lusaka,-15.40669,28.28713,2212301,ZM
Brasília,-15.77972,-47.92972,2207718,BR
Zhuhai,22.27694,113.56778,2207090,CN
Santo Domingo,18.47186,-69.89232,2201941,DO
Lomé,6.12874,1.22154,2188376,TG
Multan,30.19679,71.47824,2169915,PK
Havana,23.13302,-82.38304,2163824,CU
Baotou,40.6516,109.84389,2150000,CN
Depok,-6.4,106.81861,2145400,ID
Paris,48.85341,2.3488,2138551,FR
Coimbatore,11.00555,76.96612,2136916,IN
Qingyang,35.70976,107.64455,2125400,CN
Port Harcourt,4.77742,7.0134,2120000,NG
Pretoria,-25.74486,28.18783,2112693,ZA
Córdoba,-31.40648,-64.18853,2106734,AR
Mbuji-Mayi,-6.13603,23.58979,2101332,CD
Aleppo,36.20124,37.16117,2098210,SY
Kunshan,31.37762,120.95431,2092496,CN
Al Mawşil al Jadīdah,36.33271,43.10555,2065597,IQ
Weifang,36.71,119.10194,2044028,CN
Zunyi,27.68667,106.90722,2037775,CN
Al Başrah al Qadīmah,30.50316,47.81507,2015483,IQ
La Paz,-16.5,-68.15,2004652,BO
Lianyungang,34.59845,119.21556,2001009,CN
Medellín,6.245,-75.57151,1999979,CO
Indore,22.71792,75.8333,1994397,IN
Brazzaville,-4.26613,15.28318,1982000,CG
Tashkent,41.26465,69.21627,1978028,UZ
Ganzhou,25.84664,114.9326,1977253,CN
Almaty,43.25249,76.9115,1977011,KZ
Khartoum,15.55177,32.53241,1974647,SD
Sapporo,43.06667,141.35,1973832,JP
Songjiang,31.03443,121.22326,1973500,CN
Accra,5.55602,-0.1969,1963264,GH
Curitiba,-25.42778,-49.27306,1948626,BR
Ordos,39.6086,109.78157,1940653,CN
Sanaa,15.35452,44.20646,1937451,YE
Conakry,9.53795,-13.67729,1928389,GN
Tijuana,32.5027,-117.00371,1922523,MX
Hyderabad,25.39689,68.37718,1921275,PK
Beirut,33.89332,35.50157,1916100,LB
Tangerang,-6.17806,106.63,1912679,ID
Jieyang,23.5418,116.36581,1899394,CN
Jilin,43.84652,126.5608,1895865,CN
Jiading,31.38575,121.24465,1886100,CN
Bucharest,44.43225,26.10626,1877155,RO
Camayenne,9.535,-13.68778,1871242,GN
Kakamega,0.28422,34.75229,1867579,KE
Nanchong,30.79508,106.08473,1858875,CN
Tainan,22.99083,120.21333,1856642,TW
Kaduna,10.52641,7.43879,1850000,NG
Datong,40.09361,113.29139,1850000,CN
Omdurman,15.64453,32.47773,1849659,SD
Davao,7.07306,125.61278,1848947,PH
Hamburg,53.55073,9.99302,1845229,DE
Thāne,19.19704,72.96355,1841488,IN
Iztapalapa,19.35529,-99.06224,1835486,MX
Diyarbakır,37.91363,40.21721,1833684,TR
Santa Cruz de la Sierra,-17.78629,-63.18117,1831434,BO
Vadodara,22.29941,73.20812,1822221,IN
Adana,36.98615,35.32531,1816750,TR
Nanyang,33.00524,112.54659,1811812,CN
Abu Dhabi,24.45118,54.39696,1807000,AE
Sharjah,25.3342,55.41221,1800000,AE
Bhopal,23.25469,77.40289,1798218,IN
Jiangmen,22.58333,113.08333,1795459,CN
Benin City,6.33815,5.62575,1782000,NG
Jiangyin,31.91102,120.26302,1779515,CN
Fuyang,32.9,115.81667,1768947,CN
Montréal,45.50884,-73.58781,1762949,CA
Bayan Nur,40.74143,107.38599,1760000,CN
Maracaibo,10.64232,-71.61089,1752602,VE
Chaozhou,23.65396,116.62262,1750945,CN
Minsk,53.90019,27.56653,1742124,BY
Budapest,47.49835,19.04045,1741041,HU
Qingyuan,23.7,113.03333,1738424,CN
Tai’an,36.18528,117.12,1735425,CN
Rasapūdipalem,17.73308,83.31622,1728128,IN
Pimpri-Chinchwad,18.61867,73.80375,1727692,IN
Caloocan,14.64953,120.96788,1712945,PH
Warsaw,52.22977,21.01178,1702139,PL
Soweto,-26.26781,27.85849,1695047,ZA
Puebla,19.04778,-98.20723,1692181,MX
Vienna,48.20849,16.37208,1691468,AT
Barcelona,41.38879,2.15899,1686208,ES
Patna,25.59408,85.13563,1684297,IN
Mosul,36.335,43.11889,1683000,IQ
Kallakurichi,11.73379,78.95925,1682687,IN
Kampala,0.31628,32.58219,1680600,UG
Xining,36.62554,101.75739,1677177,CN
Changshu,31.64615,120.74221,1677050,CN
Palembang,-2.91673,104.7458,1668848,ID
Huainan,32.62639,116.99694,1666826,CN
Rabat,34.01325,-6.83255,1655753,MA
Semarang,-6.99306,110.42083,1653524,ID
Recife,-8.05389,-34.88111,1653461,BR
Phoenix,33.44838,-112.07404,1650070,US
Suzhou,33.63611,116.97889,1647642,CN
Ecatepec de Morelos,19.60492,-99.06064,1645352,MX
Lu’an,31.73561,116.51688,1644344,CN
Valencia,10.16153,-68.00044,1619470,VE
Ludhiana,30.91204,75.85379,1618879,IN
Yancheng,33.3575,120.1573,1615717,CN
Novosibirsk,55.02259,82.93175,1612833,RU
Erbil,36.19117,44.00943,1612700,IQ
Fukuoka,33.6,130.41667,1612392,JP
Taizhou,32.49069,119.90812,1607108,CN
Daqing,46.58333,125,1604027,CN
Manila,14.6042,120.9822,1600000,PH
Wuhu,31.35259,118.42947,1598165,CN
Santiago de Querétaro,20.58806,-100.38806,1594212,MX
Dazhou,31.2106,107.46308,1589435,CN
Yangzhou,32.39722,119.43583,1584237,CN
León de los Aldama,21.12908,-101.67374,1579803,MX
Makkah,21.42664,39.82563,1578722,SA
Philadelphia,39.95238,-75.16362,1573916,US
Phnom Penh,11.56245,104.91601,1573544,KH
Guilin,25.28022,110.29639,1572300,CN
Damascus,33.5102,36.29128,1569394,SY
Quetta,30.18414,67.00141,1565546,PK
Zhaoqing,23.04893,112.46091,1553109,CN
Onitsha,6.14978,6.78569,1553000,NG
Mianyang,31.46784,104.68168,1550000,CN
Isfahan,32.65246,51.67462,1547164,IR
Wanzhou,30.76451,108.39586,1545900,CN
Harare,-17.82772,31.05337,1542813,ZW
Monrovia,6.30054,-10.7969,1542549,LR
Putian,25.43944,119.01028,1539389,CN
Kawasaki,35.52056,139.71722,1538262,JP
Shangqiu,34.45,115.65,1536392,CN
Goiânia,-16.67861,-49.25389,1536097,BR
Auckland,-36.84853,174.76349,1530500,NZ
San Antonio,29.42412,-98.49363,1526656,US
Kobe,34.6913,135.183,1525152,JP
Stockholm,59.32938,18.06871,1515017,SE
Ciudad Juárez,31.72024,-106.46084,1512450,MX
Cần Thơ,10.03711,105.78825,1507187,VN
Khulna,22.80979,89.56439,1500689,BD
Belém,-1.45583,-48.50444,1499641,BR
Yekaterinburg,56.85733,60.61529,1495066,RU
Porto Alegre,-30.03283,-51.23019,1488252,BR
Yinchuan,38.46806,106.27306,1487579,CN
Manhattan,40.78343,-73.96625,1487536,US
Nashik,19.99727,73.79096,1486053,IN
Taizhou,28.66266,121.43312,1485502,CN
Asunción,-25.28646,-57.647,1482200,PY
Yiwu,29.31506,120.07676,1481384,CN
Zapopan,20.72111,-103.38742,1476491,MX
Adelaide,-34.92866,138.59863,1469163,AU
Quanzhou,24.91389,118.58583,1469157,CN
Madurai,9.919,78.11953,1465625,IN
Jinhua,29.10678,119.64421,1463990,CN
Kyoto,35.02107,135.75385,1463723,JP
Cixi,30.1764,121.2457,1457510,CN
Changde,29.03205,111.69844,1457419,CN
Kuala Lumpur,3.1412,101.68653,1453975,MY
Kayseri,38.73222,35.48528,1452458,TR
Kaifeng,34.7986,114.30742,1451741,CN
Anshan,41.12361,122.99,1450000,CN
Karaj,35.83266,50.99155,1448075,IR
Kathmandu,27.70169,85.3206,1442271,NP
Daejeon,36.34913,127.38493,1441203,KR
Baoji,34.36775,107.23705,1437802,CN
Suqian,33.94917,118.29583,1437685,CN
Liuzhou,24.32405,109.40698,1436599,CN
Tirunelveli,8.72742,77.6838,1435844,IN
Konya,37.87135,32.48464,1433861,TR
Zhangjiagang,31.865,120.53889,1432044,CN
Agra,27.18333,78.01667,1430055,IN
Tabriz,38.08,46.2919,1424641,IR
Makassar,-5.14861,119.43194,1423877,ID
Kharkiv,49.98177,36.25475,1421125,UA
Jinjiang,24.81978,118.57415,1416151,CN
Faridabad,28.41124,77.31316,1414050,IN
Bozhou,33.87722,115.77028,1409436,CN
Qujing,25.48333,103.78333,1408500,CN
South Tangerang,-6.28862,106.71789,1404785,ID
San Diego,32.71571,-117.16472,1404452,US
Gwangju,35.15472,126.91556,1401235,KR
Zhanjiang,21.23391,110.38749,1400709,CN
Fushun,41.88669,123.94363,1400646,CN
Rājkot,22.29161,70.79322,1390640,IN
Luoyang,34.67345,112.43684,1390581,CN
Guadalajara,20.67738,-103.34749,1385629,MX
The Bronx,40.84985,-73.86641,1385108,US
Huế,16.4619,107.59546,1380000,VN
Guankou,28.15861,113.62709,1380000,CN
Milan,45.46427,9.18951,1371498,IT
Najafgarh,28.60922,76.97982,1365000,IN
N'Djamena,12.10672,15.0444,1359526,TD
Handan,36.60999,114.48764,1358318,CN
Bannu,32.98527,70.60403,1357890,PK
Yichang,30.71444,111.28472,1350150,CN
Antananarivo,-18.91368,47.53613,1349501,MG
Heze,35.23929,115.47358,1346717,CN
Abobo,5.41613,-4.0159,1340083,CI
Jamshedpur,22.80278,86.18545,1339438,IN
Douala,4.04827,9.70428,1338082,CM
Antalya,36.90812,30.69556,1335002,TR
Basrah,30.50852,47.7804,1326564,IQ
Dallas,32.78306,-96.80667,1326087,US
Saitama,35.90807,139.65657,1324854,JP
Gorakhpur,29.44768,75.67206,1324570,IN
Niamey,13.51366,2.1098,1323691,NE
Liupanshui,26.59444,104.83333,1320825,CN
Taguig,14.5243,121.0792,1308085,PH
Maoming,21.66625,110.91364,1307802,CN
Calgary,51.05011,-114.08529,1306784,CA
Tripoli,32.88743,13.18733,1302947,LY
Madinah,24.46861,39.61417,1300000,SA
Callao,-12.05162,-77.13452,1300000,PE
Yaoundé,3.86667,11.51667,1299369,CM
Qinzhou,21.98247,108.65061,1296300,CN
Luohe,33.56394,114.04272,1294974,CN
Xiangyang,32.0422,112.14479,1294733,CN
Yangjiang,21.85563,111.96272,1292987,CN
Yixing,31.36059,119.82016,1285785,CN
Pimpri,18.62292,73.80696,1284606,IN
Da Nang,16.06778,108.22083,1276000,VN
Amman,31.95522,35.94503,1275857,JO
Budta,7.20417,124.43972,1273715,PH
Belgrade,44.80401,20.46513,1273651,RS
Biên Hòa,10.94469,106.82432,1272235,VN
Qingpu,31.15394,121.11408,1271424,CN
Montevideo,-34.90328,-56.18816,1270737,UY
Xuchang,34.03189,113.86299,1265536,CN
Kalyān,19.2437,73.13554,1262255,IN
Zigong,29.34162,104.77689,1262064,CN
Munich,48.13743,11.57549,1260391,DE
Nizhniy Novgorod,56.32867,44.00205,1259013,RU
Jepara,-6.5924,110.671,1257912,ID
Maputo,-25.96553,32.58322,1254837,MZ
Xuzhou,34.20442,117.28386,1253991,CN
Dammam,26.43442,50.10326,1252523,SA
Ra’s Bayrūt,33.9,35.48333,1251739,LB
Neijiang,29.58354,105.06216,1251095,CN
Shiraz,29.61031,52.53113,1249942,IR
Heshan,28.56938,112.34733,1249807,CN
Dombivali,19.21667,73.08333,1247327,IN
Kananga,-5.89624,22.41659,1247168,CD
Kazan,55.78874,49.12214,1243500,RU
Jining,35.405,116.58139,1241012,CN
Barquisimeto,10.0647,-69.35703,1240714,VE
Shubrā al Khaymah,30.12511,31.25053,1240289,EG
Putuo,31.251,121.3897,1239100,CN
Port-au-Prince,18.54349,-72.33881,1234742,HT
Suwon,37.29111,127.00889,1234582,KR
Xinyang,32.12278,114.06556,1230042,CN
Liaocheng,36.45064,116.00247,1229768,CN
Jinzhong,37.68403,112.75471,1226617,CN
Meerut,28.98002,77.70636,1223184,IN
Virār,19.45591,72.81136,1222390,IN
Nowrangapur,19.23114,82.54826,1220946,IN
Karbala,32.61603,44.02488,1218732,IQ
Changzhi,36.18389,113.10528,1214940,CN
Tianshui,34.57952,105.74238,1212791,CN
Sadr City,33.3889,44.4583,1211849,IQ
Yangpu,31.26193,121.51904,1210800,CN
Mombasa,-4.05466,39.66359,1208333,KE
Mandalay,21.97473,96.08359,1208099,MM
Srinagar,34.08565,74.80555,1206419,IN
Barranquilla,10.96854,-74.78132,1206319,CO
Chelyabinsk,55.1611,61.42877,1202371,RU
Mérida,20.967,-89.62318,1201000,MX
Hiroshima,34.4,132.45,1200754,JP
Shymkent,42.30988,69.60042,1200000,KZ
Santiago de los Caballeros,19.45036,-70.69085,1200000,DO
Weinan,34.50355,109.50891,1199290,CN
Ghāziābād,28.66535,77.43915,1199191,IN
Matola,-25.96222,32.45889,1198988,MZ
Dhanbad,23.79759,86.42992,1196214,IN
Hong Kong Island,22.26302,114.18419,1195529,HK
Fes,34.03313,-5.00028,1191905,MA
Gustavo Adolfo Madero,19.49392,-99.11075,1185772,MX
Nouakchott,18.08581,-15.9785,1184530,MR
Kisangani,0.51528,25.19099,1181788,CD
Jiaxing,30.7522,120.75,1180000,CN
Aurangabad,19.87757,75.34226,1175116,IN
Omsk,54.99244,73.36859,1172070,RU
Guarulhos,-23.46278,-46.53333,1169577,BR
Bandar Lampung,-5.42917,105.26111,1166066,ID
Prague,50.08804,14.42076,1165581,CZ
Varanasi,25.31668,83.01041,1164404,IN
Batam,1.14937,104.02491,1164352,ID
Jiujiang,29.70475,116.00206,1164268,CN
Samara,53.20767,50.13553,1163399,RU
Aba,5.10658,7.36667,1160000,NG
Amritsar,31.62234,74.87534,1159227,IN
Birmingham,52.48142,-1.89983,1157603,GB
Copenhagen,55.67594,12.56553,1153615,DK
Sofia,42.69751,23.32415,1152556,BG
Anyang,36.096,114.38278,1146839,CN
Yerevan,40.17765,44.5126,1144700,AM
Luohu District,22.54721,114.13149,1143801,CN
Vijayawada,16.50745,80.6466,1143232,IN
Fengxiang,30.85841,121.46779,1140872,CN
Bijie,27.30193,105.28627,1137383,CN
Monterrey,25.68435,-100.31721,1135512,MX
Kigali,-1.94995,30.05885,1132686,RW
Rostov-on-Don,47.21997,39.70769,1130305,RU
Zhuzhou,27.83333,113.15,1129687,CN
Bogor,-6.59444,106.78917,1127408,ID
Malingao,7.16083,124.475,1121974,PH
Touba,14.86229,-15.87532,1120824,SN
Ufa,54.74306,55.96779,1120547,RU
Ranchi,23.34316,85.3094,1120374,IN
Shangrao,28.45179,117.94287,1116486,CN
Lilongwe,-13.96692,33.78725,1115815,MW
Huaibei,33.97444,116.79167,1113321,CN
Maiduguri,11.84692,13.15712,1110000,NG
Xuhui,31.19594,121.44709,1109800,CN
Meishan,30.04392,103.83696,1107742,CN
Mwanza,-2.51667,32.9,1104521,TZ
Ulsan,35.53722,129.31667,1098421,KR
Sendai,38.26667,140.86667,1096704,JP
Krasnoyarsk,56.03742,92.93136,1090811,RU
Fuzhou,27.95999,116.33333,1089888,CN
Guigang,23.11603,109.59472,1086327,CN
Pekanbaru,0.51667,101.44167,1085000,ID
Oslo,59.91273,10.74609,1082575,NO
Jabalpur,23.16697,79.95006,1081677,IN
Ilorin,8.49664,4.54214,1080000,NG
Aden,12.77957,45.03852,1079670,YE
Ciudad Nezahualcoyotl,19.40061,-99.01483,1077208,MX
Hengyang,26.88946,112.61888,1075516,CN
Prayagraj,25.44478,81.84322,1073438,IN
Visakhapatnam,17.68009,83.20161,1063178,IN
Goyang-si,37.65639,126.835,1061752,KR
Yulin,22.6305,110.14686,1056743,CN
Jodhpur,26.26841,73.00594,1056191,IN
Gwalior,26.22983,78.17337,1054420,IN
Jingzhou,30.35028,112.19028,1052282,CN
Gqeberha,-33.96109,25.61494,1050078,ZA
Tbilisi,41.69143,44.83412,1049498,GE
Voronezh,51.66833,39.19204,1047549,RU
Xinxiang,35.19033,113.80151,1047088,CN
Yichun,27.83333,114.4,1045952,CN
Sokoto,13.06269,5.24322,1040000,NG
Jos,9.92849,8.89212,1040000,NG
Tangier,35.76727,-5.79975,1035141,MA
Teni,10.01115,77.47772,1034724,IN
Xianyang,34.33778,108.70261,1034081,CN
Mexicali,32.62781,-115.45446,1032686,MX
Pointe-Noire,-4.77609,11.86352,1032000,CG
Maceió,-9.66583,-35.73528,1031597,BR
Campinas,-22.90556,-47.06083,1031554,BR
Sanya,18.25435,109.50947,1031396,CN
Rangpur,25.74664,89.25166,1031388,BD
Kirkuk,35.46806,44.39222,1031000,IQ
Ashgabat,37.95,58.38333,1030063,TM
Comilla,23.46186,91.18503,1030000,BD
Shaoguan,24.8,113.58333,1028460,CN
Howrah,22.57688,88.31857,1027672,IN
Raipur,21.23333,81.63333,1027264,IN
Changwon,35.22806,128.68111,1025702,KR
Longyan,25.07485,117.01775,1025087,CN
Dublin,53.33306,-6.24889,1024027,IE
Tiruchirappalli,10.8155,78.69651,1022518,IN
Yongzhou,26.42389,111.61306,1020715,CN
Brussels,50.85045,4.34878,1019022,BE
Zamboanga,6.91028,122.07389,1018849,PH
Ottawa,45.41117,-75.69812,1017449,CA
Huzhou,30.8703,120.0933,1015937,CN
Volgograd,48.71378,44.4976,1013533,RU
Khartoum North,15.64925,32.53458,1012211,SD
Edmonton,53.55014,-113.46871,1010899,CA
Odesa,46.48572,30.74383,1010537,UA
Wuwei,37.92672,102.63202,1010295,CN
Jacksonville,30.33218,-81.65565,1009833,US
Arequipa,-16.39899,-71.53747,1008290,PE
Fort Worth,32.72541,-97.32085,1008106,US
Hanzhong,33.07507,107.02214,1006557,CN
Hezhou,24.40357,111.56675,1005490,CN
Pest,47.5,19.08333,1001748,HU
Kota,25.18254,75.83907,1001694,IN
Zhu Cheng City,35.99502,119.40259,1000000,CN
Shivaji Nagar,18.53017,73.85263,1000000,IN
Dongying,37.46271,118.49165,998968,CN
Luzhou,28.8903,105.42575,998900,CN
San Jose,37.33939,-121.89496,997368,US
Sholapur,17.67152,75.91044,997281,IN
Marrakesh,31.63416,-7.99994,995871,MA
Guatemala City,14.64072,-90.51327,994938,GT
Meizhou,24.28859,116.11768,992351,CN
Yueyang,29.37455,113.09481,991465,CN
Laiwu,36.19278,117.65694,989535,CN
Benxi,41.28861,123.765,987717,CN
Perm,58.01046,56.25017,982419,RU
Zaria,11.11128,7.7227,980000,NG
Chiba,35.6,140.11667,979768,JP
Pingdingshan,33.73091,113.31554,979130,CN
Ciudad Guayana,8.35122,-62.64102,978202,VE
Sargodha,32.08586,72.67418,975886,PK
Austin,30.26715,-97.74306,974447,US
Managua,12.13282,-86.2504,973087,NI
Bengbu,32.94083,117.36083,972784,CN
Salé,34.0531,-6.79846,972299,MA
Jerusalem,31.76904,35.21633,971800,IL
Chandigarh,30.73629,76.7884,970602,IN
Dnipro,48.46664,35.04066,968502,UA
Cebu City,10.31672,123.89071,965332,PH
Sanhe,39.98049,117.06887,965075,CN
Köln,50.93333,6.95,963395,DE
Tiruppur,11.11541,77.35456,963173,IN
Guwahati,26.1844,91.7458,962334,IN
Xiangtan,27.85,112.9,959303,CN
Linfen,36.08889,111.51889,959198,CN
Victoria,22.2875,114.14417,956800,HK
Zhenjiang,32.21086,119.45508,950516,CN
Enugu,6.44132,7.49883,950000,NG
Rosario,-32.94682,-60.63932,948312,AR
Sulţānah,24.49258,39.58572,946697,SA
Huludao,40.75243,120.83552,944495,CN
Hubballi,15.34776,75.13378,943788,IN
Kitakyushu,33.85181,130.85034,940978,JP
Taiz,13.57952,44.02091,940600,YE
Setagaya,35.64188,139.64715,940071,JP
Kingston,17.99702,-76.79358,937700,JM
Jing’an,31.22,121.41583,936500,CN
Baoshan,25.11626,99.16366,935618,CN
Rui’an,27.77605,120.65859,927383,CN
Chihuahua,28.63528,-106.08889,925762,MX
Nay Pyi Taw,19.745,96.12972,925000,MM
Eskişehir,39.77667,30.52056,921630,TR
Mysuru,12.29791,76.63925,920550,IN
Trujillo,-8.11599,-79.02998,919899,PE
Salem,11.65376,78.15538,917414,IN
São Luís,-2.52972,-44.30278,917237,BR
Seongnam-si,37.43861,127.13778,914832,KR
Cartagena,10.39817,-75.49328,914552,CO
Antipolo,14.62578,121.12251,913712,PH
Columbus,39.96118,-82.99879,913175,US
Sialkot,32.49268,74.53134,911817,PK
Charlotte,35.22709,-80.84313,911311,US
Laibin,23.74743,109.22222,910282,CN
Warri,5.51737,5.75006,910000,NG
Naples,40.85216,14.26811,909048,IT
Padang,-0.94924,100.35427,909040,ID
Xiaogan,30.92689,113.92221,908266,CN
Campo Grande,-20.44278,-54.64639,906092,BR
Ziyang,30.12108,104.64811,905729,CN
Bobo-Dioulasso,11.18064,-4.29489,904920,BF
Bahawalpur,29.39779,71.6752,903795,PK
Quzhou,28.95944,118.86861,902767,CN
Blantyre,-15.78499,35.00854,902588,MW
Donetsk,48.023,37.80224,901645,UA
Qom,34.6401,50.8764,900000,IR
Bishkek,42.87,74.59,900000,KG
Abū Ghurayb,33.30563,44.18477,900000,IQ
Zaozhuang,34.86472,117.55417,899753,CN
Krasnodar,45.04534,38.98178,899541,RU
Natal,-5.795,-35.20944,896708,BR
Pingxiang,27.61672,113.85353,893550,CN
Cancún,21.17429,-86.84656,888797,MX
Indianapolis,39.76838,-86.15804,887642,US
Gurugram,28.4601,77.02635,886519,IN
Bhubaneswar,20.27241,85.83385,885363,IN
Zhoushan,29.98869,122.20488,882932,CN
Qiqihar,47.33922,123.96154,882364,CN
Sulaymaniyah,35.56496,45.4329,878146,IQ
Marseille,43.29695,5.38107,877215,FR
Puning,23.31072,116.16869,874954,CN
Pikine,14.76457,-17.39071,874062,SN
Bhiwandi,19.30023,73.05881,874032,IN
Soshanguve,-25.47288,28.09919,872309,ZA
Teresina,-5.08917,-42.80194,871126,BR
Ankang,32.68,109.01722,870126,CN
Jalandhar,31.32556,75.57917,868929,IN
Rotterdam,51.9225,4.47917,868135,NL
Langfang,39.52079,116.71471,868066,CN
Jiaozuo,35.23925,113.23914,865413,CN
Rohini,28.74322,77.06778,860000,IN
Wanxian,30.81601,108.37407,859662,CN
Guang’an,30.47413,106.63696,858159,CN
Johor Bahru,1.4655,103.7578,858118,MY
Pasig City,14.58691,121.0614,853050,PH
Cheongju-si,36.63722,127.48972,852147,KR
Kanayannur,9.96667,76.26667,851406,IN
Tegucigalpa,14.0818,-87.20681,850848,HN
Bucheon-si,37.49889,126.78306,850731,KR
Thanh Hóa,19.8,105.76667,850000,VN
Turin,45.07049,7.68682,847287,IT
Malang,-7.9797,112.6304,847182,ID
Al Ain City,24.19167,55.76056,846747,AE
Libreville,0.39241,9.45356,846090,GA
Saratov,51.54048,45.9901,844858,RU
Ulan Bator,47.90771,106.88324,844818,MN
Weihai,37.50914,122.11356,844310,CN
Takeo,10.99081,104.78498,843931,KH
Cochabamba,-17.38195,-66.15995,841276,BO
Ahvaz,31.31901,48.6842,841145,IR
Vientiane,17.96667,102.6,840940,LA
Zhabei,31.25861,121.45972,840000,CN
Xinyu,27.80429,114.93335,839488,CN
Pietermaritzburg,-29.61679,30.39278,839327,ZA
Yibin,28.7593,104.63994,836340,CN
Naucalpan de Juárez,19.47851,-99.23963,834434,MX
Kampung Baru Subang,3.15,101.53333,833571,MY
Bouaké,7.69385,-5.03031,832371,CI
Samarinda,-0.49167,117.14583,831460,ID
Taicang,31.44778,121.09389,831113,CN
San Francisco,37.77493,-122.41942,827526,US
Sakai,34.58216,135.46653,826161,JP
Valencia,39.47391,-0.37966,824340,ES
Nova Iguaçu,-22.75917,-43.45111,823302,BR
Jinshan,30.83556,121.29373,822776,CN
Chenzhou,25.8,113.03333,822534,CN
Duque de Caxias,-22.78556,-43.31167,818329,BR
João Pessoa,-7.115,-34.86306,817511,BR
Bukavu,-2.49077,28.84281,816811,CD
Barcelona,10.1384,-64.68769,815141,VE
Bangui,4.36122,18.55496,812407,CF
Hermosillo,29.08874,-110.96677,812229,MX
Bhayandar,19.30157,72.85107,809378,IN
Culiacán,24.80209,-107.39421,808416,MX
Petaling Jaya,3.10726,101.60671,807879,MY
Anqing,30.51365,117.04723,804493,CN
Kraków,50.06143,19.93658,804237,PL
Oran,35.69906,-0.63588,803329,DZ
Freetown,8.48714,-13.2356,802639,SL
San Pedro Sula,15.50585,-88.02588,801259,HN
Narela,28.85267,77.09288,800000,IN
Xingtai,37.06217,114.49272,798770,CN
Niigata,37.92259,139.04125,797591,JP
Muscat,23.58413,58.40778,797000,OM
Zarqa,32.07275,36.08796,792665,JO
Çankaya,39.9179,32.86268,792189,TR
Hamamatsu,34.7,137.73333,791707,JP
Kolwezi,-10.71484,25.46674,790248,CD
Vinh,18.67337,105.69232,790000,VN
Thiruvananthapuram,8.4855,76.94924,788271,IN
Zhaotong,27.31667,103.71667,787845,CN
Panzhihua,26.58509,101.71276,787177,CN
Chuzhou,32.32194,118.29778,782671,CN
Seattle,47.60621,-122.33207,780995,US
Port Said,31.26531,32.3019,780515,EG
Cúcuta,7.90745,-72.5049,777106,CO
Homs,34.72405,36.72559,775404,SY
Xuancheng,30.9525,118.75528,774332,CN
Ibb,13.96667,44.18333,771514,YE
Nampula,-15.11646,39.2666,770379,MZ
Shangyu,30.01556,120.87111,770000,CN
Bujumbura,-3.38193,29.36142,769317,BI
Tyumen,57.15222,65.52722,768358,RU
Erzurum,39.90861,41.27694,767848,TR
Anshun,26.25,105.93333,765313,CN
Dodoma,-6.17221,35.73947,765179,TZ
Rajshahi,24.374,88.60114,763580,BD
Dera Ismail Khan,31.83129,70.9017,763195,PK
Wuzhou,23.48054,111.28848,761948,CN
Ipoh,4.5841,101.0829,759952,MY
Qinhuangdao,39.94104,119.58936,759718,CN
Benghazi,32.11486,20.06859,757490,LY
Alīgarh,27.88145,78.07464,753207,IN
Shaoyang,27.23818,111.46214,753194,CN
Malatya,38.35018,38.31667,750491,TR
Winnipeg,49.8844,-97.14704,749607,CA
Bağcılar,41.03903,28.85671,749024,TR
Ōta,35.56126,139.71605,748081,JP
Andijon,40.78338,72.35067,747800,UZ
Bareilly,28.36678,79.43167,745435,IN
Buraydah,26.32599,43.97497,745353,SA
São Bernardo do Campo,-23.69389,-46.565,743372,BR
Hegang,47.34727,130.29033,743307,CN
Morelia,19.70078,-101.18443,743275,MX
Riga,56.946,24.10589,742572,LV
Tasikmalaya,-7.3274,108.2207,741760,ID
Amsterdam,52.37403,4.88969,741636,NL
Cagayan de Oro,8.48222,124.64722,741617,PH
Ma’anshan,31.68579,118.51008,741531,CN
Shah Alam,3.08507,101.53281,740750,MY
Shizuishan,38.98082,106.3892,739400,CN
Kumamoto,32.80589,130.69181,738907,JP
Oyo,7.85367,3.93235,736072,NG
Torreón,25.54389,-103.41898,735340,MX
Deyang,31.13019,104.38198,735070,CN
Abeokuta,7.15571,3.34509,735000,NG
Al Ḩudaydah,14.79781,42.95452,734699,YE
Yangquan,37.8575,113.56333,731228,CN
Akure,7.25256,5.19312,730000,NG
São José dos Campos,-23.17944,-45.88694,729737,BR
Denver,39.73915,-104.9847,729019,US
Osasco,-23.5325,-46.79167,728615,BR
Álvaro Obregón,19.35867,-99.20329,726664,MX
Aihara,35.6,139.31667,725493,JP
Evaton,-26.53333,27.85,725468,ZA
Denpasar,-8.65,115.21667,725314,ID
Valenzuela,14.7,120.9667,725173,PH
Muzaffarābād,34.37002,73.47082,725000,PK
Okayama,34.65,133.93333,724691,JP
San Luis Potosí,22.15234,-100.97135,722772,MX
Aguascalientes,21.88262,-102.2843,722250,MX
General Santos,6.11278,125.17167,722059,PH
Zhumadian,32.97944,114.02944,721670,CN
Morādābād,28.83893,78.77684,721139,IN
Sagamihara,35.56707,139.24167,720780,JP
Mississauga,43.5789,-79.6583,717961,CA
Lviv,49.83826,24.02324,717273,UA
Namangan,40.9983,71.67257,713220,UZ
Ribeirão Preto,-21.1775,-47.81028,711825,BR
Zaporizhzhya,47.85167,35.11714,710052,UA
Zanzibar,-6.16394,39.19793,709809,TZ
Saltillo,25.42595,-100.97963,709671,MX
Latakia,35.53125,35.79088,709000,SY
Subang Jaya,3.04384,101.58062,708296,MY
Warangal,18,79.58333,704570,IN
Paranaque City,14.48156,121.01749,703245,PH
Tolyatti,53.5303,49.3461,702879,RU
Jaboatão,-8.18028,-35.00139,702621,BR
Santo Domingo Oeste,18.5,-70,701269,DO
Santo Domingo Este,18.48511,-69.84757,700000,DO
Dhārāvi,19.05,72.86667,700000,IN
Battagram,34.67719,73.02329,700000,PK
Suez,29.97371,32.52627,699541,EG
Changzhi,35.20889,111.73861,699514,CN
Agadir,30.42018,-9.59815,698310,MA
Edogawe,35.69225,139.87308,697932,JP
Sarajevo,43.84864,18.35644,696731,BA
Balikpapan,-1.26753,116.82887,695287,ID
Adachi,35.76318,139.80761,695043,JP
Changning,31.21739,121.42105,694900,CN
Bauchi,10.31032,9.84388,693700,NG
Shizuoka,34.98333,138.38333,693389,JP
Tunis,36.81897,10.16579,693210,TN
Zhangjiakou,40.78341,114.87139,692602,CN
Serang,-6.11528,106.15417,692101,ID
Washington,38.89511,-77.03637,689545,US
Nashville,36.16589,-86.78444,689447,US
Fuxin,42.01556,121.65889,689050,CN
Ta’if,21.27028,40.41583,688693,SA
Changsha,22.38124,112.68492,688242,CN
Huangshi,30.24706,115.04814,688090,CN
Liaoyang,41.27194,123.17306,687890,CN
Hlaingthaya,16.85,96.06667,687867,MM
Beira,-19.84361,34.83889,687764,MZ
Hongkou,31.25,121.48917,687500,CN
Sorocaba,-23.50167,-47.45806,687357,BR
Zaragoza,41.65606,-0.87734,686986,ES
Sevilla,37.38283,-5.97317,686741,ES
Baise,23.89013,106.62684,686078,CN
Situbondo,-7.70623,114.00976,685967,ID
Binzhou,37.36667,118.01667,682717,CN
Oklahoma City,35.46756,-97.51643,681054,US
Yuncheng,35.02306,110.99278,680036,CN
Dezhou,37.44661,116.36706,679535,CN
Dushanbe,38.53575,68.77905,679400,TJ
Cotonou,6.36536,2.41833,679012,BJ
El Paso,31.75872,-106.48693,678815,US
Gorakhpur,26.76628,83.36889,674246,IN
Guadalupe,25.67678,-100.25646,673616,MX
Wrocław,51.10286,17.03006,672545,PL
Guntur,16.29974,80.45729,670073,IN
Katsina,12.99082,7.60177,670000,NG
Sanmenxia,34.78081,111.19287,669307,CN
E’zhou,30.39607,114.88655,668727,CN
Madīnat an Naşr,30.06667,31.3,668413,EG
Tabuk,28.3998,36.57151,667000,SA
Kitwe,-12.80243,28.21323,665961,ZM
Bulawayo,-20.15,28.58333,665952,ZW
Mudanjiang,44.54804,129.62594,665915,CN
Aracaju,-10.91111,-37.07167,664908,BR
Athens,37.98376,23.72784,664046,GR
Zagreb,45.81444,15.97798,663592,HR
Leshan,29.56227,103.76386,662814,CN
Santo André,-23.66389,-46.53833,662373,BR
Vancouver,49.24966,-123.11934,662248,CA
Rizhao,35.41414,119.52908,661943,CN
Helsinki,60.16952,24.93545,658864,FI
Cheonan,36.8065,127.1522,658831,KR
Pontianak,-0.03194,109.325,658685,ID
Acapulco de Juárez,16.84942,-99.90891,658609,MX
Banjarmasin,-3.31987,114.59075,657663,ID
Puducherry,11.93381,79.82979,657209,IN
Suining,30.50802,105.57332,656760,CN
Brampton,43.68341,-79.76633,656480,CA
Puyang,35.75641,115.04363,655674,CN
Soacha,4.57937,-74.21682,655025,CO
Boston,42.35843,-71.05977,653833,US
Tlalnepantla,19.54005,-99.19538,653410,MX
Portland,45.52345,-122.67621,652503,US
Tlaquepaque,20.64121,-103.29342,650123,MX
Frankfurt am Main,50.11552,8.68417,650000,DE
Macau,22.20056,113.54611,649335,MO
Palermo,38.1166,13.3636,648260,IT
Izhevsk,56.85225,53.19862,648213,RU
Colombo,6.93548,79.84868,648034,LK
Maturín,9.74569,-63.18323,647459,VE
Amravati,20.93333,77.75,647057,IN
Detroit,42.33143,-83.04575,645705,US
Łódź,51.77058,19.47395,645693,PL
Osogbo,7.77104,4.55698,645000,NG
Honchō,35.70129,139.98648,644668,JP
Bikaner,28.01762,73.31495,644406,IN
Jaboatão dos Guararapes,-8.11278,-35.01472,644037,BR
Las Vegas,36.17497,-115.13722,641903,US
New South Memphis,35.08676,-90.05676,641608,US
Hwaseong-si,37.20682,126.8169,640890,KR
Gold Coast,-28.00029,153.43088,640778,AU
Jeonju,35.82194,127.14889,638421,KR
Chongming,31.61852,121.69621,637921,CN
Al Aḩmadī,29.07694,48.08389,637411,KW
Cuenca,-2.8953,-78.9963,636996,EC
Chisinau,47.00902,28.85938,635994,MD
Likasi,-10.98303,26.7384,635768,CD
Hebi,35.73231,114.28616,634721,CN
Tshikapa,-6.41621,20.79995,634529,CD
Kochi,9.93988,76.26022,633553,IN
Memphis,35.14953,-90.04898,633104,US
Jingmen,31.03361,112.20472,632954,CN
Barnaul,53.36199,83.72786,632372,RU
Dandong,40.12917,124.39472,631973,CN
Stuttgart,48.78232,9.17702,630305,DE
Bhilai,21.20919,81.4285,627734,IN
Ndola,-12.95867,28.63659,627503,ZM
Contagem,-19.93167,-44.05361,627123,BR
Ulyanovsk,54.32824,48.38657,626540,RU
Djibouti,11.58901,43.14503,626512,DJ
Glasgow,55.86515,-4.25763,626410,GB
Panshan,41.18806,122.04944,625040,CN
Louisville,38.25424,-85.75941,624444,US
Irkutsk,52.29566,104.29076,623869,RU
Ansan-si,37.32361,126.82194,623256,KR
Al Mansurah,31.03637,31.38069,621953,EG
Kermanshah,34.31417,47.065,621100,IR
Düsseldorf,51.22172,6.77616,620523,DE
Feira de Santana,-12.26667,-38.96667,619609,BR
Jiaozhou,36.28389,120.00333,619266,CN
Suizhou,31.71111,113.36306,618582,CN
Villa Nueva,14.52512,-90.58544,618397,GT
Khabarovsk,48.46204,135.0971,618150,RU
Cuiabá,-15.59611,-56.09667,618124,BR
Arusha,-3.36667,36.68333,617631,TZ
Las Piñas,14.45056,120.98278,615549,PH
Chizhou,30.66134,117.47783,615274,CN
Coyoacán,19.3467,-99.16174,614447,MX
Ya'an,29.98521,102.999,612056,CN
Cuttack,20.46497,85.87927,610189,IN
Borivli,19.23496,72.85976,609617,IN
Yaroslavl,57.62987,39.87368,608722,RU
Göteborg,57.70716,11.96679,608462,SE
Kawaguchi,35.80521,139.71072,607373,JP
Bukit Rahman Putra,3.21727,101.5608,607000,MY
Jambi City,-1.6,103.61667,606200,ID
Ha'il,27.52188,41.69073,605930,SA
Bhavnagar,21.76287,72.15331,605882,IN
Benoni,-26.18848,28.32078,605344,ZA
Vladivostok,43.10562,131.87353,604901,RU
Jinzhou,41.10778,121.14167,604269,CN
Tuxtla,16.75357,-93.11578,604147,MX
Kryvyy Rih,47.90572,33.39404,603904,UA
Sanming,26.24861,117.61861,602166,CN
Islamabad,33.72148,73.04329,601600,PK
Sāngli,16.85438,74.56417,601214,IN
Jamnagar,22.47292,70.06673,600943,IN
Lubango,-14.91717,13.4925,600751,AO
Pokhara,28.26689,83.96851,600051,NP
Shuangyashan,46.67686,131.13273,600000,CN
Borama,9.93611,43.18278,597842,SO
Pallabi,23.825,90.37,597574,BD
Luancheng,37.88452,114.64629,597130,CN
Makhachkala,42.97782,47.50027,596356,RU
Anyang-si,37.3925,126.92694,595644,KR
Huambo,-12.77611,15.73917,595304,AO
Samarkand,39.65456,66.96445,595200,UZ
Mengzi,23.36779,103.38212,595100,CN
Kagoshima,31.56667,130.55,595049,JP
Mukalla,14.54248,49.12424,594951,YE
Rasht,37.27611,49.58862,594590,IR
Mar del Plata,-38.00042,-57.5562,593337,AR
Essen,51.45657,7.01228,593085,DE
Al Maḩallah al Kubrá,30.97063,31.1669,592573,EG
Málaga,36.72016,-4.42034,591637,ES
Shekhupura,31.71287,73.98556,591424,PK
Yingkou,40.66472,122.23176,591159,CN
Cimahi,-6.87222,107.5425,590782,ID
Zhangzhou,24.51333,117.65556,589831,CN
Reynosa,26.08005,-98.28456,589466,MX
Thuận An,10.9239,106.71428,588616,VN
Dortmund,51.51494,7.466,588462,DE
Suginami,36.2013,140.28406,588354,JP
Londrina,-23.31028,-51.16278,588125,BR
Baltimore,39.29038,-76.61219,585708,US
Itabashi,35.74893,139.71497,584483,JP
New Kingston,18.00747,-76.78319,583958,JM
Pelentong,1.5243,103.824,583640,MY
Bucaramanga,7.125,-73.11895,581130,CO
Genoa,44.40478,8.94439,580097,IT
Hachiōji,35.65583,139.32389,579355,JP
Nha Trang,12.24507,109.19432,579000,VN
Malacca,2.196,102.2405,579000,MY
Khabarovsk Vtoroy,48.43787,135.12994,578303,RU
Kerman,30.28321,57.07879,577514,IR
Orūmīyeh,37.55274,45.07605,577307,IR
Bahçelievler,41.00231,28.8598,576799,TR
Tanta,30.78847,31.00192,576648,EG
Jammu,32.73528,74.86167,576198,IN
Iskandar Puteri,1.39324,103.62322,575977,MY
Calamba,14.21167,121.16528,575046,PH
Tlalpan,19.29513,-99.16206,574577,MX
Herāt,34.34817,62.19967,574300,AF
Gujrat,32.5742,74.07542,574240,PK
Tomsk,56.50049,84.98216,574002,RU
Juiz de Fora,-21.76417,-43.35028,573285,BR
Umraniye,41.01643,29.12476,573265,TR
Shihezi,44.3023,86.03694,572772,CN
South Boston,42.33343,-71.04949,571281,US
Nakuru,-0.30719,36.07225,570674,KE
Hamilton,43.25011,-79.84963,569353,CA
Irbid,32.55556,35.85,569068,JO
Manchester,53.48095,-2.23743,568996,GB
Kota Bharu,6.12361,102.24333,568900,MY
Surrey,49.10635,-122.82509,568322,CA
Meknes,33.89352,-5.54727,568295,MA
Puente Alto,-33.61169,-70.57577,568106,CL
Nyala,12.04888,24.88069,565734,SD
Orenburg,51.76712,55.09883,564773,RU
Albuquerque,35.08449,-106.65114,564559,US
Bokāro,23.66934,86.15161,564319,IN
Asmara,15.33805,38.93184,563930,ER
Sukkur,27.70323,68.85889,563851,PK
Uberlândia,-18.91861,-48.27722,563536,BR
Milwaukee,43.0389,-87.90647,563531,US
Chợ Lớn,10.75,106.65,561000,VN
Wenchang,19.55158,110.80279,560894,CN
Ile-Ife,7.4824,4.56032,560000,NG
Gombe,10.28969,11.16729,560000,NG
Hamhŭng,39.91833,127.53639,559056,KP
Kemerovo,55.35417,86.10435,558973,RU
Nasiriyah,31.05799,46.25726,558400,IQ
Bloemfontein,-29.12107,26.214,556637,ZA
Sheffield,53.38297,-1.4659,556500,GB
Dresden,51.05089,13.73832,556227,DE
Santiago de Cuba,20.02287,-75.82171,555865,CU
Siping,43.16143,124.37785,555609,CN
Cuautitlán Izcalli,19.64388,-99.21598,555163,MX
Benguela,-12.57674,13.40268,555124,AO
Chuxiong,25.03639,101.54556,555081,CN
Huaihua,27.56337,110.00404,552622,CN
Chiclayo,-6.77008,-79.85495,552508,PE
Bình Thạnh,10.811,106.706,552164,VN
Zahedan,29.4963,60.8629,551980,IR
Banqiao,25.01427,121.46719,551221,TW
Nanded,19.16023,77.31497,550564,IN
Kozhikode,11.24802,75.7804,550440,IN
Ulanqab,40.993,113.133,550231,CN
Pristina,42.67272,21.16688,550000,XK
Cabinda,-5.56198,12.19476,550000,AO
Ajegunle,6.45197,3.33115,550000,NG
Jiamusi,46.79711,130.31118,549549,CN
Korla,41.76055,86.15231,549324,CN
Kolhāpur,16.69563,74.23167,549236,IN
Porto Velho,-8.76194,-63.90389,548952,BR
San Miguel de Tucumán,-26.81601,-65.21051,548866,AR
Kuantan,3.8077,103.326,548014,MY
Sevastopol,44.60795,33.52134,547820,UA
Nellore,14.44992,79.98697,547621,IN
Mirpur Model Thana,23.80931,90.36093,546503,BD
Bremen,53.07582,8.80717,546501,DE
Wanning,18.79931,110.3841,545992,CN
Owerri,5.48363,7.03325,545000,NG
Kota Kuala Muda,5.58822,100.37085,544984,MY
Sungai Petani,5.647,100.48772,544851,MY
Xinzhou,38.40917,112.73333,544683,CN
Kotō,32.77856,130.74537,543730,JP
Kalaburagi,17.33583,76.83757,543147,IN
Tucson,32.22174,-110.92648,542629,US
Selayang Baru Utara,3.2549,101.6668,542409,MY
Vilnius,54.68916,25.2798,542366,LT
Ajmer,26.4521,74.63867,542321,IN
Pingdu,36.78444,119.94639,542234,CN
Fresno,36.74773,-119.77237,542107,US
Mbeya,-8.9,33.45,541603,TZ
Calabar,4.95893,8.32695,540000,NG
Oujda,34.68139,-1.90858,539711,MA
Novokuznetsk,53.75752,87.13599,539616,RU
Ryazan’,54.62696,39.70415,538962,RU
Ji’an,27.11716,114.97927,538699,CN
Sahiwal,30.66595,73.10186,538344,PK
Mersin,36.81196,34.63886,537842,TR
Leeds,53.79648,-1.54785,536280,GB
Poznań,52.40692,16.92993,536151,PL
Guli,28.88162,120.03308,536000,CN
Aqsu,41.18418,80.27921,535657,CN
Ebute Ikorodu,6.60086,3.48818,535619,NG
Tanggu,39.02111,117.64694,535298,CN
Pasir Gudang,1.462,103.9053,534659,MY
Astrakhan,46.34968,48.04076,533925,RU
Okara,30.81029,73.45155,533693,PK
Nansana,0.36389,32.52861,532800,UG
Kimhae,35.23417,128.88111,531966,KR
Ar Raqqah,35.95283,39.00788,531952,SY
Québec,46.81228,-71.21454,531902,CA
Cuauhtémoc,19.44506,-99.14612,531831,MX
Shangluo,33.86667,109.93056,531696,CN
Himeji,34.81667,134.7,530495,JP
Ibagué,4.43573,-75.20289,529635,CO
Antwerpen,51.22047,4.40026,529247,BE
Assiut,27.18096,31.18368,528669,EG
Hamadān,34.79922,48.51456,528256,IR
Qionghai,19.2425,110.46417,528238,CN
Cangzhou,38.31124,116.85334,527681,CN
Mohammadpur,24.89843,88.52844,527571,BD
Surakarta,-7.55611,110.83167,526870,ID
San Salvador,13.68935,-89.18718,525990,SV
Beihai,21.48349,109.11549,525329,CN
Van,38.49457,43.38323,525016,TR
Sacramento,38.58157,-121.4944,524943,US
Thủ Đức,10.84863,106.77209,524670,VN
Üsküdar,41.02274,29.01366,524452,TR
Penza,53.19568,45.01075,523553,RU
Mazār-e Sharīf,36.70904,67.11087,523300,AF
Kandahār,31.61332,65.71013,523300,AF
Hengshui,37.73908,115.68348,522147,CN
Dehradun,30.32443,78.03392,522081,IN
Erode,11.3428,77.72741,521891,IN
Lyon,45.74906,4.84789,520774,FR
Salta,-24.80645,-65.41999,520683,AR
Serra,-20.12861,-40.30778,520653,BR
Esenler,41.0435,28.87619,520235,TR
Qui Nhon,13.77648,109.22367,519208,VN
Al Fayyum,29.30995,30.8418,519047,EG
Durgapur,23.51583,87.30801,518872,IN
Utsunomiya,36.56667,139.88333,518757,JP
Victoria de Durango,24.02032,-104.65756,518709,MX
Lisbon,38.72509,-9.1498,517802,PT
Rahim Yar Khan,28.41987,70.30345,517000,PK
Ulhasnagar,19.21667,73.15,516584,IN
Guangyuan,32.44201,105.823,516424,CN
Loni,28.75143,77.29023,516082,IN
Siliguri,26.71004,88.42851,515574,IN
Nürnberg,49.45421,11.07752,515543,DE
Ujjain,23.18239,75.77643,515215,IN
Hannover,52.37052,9.73322,515140,DE
Edinburgh,55.95206,-3.19648,514990,GB
Āzādshahr,34.79049,48.57011,514102,IR
Macapá,0.03889,-51.06639,512902,BR
Xianning,29.84347,114.32201,512517,CN
Toulouse,43.60426,1.44367,511684,FR
Thembisa,-25.99636,28.2268,511655,ZA
Matsuyama,33.83916,132.76574,511192,JP
Campos dos Goytacazes,-21.75227,-41.33044,511168,BR
Bilimora,20.76957,72.96134,510879,IN
Kasur,31.11866,74.45025,510875,PK
Atlanta,33.749,-84.38798,510823,US
Aparecida de Goiânia,-16.82333,-49.24389,510770,BR
Heroica Matamoros,25.87972,-97.50417,510739,MX
Makati City,14.55027,121.03269,510383,PH
Buda,47.5,19.03333,510108,HU
Tonghua,41.71972,125.92639,510000,CN
Mianzhu  Deyang  Sichuan,31.33786,104.22057,510000,CN
Naberezhnyye Chelny,55.73718,52.41961,509870,RU
Lipetsk,52.5876,39.55151,509735,RU
Kikwit,-5.04098,18.81619,509367,CD
Florianópolis,-27.59667,-48.54917,508826,BR
Banan,29.37861,106.54,508703,CN
Newcastle,-32.92953,151.7801,508437,AU
Tuen Mun,22.39175,113.97157,507900,HK
Zhangye,38.93417,100.45167,507433,CN
Kirov,58.59809,49.65783,507155,RU
Kashgar,39.46718,75.98675,506640,CN
Mukim Pulai,1.53333,103.66667,505661,MY
Najrān,17.49326,44.12766,505652,SA
Karol Bāgh,28.65136,77.19072,505241,IN
Zhoukou,33.63333,114.63333,505171,CN
Leipzig,51.33962,12.37129,504971,DE
Pingliang,35.53917,106.68611,504848,CN
Huangpu,31.2378,121.4781,504700,CN
Kalininskiy,59.99675,30.3899,504641,RU
Duisburg,51.43247,6.76516,504358,DE
Āsansol,23.68333,86.98333,504271,IN
Arāk,34.09493,49.69809,503647,IR
Maipú,-33.51421,-70.7651,503635,CL
Homyel',52.4345,30.9754,501102,BY
Aktobe,50.27969,57.20718,500757,KZ
Kota Kinabalu,5.9749,116.0724,500421,MY
Talatona,-8.91783,13.18562,500000,AO
Kota Damansara,3.15454,101.58022,500000,MY
Kampung Larkin Lama,1.5024,103.744,500000,MY
Mangaluru,12.91723,74.85603,499487,IN
Zhucheng,35.99472,119.3975,499285,CN
Santa Marta,11.23855,-74.19427,499192,CO
Matsudo,35.77995,139.90144,498575,JP
Hāthazāri,22.50515,91.81339,498179,BD
Lapu-Lapu City,10.31028,123.94944,497813,PH
Karagandy,49.80187,73.10211,497777,KZ
Loudi,27.73444,111.99444,497171,CN
Liverpool,53.41058,-2.97794,496770,GB
Ichikawa,35.73413,139.9065,496676,JP
Bāndarban,22.19534,92.21946,495272,BD
Sha Tin,22.38333,114.18333,495200,HK
Dera Ghazi Khan,30.04587,70.64029,494464,PK
Higashiosaka,34.66667,135.58333,493940,JP
Cheboksary,56.13218,47.246,492331,RU
Pohang,36.02917,129.36481,492041,KR
Shanwei,22.78199,115.3475,491766,CN
Montería,8.75081,-75.87823,490935,CO
Ruiru,-1.14665,36.96087,490120,KE
Valledupar,10.46538,-73.2531,490075,CO
Belagavi,15.85212,74.50447,490045,IN
Ajman,25.40177,55.47878,490035,AE
Jianshui,24.2774,101.224,490000,CN
Port Sudan,19.61745,37.21644,489725,SD
Toluca,19.28786,-99.65324,489333,MX
Ciudad López Mateos,19.55793,-99.25675,489160,MX
Al Khuşūş,30.15293,31.31501,488904,EG
Jeju City,33.50972,126.52194,488844,KR
Gdańsk,54.35227,18.64912,487371,PL
Miami,25.77427,-80.19366,487014,US
Omaha,41.25626,-95.94043,486051,US
Nishinomiya,34.71562,135.33199,485587,JP
Masina,-4.38361,15.39139,485167,CD
Sahāranpur,29.9679,77.54522,484873,IN
Vellore,12.9184,79.13255,484690,IN
Piura,-5.18192,-80.65715,484475,PE
Kurashiki,34.58333,133.76667,483576,JP
Angeles City,15.15,120.58333,483452,PH
Bhātpāra,22.86643,88.40113,483129,IN
Jijiga,9.35,42.8,483000,ET
Tula,54.19609,37.61822,482873,RU
Najaf,32.02594,44.34625,482576,IQ
Raleigh,35.7721,-78.63861,482295,US
Imus,14.42972,120.93667,481949,PH
Xichang,27.89642,102.26341,481796,CN
Malegaon,20.54966,74.53462,481228,IN
São José do Rio Preto,-20.81972,-49.37944,480393,BR
Okene,7.55122,6.23589,479178,NG
Uijeongbu-si,37.7415,127.0474,479141,KR
Bristol,51.45523,-2.59665,479024,GB
East London,-33.01529,27.91162,478676,ZA
Chéngguān Qū,29.63842,91.04441,478275,CN
Yazd,31.89722,54.3675,477905,IR
Hargeysa,9.56,44.065,477876,SO
Ōita,33.23333,131.6,477715,JP
Mauá,-23.66778,-46.46139,477552,BR
Jincheng,35.50222,112.83278,476945,CN
Taoyuan,24.9896,121.3187,475798,TW
Eldoret,0.52036,35.26993,475716,KE
Kansas City,39.09973,-94.57857,475378,US
Yan’an,36.59889,109.49167,475234,CN
Kaliningrad,54.70639,20.51102,475056,RU
Skopje,41.99646,21.43141,474889,MK
Vereeniging,-26.67313,27.92615,474681,ZA
The Hague,52.07667,4.29861,474292,NL
Long Beach,33.76696,-118.18923,474140,US
Gaya,24.79686,85.00385,474093,IN
Iloilo,10.69694,122.56444,473728,PH
Shouguang,36.88,118.7375,473620,CN
Jingdezhen,29.2947,117.20789,473561,CN
Murcia,37.98704,-1.13004,471982,ES
Mesa,33.42227,-111.82264,471825,US
Halifax,44.64269,-63.57688,471559,CA
Morogoro,-6.82102,37.66122,471409,TZ
Marikina City,14.6481,121.1133,471323,PH
Kenitra,34.26101,-6.5802,470949,MA
Seeb,23.67027,58.18911,470878,OM
Jiaojiang,28.69844,121.47331,470804,CN
Mykolayiv,46.97625,31.99296,470011,UA
Fukuyama,34.48333,133.36667,468812,JP
Staten Island,40.56233,-74.13986,468730,US
Nanping,26.645,118.17361,467875,CN
Pereira,4.81428,-75.69488,467269,CO
Ciudad Apodaca,25.78195,-100.18839,467157,MX
São João de Meriti,-22.80389,-43.37222,466536,BR
Ambattur,13.09818,80.16152,466205,IN
Belford Roxo,-22.76417,-43.39944,466096,BR
Kanazawa,36.6,136.61667,466029,JP
Gonder,12.6,37.46667,466000,ET
Mandaluyong City,14.5832,121.0409,465902,PH
Mixco,14.63077,-90.60711,465773,GT
Longshan,42.88545,125.1367,465249,CN
Ikare,7.52591,5.75342,465000,NG
Vũng Tàu,10.34599,107.08426,464860,VN
Maracay,10.24972,-67.59475,464700,VE
Tamale,9.40079,-0.8393,464316,GH
Heyuan,23.73333,114.68333,463907,CN
Dĩ An,10.90682,106.7694,463023,VN
Kira,0.4,32.63333,462900,UG
Esna,25.29336,32.55402,462787,EG
Joinville,-26.30444,-48.84556,461304,BR
Huangshan,29.71139,118.3125,460786,CN
Ḩamāh,35.13179,36.75783,460602,SY
Jalgaon,21.00292,75.56602,460228,IN
Kurnool,15.82887,78.03602,460184,IN
Yola,9.20839,12.48146,460000,NG
Rạch Giá,10.01245,105.08091,459860,VN
Amagasaki,34.71667,135.41667,459593,JP
Santo Domingo de los Colorados,-0.25368,-79.17628,458580,EC
Ţarţūs,34.88902,35.88659,458327,SY
Karabağlar,38.382,27.132,458000,TR
Mek'ele,13.49667,39.47528,457900,ET
Nazrēt,8.55,39.26667,456900,ET
Colorado Springs,38.83388,-104.82136,456568,US
Niterói,-22.88333,-43.10361,456456,BR
Huancayo,-12.06866,-75.21027,456250,PE
Al Hillah,32.46367,44.41963,455700,IQ
Mbandaka,0.04865,18.26034,455011,CD
Namp’o,38.7375,125.40778,455000,KP
Malanje,-9.54015,16.34096,455000,AO
Ciudad General Escobedo,25.79698,-100.31791,454967,MX
Bacolod City,10.66667,122.95,454898,PH
Virginia Beach,36.85293,-75.97799,454808,US
Wafangdian,39.61833,122.00806,454338,CN
Mansilingan,10.63111,122.97889,454150,PH
Kahama,-3.83333,32.6,453654,TZ
Hsinchu,24.80361,120.96861,453536,TW
Katsushika,35.73333,139.85,453093,JP
Rāmgundam,18.80084,79.45206,452261,IN
Batman,37.88738,41.13221,452157,TR
Manado,1.48218,124.84892,451916,ID
Lishui,28.46042,119.91029,451418,CN
Udaipur,24.58584,73.71346,451100,IN
Warder,6.97444,45.34083,450400,ET
Cilegon,-6.0144,106.0542,450271,ID
Wenshan City,23.36306,104.25047,450000,CN
Muratpaşa,36.89157,30.76498,450000,TR
Juba,4.85165,31.58247,450000,SS
Eslamshahr,35.55222,51.23504,450000,IR
Bắc Giang,21.27307,106.1946,450000,VN
Şanlıurfa,37.16708,38.79392,449549,TR
Chengde,40.9519,117.95883,449325,CN
Kursk,51.72689,36.18457,448733,RU
Maheshtala,22.50862,88.25322,448317,IN
Nam Định,20.43389,106.17729,448225,VN
Constantine,36.365,6.61472,448028,DZ
Patiāla,30.33625,76.3922,446246,IN
Boksburg,-26.21197,28.25958,445168,ZA
Basuo,19.10267,108.66565,444458,CN
Ensenada,31.87149,-116.60071,443807,MX
Elazığ,38.67431,39.22321,443363,TR
Jundiaí,-23.18639,-46.88417,443221,BR
Kupang,-10.17083,123.60694,442758,ID
Xochimilco,19.25465,-99.10356,442178,MX
Carrefour,18.54114,-72.39922,442156,HT
Shyamnagar,22.83333,88.36667,441956,IN
Dasmariñas,14.32944,120.93667,441876,PH
Zhangjiajie,29.12944,110.47833,441804,CN
Korhogo,9.45803,-5.62961,440926,CI
Fujisawa,35.34926,139.47666,439728,JP
Bissau,11.86357,-15.59767,439704,GW
Sandakan,5.8402,118.1179,439050,MY
Mawlamyine,16.49051,97.62825,438861,MM
Laval,45.56995,-73.692,438366,CA
Palma,39.56939,2.65024,438234,ES
Sunch’ŏn,39.43167,125.93278,437000,KP
Sultangazi,41.10652,28.86847,436935,TR
Uyo,5.05127,7.9335,436606,NG
Bei’an,48.26667,126.6,436444,CN
Davangere,14.46693,75.92694,435128,IN
Ado-Ekiti,7.62329,5.22087,435000,NG
Manizales,5.0668,-75.50684,434403,CO
Masan,35.12725,126.83149,434371,KR
Buôn Ma Thuột,12.66747,108.03775,434256,VN
Ananindeua,-1.36556,-48.37222,433956,BR
Stavropol,45.03442,41.9642,433931,RU
Santos,-23.96083,-46.33361,433656,BR
Kashiwa,35.86224,139.97732,433436,JP
Ogbomoso,8.13373,4.24014,433030,NG
Tel Aviv,32.08088,34.78057,432892,IL
Goma,-1.67409,29.22845,432587,CD
Buenaventura,3.58333,-77,432385,CO
Welkom,-27.97742,26.73506,431944,ZA
Sham Shui Po,22.33023,114.15945,431090,HK
Machida,35.54028,139.45083,431079,JP
Venustiano Carranza,19.44361,-99.10499,430978,MX
Zagazig,30.58768,31.502,430445,EG
Vinnytsya,49.2322,28.46871,430091,UA
Mataram,-8.58333,116.11667,429651,ID
Ismailia,30.60427,32.27225,429465,EG
Ningde,26.66167,119.52278,429260,CN
Akola,20.70957,76.9981,428857,IN
Cusco,-13.53188,-71.96701,428450,PE
Jiuquan,39.74318,98.51736,428346,CN
Veracruz,19.18095,-96.1429,428323,MX
East Jerusalem,31.78336,35.23388,428304,PS
Bryansk,53.27096,34.32143,427236,RU
Maltepe,40.93567,29.15507,427040,TR
Kuala Terengganu,5.3302,103.1408,426500,MY
Toyota,35.08333,137.15,426162,JP
Matadi,-5.83861,13.46306,425662,CD
Al Kharj,24.15541,47.33457,425300,SA
Wong Tai Sin,22.35,114.18333,425235,HK
Minna,9.61524,6.54776,425000,NG
Mandaluyong,14.57837,121.03522,425000,PH
Xalapa de Enríquez,19.53124,-96.91589,424755,MX
Cazenga,-8.82488,13.31318,424528,AO
Rajpur Sonarpur,22.4382,88.43205,424368,IN
Bratislava,48.14816,17.10674,423737,SK
Taman Petaling,3.19916,101.64983,423062,MY
Shinagawa,33.63627,133.00572,422488,JP
Al Ḩasakah,36.50237,40.74772,422445,SY
Luxor,25.69893,32.6421,422407,EG
London,42.98339,-81.23304,422324,CA
Awasa,7.06205,38.47635,422200,ET
Chimoio,-19.11639,33.48333,422046,MZ
Tando Allahyar,25.4605,68.71745,421923,PK
Daloa,6.87735,-6.45022,421871,CI
Dingxi,35.57088,104.62303,420614,CN
Bamenda,5.9597,10.14597,420445,CM
Tver,56.85836,35.90057,420065,RU
Thái Nguyên,21.59422,105.84817,420000,VN
Boa Vista,2.81972,-60.67333,419652,BR
Rio Branco,-9.97472,-67.81,419452,BR
Oakland,37.80437,-122.2708,419267,US
Korba,22.3458,82.69633,419146,IN
Takamatsu,34.33333,134.05,418994,JP
Kowloon City,22.33047,114.19222,418732,HK
Tirana,41.32744,19.81866,418495,AL
San Juan,18.46633,-66.10572,418140,PR
Alor Setar,6.12104,100.36014,417800,MY
Tongchuan,34.8988,108.95056,417740,CN
Pasay,14.53748,121.00144,416522,PH
Nuevo Laredo,27.47629,-99.51639,416055,MX
Toyama,36.7,137.21667,415844,JP
Tétouan,35.57845,-5.36837,415810,MA
Zürich,47.36667,8.55,415367,CH
Việt Trì,21.32274,105.40198,415280,VN
Azcapotzalco,19.48698,-99.18594,414711,MX
Tampa,27.94752,-82.45843,414547,US
Montes Claros,-16.735,-43.86167,414240,BR
Bunamwaya,0.25344,32.55723,413400,UG
Magnitogorsk,53.39808,59.0066,413351,RU
Tulsa,36.15398,-95.99277,413066,US
Jhānsi,25.45887,78.57994,412927,IN
Tseung Kwan O,22.32789,114.24992,412900,HK
Ciudad Bolívar,8.12366,-63.54694,412619,VE
Kampung Kangkar Teberau,1.532,103.7549,412373,MY
Koumassi,5.29716,-3.96753,412282,CI
San Nicolás de los Garza,25.74167,-100.30222,412199,MX
Christchurch,-43.53333,172.63333,412000,NZ
Guyuan,36.00667,106.28083,411854,CN
Wandsbek,53.58334,10.08305,411422,DE
Minneapolis,44.97997,-93.26384,410939,US
Thoothukudi,8.76735,78.13425,410760,IN
Ardabīl,38.2498,48.2933,410753,IR
Ballari,15.14205,76.92398,410445,IN
Chaoyang,41.57028,120.45861,410005,CN
Gaza,31.50161,34.46672,410000,PS
Yokosuka,35.28361,139.66722,409478,JP
Kom Ombo,24.47669,32.94626,409311,EG
Nagasaki,32.75,129.88333,409118,JP
Gujangbagh,37.10927,79.93433,408894,CN
Tonalá,20.62263,-103.24168,408759,MX
Panamá,8.9936,-79.51973,408168,PA
Piracicaba,-22.72528,-47.64917,407252,BR
Uvira,-3.39534,29.13779,407092,CD
Hirakata,34.81352,135.64914,406331,JP
Ivanovo,56.99988,40.97257,406113,RU
Cumaná,10.4639,-64.17859,405626,VE
Newcastle,-27.75796,29.9318,404838,ZA
Gumi,36.1136,128.336,404691,KR
Jayapura,-2.53371,140.71813,404004,ID
Jixi,45.29322,130.96217,403759,CN
Kuching,1.55,110.33333,402738,MY
Gifu,35.42291,136.76039,402557,JP
Caruaru,-8.28333,-35.97611,402290,BR
Tongling,30.95,117.78333,402062,CN
Taoyuan City,24.99368,121.29696,402014,TW
Tarlac City,15.48017,120.59794,401892,PH
Toyonaka,34.78244,135.46932,401558,JP
Kassala,15.45099,36.39998,401477,SD
Miyazaki,31.91667,131.41667,401339,JP
Lekki,6.41222,4.0947,401272,NG
Antofagasta,-23.65094,-70.39752,401096,CL
Wah Cantt,33.77094,72.75116,400733,PK
Bhāgalpur,25.24446,86.97183,400146,IN
Agartala,23.83605,91.27939,400004,IN
West Jerusalem,31.78199,35.21961,400000,IL
Saltivka,50.02207,36.34901,400000,UA
Dayrah,25.27143,55.30207,400000,AE
Bida,9.08044,6.0099,400000,NG
Bunia,1.55941,30.25224,399282,CD
Antakya,36.20655,36.15722,399045,TR
Quận Mười,10.76823,106.66632,399000,VN
Kisumu,-0.10221,34.76171,397957,KE
Luhansk,48.56814,39.30553,397677,UA
Barinas,8.62064,-70.23105,397279,VE
Wichita,37.69224,-97.33754,396119,US
Al Hoceïma,35.25165,-3.93723,395644,MA
Szczecin,53.42894,14.55302,395513,PL
Vila Velha,-20.32972,-40.2925,394930,BR
Bologna,44.49381,11.33875,394843,IT
Sejong,36.59245,127.29223,394630,KR
Samsun,41.27976,36.3361,394050,TR
Tallinn,59.43696,24.75353,394024,EE
Tanga,-5.06893,39.09875,393429,TZ
El Obeid,13.18421,30.21669,393311,SD
Diadema,-23.68611,-46.62278,393237,BR
Saurimo,-9.66078,20.39155,393000,AO
Bello,6.33732,-75.55795,392939,CO
Pasto,1.21456,-77.27846,392930,CO
Gaomi,36.38333,119.75278,391986,CN
Santa Fe,-31.64881,-60.70868,391164,AR
San-Pédro,4.74851,-6.6363,390654,CI
Makurdi,7.73375,8.52139,390000,NG
Takoradi,4.89816,-1.76029,389114,GH
Samut Prakan,13.5976,100.5972,388920,TH
Arlington,32.73569,-97.10807,388125,US
Khamis Mushait,18.3,42.73333,387553,SA
Ambato,-1.24908,-78.61675,387309,EC
Carapicuíba,-23.52272,-46.835,386984,BR
Petrolina,-9.39861,-40.50083,386791,BR
Ojo de Agua,19.68028,-99.01,386290,MX
Windhoek,-22.55941,17.08323,386219,NA
Abomey-Calavi,6.44852,2.35566,385755,BJ
Bochum,51.48165,7.21648,385729,DE
Suita,34.76143,135.51567,385567,JP
Sector 3,44.4234,26.16874,385439,RO
Benito Juárez,19.3727,-99.1564,385439,MX
Kahramanmaraş,37.5847,36.92641,384953,TR
Chongzuo,22.38161,107.3683,384905,CN
Grajaú,-23.76979,-46.67112,384873,BR
Okazaki,34.95,137.16667,384654,JP
Xico,19.27032,-98.95088,384327,MX
Iztacalco,19.39528,-99.09778,384326,MX
Kākināda,16.96036,82.23809,384182,IN
Betim,-19.96778,-44.19833,384000,BR
Las Palmas de Gran Canaria,28.10178,-15.41573,383516,ES
Cotabato,7.22361,124.24639,383383,PH
Bawshar,23.57769,58.39982,383257,OM
Latur,18.39721,76.56784,382940,IN
Delmas,18.54478,-72.30036,382920,HT
Tanzhou,22.25503,113.46692,382445,CN
Wellington,-41.28664,174.77557,381900,NZ
Mazatlán,23.22163,-106.41885,381583,MX
Caxias do Sul,-29.16806,-51.17944,381270,BR
Nizhny Tagil,57.91944,59.965,381116,RU
Irapuato,20.67675,-101.35628,380941,MX
Ichinomiya,35.3,136.8,380073,JP
Aswān,24.09082,32.89942,379774,EG
Brno,49.19522,16.60796,379466,CZ
Bauru,-22.31472,-49.06056,379297,BR
Iaşi,47.16667,27.6,378954,RO
Krugersdorp,-26.08577,27.77515,378821,ZA
Pānihāti,22.69089,88.37404,378705,IN
Shibganj,25.00146,89.32266,378701,BD
Iquitos,-3.74814,-73.2529,377609,PE
Toyohashi,34.76667,137.38333,377453,JP
Hechuan,29.99228,106.26461,377213,CN
Utrecht,52.09083,5.12222,376435,NL
Rajamahendravaram,17.00517,81.77784,376333,IN
Dhule,20.9013,74.77737,375559,IN
Minato,34.2152,135.1501,375339,JP
Puchong,3,101.61667,375181,MY
Ondo,7.09316,4.83528,375000,NG
Rohtak,28.89447,76.58917,374292,IN
Rustenburg,-25.66756,27.24208,373695,ZA
Bakersfield,35.37329,-119.01871,373640,US
Bengkulu,-3.80044,102.26554,373591,ID
Yogyakarta,-7.80139,110.36472,373589,ID
Xuanhua,40.61205,115.06463,373422,CN
Emalahleni,-25.87133,29.23323,373403,ZA
Bafoussam,5.47775,10.41759,373268,CM
Palu,-0.90833,119.87083,373218,ID
Thủ Dầu Một,10.9804,106.6519,373105,VN
Takasaki,36.33333,139.01667,372973,JP
Seremban,2.7297,101.9381,372917,MY
Miguel Hidalgo,19.43411,-99.20024,372889,MX
Nagano,36.65,138.18333,372760,JP
Tawau,4.24482,117.89115,372615,MY
Cardiff,51.48,-3.18,372089,GB
Đống Đa,21.013,105.825,371606,VN
Chitungwiza,-18.01274,31.07555,371246,ZW
Abadan,30.3392,48.3043,370180,IR
Umuahia,5.52491,7.49461,370000,NG
Puerto La Cruz,10.21382,-64.6328,370000,VE
Ingombota,-8.81806,13.22889,370000,AO
Fenghuang,27.93557,109.59961,370000,CN
Uşak,38.67351,29.4058,369433,TR
Bharatpur,27.68027,84.43647,369377,NP
Itaquaquecetuba,-23.48611,-46.34833,369275,BR
Natore,24.41112,88.98673,369138,BD
6th of October City,29.81667,31.05,368650,EG
Leicester,52.6386,-1.13169,368600,GB
Desna,50.52207,30.68228,368500,UA
Sector 6,44.43579,26.01649,367760,RO
Canberra,-35.28346,149.12807,367752,AU
Nara-shi,34.68505,135.80485,367353,JP
Florence,43.77925,11.24626,367150,IT
Ahilyanagar,19.09457,74.73843,367140,IN
Kollam,8.88113,76.58469,367107,IN
Huanggang,30.45143,114.87035,366769,CN
Olinda,-8.00889,-34.85528,366754,BR
Bradford,53.79391,-1.75206,366187,GB
Bilāspur,22.08005,82.15543,365579,IN
Malabon,14.67333,120.93972,365525,PH
Cleveland,41.4995,-81.69541,365379,US
Iseyin,7.97022,3.59626,365300,NG
Yenagoa,4.92675,6.26764,365000,NG
Gboko,7.32275,9.00108,365000,NG
Etobicoke,43.64415,-79.56985,365000,CA
Pyeongtaek,36.99472,127.08889,364694,KR
Petare,10.47679,-66.80786,364684,VE
Bến Cát,11.15,106.6,364578,VN
Anqiu,36.43417,119.1925,364208,CN
Alanya,36.54375,31.99982,364180,TR
Larkana,27.55898,68.21204,364033,PK
Al Qadarif,14.03493,35.38344,363945,SD
Cibinong,-6.48167,106.85417,363424,ID
Nawabshah,26.23939,68.40369,363138,PK
New Orleans,29.95465,-90.07507,362701,US
Keelung,25.13089,121.74094,362487,TW
Malmö,55.60587,13.00073,362133,SE
Jizhou,37.55054,115.56871,362013,CN
Manukau City,-36.99282,174.87986,362000,NZ
Blumenau,-26.91944,-49.06611,361855,BR
Maradi,13.5,7.10174,361702,NE
Ataşehir,40.9833,29.1167,361615,TR
Nanqiao,30.91611,121.44944,361185,CN
Hrodna,53.6758,23.82887,361115,BY
Wuppertal,51.25627,7.14816,360797,DE
Sukabumi,-6.91806,106.92667,360644,ID
Ulan-Ude,51.82648,107.59979,360278,RU
Ijebu Ode,6.81944,3.91731,360000,NG
Huocheng,44.05305,80.87173,360000,CN
Maseru,-29.31667,27.48333,359753,LS
Bhilwara,25.34707,74.64081,359483,IN
Aurora,39.72943,-104.83192,359407,US
Sumqayıt,40.58972,49.66861,358675,AZ
Franca,-20.53861,-47.40083,358539,BR
Vitebsk,55.1904,30.2049,358395,BY
Taraz,42.89799,71.37334,358153,KZ
Yangsan,35.34199,129.03358,358074,KR
Lobito,-12.3644,13.53601,357950,AO
Dniprovskyi,50.45366,30.60146,357900,UA
San Jose del Monte,14.81389,121.04528,357828,PH
Gwangmyeong,37.47722,126.86639,357545,KR
Zanjan,36.67642,48.49628,357471,IR
Neiva,2.93001,-75.27973,357392,CO
Iwaki,37.05,140.88333,357309,JP
Vladimir,56.13854,40.39976,357024,RU
Tete,-16.15639,33.58667,357000,MZ
Bacoor,14.45896,120.93851,356974,PH
Wakayama,34.23333,135.16667,356729,JP
Brahmapur,19.31151,84.7929,356598,IN
Fengshan,22.62659,120.36126,356463,TW
Caucaia,-3.73611,-38.65306,355679,BR
Misratah,32.37535,15.09254,355657,LY
Cuíto,-12.38333,16.93333,355423,AO
Benito Juarez,19.3984,-99.15766,355017,MX
Kyzylorda,44.85278,65.50917,354800,KZ
Kawagoe,35.90861,139.48528,354571,JP
Takatsuki,34.84833,135.61678,354468,JP
Muzaffarpur,26.12259,85.39055,354462,IN
Tapachula,14.90541,-92.25891,353706,MX
Lhoka,29.24301,91.77239,353700,CN
Villahermosa,17.98625,-92.93928,353577,MX
Cariacica,-20.26389,-40.42,353491,BR
Setapak,3.207,101.727,353268,MY
Mahilyow,53.90876,30.34044,353110,BY
Bandar Abbas,27.1865,56.2808,352173,IR
Pravyi Bereh,47.11498,37.58519,352088,UA
Yunusobod,41.37139,69.27944,352000,UZ
Ras Al Khaimah,25.78953,55.9432,351943,AE
Cabimas,10.39907,-71.45206,351736,VE
Honolulu,21.30694,-157.85833,350964,US
Anaheim,33.83529,-117.9145,350742,US
Tarsus,36.91766,34.89277,350732,TR
Punāsa,22.23507,76.39335,350000,IN
Pengze,29.89885,116.54572,350000,CN
Diepsloot,-25.93312,28.01213,350000,ZA
Bahir Dar,11.59364,37.39077,350000,ET
Al Maḩmūdīyah,33.06221,44.36564,350000,IQ
Xilinhot,43.93889,116.07021,349953,CN
Praia Grande,-24.00583,-46.40278,349935,BR
Quelimane,-17.87861,36.88833,349842,MZ
Arkhangel’sk,64.5461,40.55183,349742,RU
Muzaffarnagar,29.47091,77.70332,349706,IN
Hulunbuir,49.21141,119.75582,349400,CN
Shinjuku,35.69115,139.70854,349385,JP
Sikasso,11.31755,-5.66654,349324,ML
Sanandaj,35.31495,46.99883,349176,IR
Chita,52.04311,113.49171,349005,RU
San Pedro,14.3595,121.0473,348968,PH
Campina Grande,-7.23056,-35.88111,348936,BR
Alicante,38.34517,-0.48149,348901,ES
Bimbo,4.25671,18.41583,348802,CF
Kalemyo,23.19014,94.06405,348573,MM
Belfast,54.59682,-5.92541,348005,GB
Long Bien,21.03333,105.9,347829,VN
Camagüey,21.38083,-77.91694,347562,CU
Daye,30.08333,114.95,347406,CN
Bilbao,43.26271,-2.92528,347342,ES
Ambon,-3.69583,128.18333,347288,ID
Chifeng,42.26833,118.96361,346654,CN
Central Coast,-33.42979,151.37144,346596,AU
Sunshine Coast,-26.65682,153.07955,346522,AU
Corrientes,-27.46784,-58.8344,346334,AR
Hŭngnam,39.84198,127.63206,346082,KP
Avadi,13.1147,80.10981,345996,IN
Astana,51.1801,71.44598,345604,KZ
Yunlong,34.25281,117.25167,345393,CN
Koshigaya,35.89035,139.78916,345353,JP
Coventry,52.40656,-1.51217,345324,GB
Belgorod,50.60343,36.58091,345289,RU
Toamasina,-18.1492,49.40234,345107,MG
Kendari,-3.9778,122.51507,345107,ID
Logan City,-27.63917,153.10944,345098,AU
Ōtsu,35,135.86667,345070,JP
Kosti,13.1629,32.66347,345068,SD
Qitaihe,45.768,130.9953,345033,CN
Doha,25.28545,51.53096,344939,QA
Kadapa,14.47995,78.82346,344893,IN
Nakano,35.70449,139.66946,344880,JP
Turmero,10.22856,-67.47421,344700,VE
Brest,52.10894,23.71749,344470,BY
Tokorozawa,35.79916,139.46903,344194,JP
Cabanatuan City,15.48586,120.96648,343672,PH
Pizhou,34.31139,117.95028,343421,CN
Darnytsya,50.41596,30.69534,343384,UA
Dire Dawa,9.59306,41.86611,343000,ET
Annaba,36.9,7.76667,342703,DZ
Nice,43.70313,7.26608,342669,FR
Iligan,8.2289,124.24344,342618,PH
Soledad,10.91843,-74.76459,342556,CO
Temara,33.92866,-6.90656,342345,MA
Shiqi,22.51682,113.38521,342306,CN
Paulista,-7.94083,-34.87306,342167,BR
Obalende,6.44694,3.41528,342000,NG
Cirebon,-6.7063,108.557,341980,ID
Kukatpally,17.48486,78.41376,341709,IN
Laixi,36.85917,120.52694,341470,CN
Jhang Sadr,31.26981,72.31687,341210,PK
Dihok,36.86608,42.9879,340900,IQ
Kaluga,54.53063,36.27,340851,RU
Bắc Từ Liêm,21.06532,105.74661,340605,VN
Svyatoshyn,50.46341,30.34612,340399,UA
Celaya,20.52353,-100.8157,340387,MX
Serekunda,13.43833,-16.67806,340000,GM
Kafrul,23.78822,90.37359,339734,BD
Karşıyaka,38.45772,27.1142,339624,TR
Ḩadā’iq al Qubbah,30.08843,31.28351,339612,EG
Makiyivka,48.04782,37.92576,338968,UA
West Raleigh,35.78682,-78.66389,338759,US
Cuernavaca,18.9261,-99.23075,338650,MX
Markham,43.86682,-79.2663,338503,CA
Kaesŏng,37.97083,126.55444,338155,KP
Uberaba,-19.74833,-47.93194,337836,BR
Tungi,23.89154,90.40232,337579,BD
Krasnogvargeisky,59.97305,30.47607,337091,RU
Randburg,-26.0941,28.00123,337053,ZA
Safi,32.29939,-9.23718,336883,MA
Simferopol,44.95719,34.11079,336460,UA
Lublin,51.25058,22.57009,336339,PL
Ganja,40.68157,46.36134,335600,AZ
San José,9.93388,-84.08489,335007,CR
Orlando,28.53834,-81.37924,334854,US
Viña del Mar,-33.02457,-71.55183,334248,CL
Tieling,42.29306,123.84139,333907,CN
Qazvin,36.26877,50.0041,333635,IR
Asahikawa,43.77063,142.36489,333530,JP
Kāmārhāti,22.67111,88.37472,332965,IN
Tepic,21.50733,-104.89332,332863,MX
Wŏnju,37.35139,127.94528,332849,KR
Wad Medani,14.40118,33.51989,332714,SD
Quận Mười Một,10.76383,106.64355,332536,VN
Nukus,42.45861,59.60576,332500,UZ
Konak,38.4,27.1,332277,TR
Maebashi,36.4,139.08333,332149,JP
Kita,35.75264,139.73348,332140,JP
Ciudad Victoria,23.74061,-99.14364,332100,MX
Soledad de Graciano Sánchez,22.18912,-100.93792,332072,MX
Kochi,33.55,133.53333,332059,JP
Bielefeld,52.03333,8.53333,331906,DE
Dumai,1.66711,101.44316,331832,ID
Blida,36.47004,2.8277,331779,DZ
Kwai Chung,22.36828,114.13877,331600,HK
Mandaue City,10.32361,123.92222,331320,PH
Khorramshahr,30.44079,48.18428,330606,IR
Bonn,50.73438,7.09549,330579,DE
Mathura,27.5035,77.67215,330511,IN
Hechi,24.69285,108.08376,330131,CN
Bydgoszcz,53.1235,18.00762,330038,PL
Smolensk,54.77826,32.05088,330025,RU
Oral,51.24601,51.42558,330000,KZ
São Vicente,-23.96306,-46.39194,329911,BR
Khorramabad,33.48778,48.35583,329825,IR
Ribeirão das Neves,-19.76694,-44.08667,329794,BR
Soyapango,13.71024,-89.13989,329708,SV
Tongshan,34.18045,117.15707,329661,CN
Guédiawaye,14.77446,-17.40212,329659,SN
São José dos Pinhais,-25.5302,-49.20836,329628,BR
Plovdiv,42.15387,24.75001,329489,BG
Ciudad Obregón,27.48642,-109.94079,329404,MX
Wŏnsan,39.15278,127.44361,329207,KP
Brent,51.55306,-0.3023,329100,GB
Pavlodar,52.27601,76.96881,329002,KZ
Chānda,19.95076,79.29523,328351,IN
Canoas,-29.91778,-51.18361,328291,BR
Kōriyama,37.4,140.38333,327692,JP
Sochi,43.59699,39.72477,327608,RU
Aksaray,38.37255,34.02537,327575,TR
Vijayapura,16.82442,75.71537,327427,IN
Chipata,-13.63333,32.65,327059,ZM
Chongjin,41.79556,129.77583,327000,KP
Yanji,42.88825,129.50241,326957,CN
Roodepoort,-26.1625,27.8725,326416,ZA
Pucallpa,-8.37915,-74.55387,326040,PE
Mogi das Cruzes,-23.52278,-46.18833,325746,BR
Córdoba,37.89155,-4.77275,325708,ES
Birkenhead,53.39337,-3.01479,325264,GB
Nantes,47.21725,-1.55336,325070,FR
Ilesa,7.62789,4.74161,325000,NG
Bhatara,23.8,90.45,324300,BD
Espoo,60.2052,24.6522,323910,FI
Kikuyu,-1.24627,36.66291,323881,KE
Kluang,2.03046,103.31689,323762,MY
Lincang,23.87972,100.09455,323708,CN
Nottingham,52.9536,-1.15047,323632,GB
Al ‘Amārah,31.83561,47.14483,323302,IQ
Volzhsky,48.78583,44.77973,323293,RU
Vaughan,43.8361,-79.49827,323103,CA
Xingyi,25.09617,104.90639,322890,CN
Guarujá,-23.99306,-46.25639,322750,BR
Shivamogga,13.93157,75.56791,322650,IN
Alwar,27.56246,76.625,322568,IN
Uíge,-7.60874,15.06131,322531,AO
Ixtapaluca,19.31556,-98.88284,322271,MX
Osh,40.52828,72.7985,322164,KG
Portoviejo,-1.05764,-80.45145,321800,EC
Villavicencio,4.13238,-73.62564,321717,CO
Man’gyŏngdae-ri,38.99182,125.65871,321690,KP
San Miguelito,9.05032,-79.47068,321501,PA
Pelotas,-31.76997,-52.34101,320674,BR
Shāhjānpur,27.88165,79.90918,320434,IN
Lexington,37.98869,-84.47772,320347,US
Tantou,22.75121,113.83496,320304,CN
Anápolis,-16.32667,-48.95278,319587,BR
Kaech’ŏn,39.70056,125.89333,319554,KP
Jūnāgadh,21.51966,70.45981,319462,IN
Islington,51.53622,-0.10304,319143,GB
Holguín,20.88722,-76.26306,319102,CU
Ust-Kamenogorsk,49.97143,82.60586,319067,KZ
Maianga,-8.84693,13.23698,319000,AO
Tsuen Wan,22.37137,114.11329,318916,HK
Zinder,13.80716,8.9881,318874,NE
Saransk,54.18485,45.17166,318841,RU
Al Diwaniyah,31.99289,44.92552,318801,IQ
Varna,43.21912,27.91024,318737,BG
Hafizabad,32.07095,73.68802,318621,PK
Marne La Vallée,48.83584,2.64241,318325,FR
Damanhur,31.03408,30.46823,318207,EG
Chiniot,31.72091,72.97836,318165,PK
Popayán,2.43823,-76.61316,318059,CO
Reading,51.45625,-0.97113,318014,GB
Geita,-2.8725,32.2325,318006,TZ
Taubaté,-23.02639,-45.55528,317915,BR
Constanţa,44.18073,28.63432,317832,RO
New Delhi,28.62137,77.2148,317797,IN
Thessaloníki,40.64072,22.93493,317778,GR
Thiès,14.78944,-16.92602,317763,SN
Naha,26.213,127.67851,317625,JP
Pekalongan,-6.8886,109.6753,317524,ID
Obolon,50.5132,30.5055,317300,UA
Riverside,33.95335,-117.39616,317261,US
Baicheng,45.61751,122.83302,316970,CN
Chimbote,-9.07508,-78.59373,316966,PE
Bari,41.12066,16.86982,316491,IT
Barueri,-23.51056,-46.87611,316473,BR
Corpus Christi,27.80058,-97.39638,316239,US
Thrissur,10.51667,76.21667,315957,IN
Cherepovets,59.13333,37.9,315738,RU
Eloy Alfaro,-2.16919,-79.83987,315724,EC
Hamburg-Nord,53.58935,9.984,315514,DE
Al-Kut,32.5128,45.81817,315162,IQ
Muar,2.0442,102.5689,314776,MY
Şişli,41.06046,28.98717,314684,TR
Várzea Grande,-15.64667,-56.1325,314627,BR
Lexington-Fayette,38.0498,-84.45855,314488,US
Maroua,10.59095,14.31593,314122,CM
Kingston upon Hull,53.7446,-0.33525,314018,GB
Preston,53.76282,-2.70452,313332,GB
Lianshan,40.76432,120.85327,313247,CN
Denizli,37.77417,29.0875,313238,TR
Ikeja,6.59651,3.34205,313196,NG
New Cairo,30.03,31.47,313139,EG
Al Qāhirah al Jadīdah,30.04214,31.44446,313139,EG
Vitória,-20.31944,-40.33778,312656,BR
Palmira,3.53944,-76.30361,312519,CO
Vologda,59.2239,39.88398,312420,RU
Iligan City,8.25,124.4,312323,PH
Maringá,-23.42528,-51.93861,311724,BR
Catania,37.49223,15.07041,311584,IT
Jardim Angela,-23.71636,-46.76872,311432,BR
Nizāmābād,18.67154,78.0988,311152,IN
Cincinnati,39.12711,-84.51439,311097,US
Percut,3.6253,98.864,311063,ID
Coatzacoalcos,18.14905,-94.4447,310698,MX
Santa Ana,33.74557,-117.86783,310227,US
Sariwŏn-si,38.50722,125.75583,310100,KP
Botshabelo,-29.26737,26.72595,309714,ZA
Butuan,8.94917,125.54361,309709,PH
Shahrīār,35.65884,51.05775,309607,IR
Shahr-e Qods,35.7214,51.109,309605,IR
Gia Lâm,21.02,105.939,309353,VN
Kurgan,55.44905,65.34344,309285,RU
Tampico,22.28519,-97.87777,309003,MX
Akowonjo,6.61012,3.30968,308900,NG
Cabuyao,14.2726,121.1262,308745,PH
Tabora,-5.01622,32.82663,308741,TZ
Kasugai,35.24762,136.97229,308681,JP
An Nhơn,13.88579,109.10823,308396,VN
Alimosho,6.60656,3.30235,308290,NG
Ciudad Benito Juárez,25.64724,-100.09582,308285,MX
Mannheim,49.4891,8.46694,307960,DE
Karawang,-6.30525,107.3197,307880,ID
Akita,39.71667,140.11667,307672,JP
Suzano,-23.5425,-46.31083,307429,BR
Tumkūr,13.34136,77.1022,307359,IN
Chinju,35.19278,128.08472,307242,KR
Parbhani,19.26855,76.77081,307170,IN
Hisar,29.15394,75.72294,307024,IN
Iksan,35.94389,126.95444,307000,KR
Fīrozābād,27.15092,78.39781,306409,IN
Palmas,-10.16745,-48.32766,306296,BR
Vladikavkaz,43.04101,44.66986,306258,RU
Port-de-Paix,19.93984,-72.83037,306217,HT
Damietta,31.41648,31.81332,305920,EG
Posadas,-27.39184,-55.92379,305874,AR
Brakpan,-26.23656,28.36938,305692,ZA
Stockton,37.9577,-121.29078,305658,US
Yokkaichi,34.96667,136.61667,305424,JP
Kulti,23.73166,86.84372,305405,IN
Tláhuac,19.28689,-99.00507,305076,MX
Sapele,5.89405,5.67666,305000,NG
Pittsburgh,40.44062,-79.99589,304391,US
Armenia,4.53656,-75.67263,304314,CO
Santa Catarina,25.67325,-100.45813,304052,MX
Sumbawanga,-7.96667,31.61667,303986,TZ
Orël,52.96879,36.0791,303696,RU
Akashi,34.65524,135.00687,303601,JP
Hai Bà Trưng,21.01341,105.84772,303586,VN
Kurume,33.31667,130.51667,303579,JP
Graz,47.06733,15.44197,303270,AT
Saint Paul,44.94441,-93.09327,303176,US
Nghi Sơn,19.32746,105.82145,302210,VN
Karnāl,29.69197,76.98448,302140,IN
Changyi,36.85361,119.39083,302072,CN
Ciudad del Este,-25.5036,-54.65067,301815,PY
Rosetta,31.39951,30.41718,301795,EG
Barddhamān,23.25572,87.85691,301725,IN
Toshima,35.76126,139.74491,301599,JP
Solwezi,-12.1688,26.38938,301370,ZM
Hamburg-Mitte,53.55,10.01667,301231,DE
Valladolid,41.65541,-4.72353,300618,ES
Miri,4.39928,113.99163,300543,MY
Xinyi,34.38424,118.34617,300511,CN
Mardan,34.19794,72.04965,300424,PK
Surgut,61.25757,73.41775,300367,RU
Swansea,51.62079,-3.94323,300352,GB
San Pablo,14.0683,121.3256,300166,PH
Newcastle upon Tyne,54.97328,-1.61396,300125,GB
Gundupālaiyam,11.94096,79.80294,300104,IN
Gatineau,45.47723,-75.70164,300045,CA
Yangshuo,24.78081,110.48967,300000,CN
Winejok,9.01222,27.57081,300000,SS
Mérida,8.57899,-71.16922,300000,VE
Malir Cantonment,24.94343,67.20591,300000,PK
Biñan,14.34267,121.08071,300000,PH
Batikent,39.96833,32.73083,300000,TR
Linqu,36.51556,118.53972,299646,CN
Uruapan,19.41677,-102.05842,299523,MX
Pātan,27.67658,85.31417,299283,NP
Fergana,40.38421,71.78432,299200,UZ
Bahía Blanca,-38.7176,-62.26545,299101,AR
Santol,15.16222,120.5675,298976,PH
Kaolack,14.15197,-16.07259,298904,SN
Jember,-8.17211,113.69953,298585,ID
Aomori,40.81667,140.73333,298394,JP
Bārāsat,22.72154,88.48198,298127,IN
Mulugu,18.191,79.943,297671,IN
Bihār Sharīf,25.20084,85.52389,297268,IN
Grozny,43.31195,45.68895,297137,RU
Boma,-5.85098,13.05364,297009,CD
Bāli,22.64859,88.34115,296973,IN
Pu'er,22.78863,100.97481,296565,CN
Rāmpur,28.81014,79.02699,296418,IN
Darbhanga,26.15216,85.89707,296039,IN
Panipat,29.38747,76.96825,295970,IN
Mwene,-9.81697,22.87023,295683,CD
Białystok,53.13333,23.16433,295683,PL
Rufisque,14.71542,-17.27334,295459,SN
Murmansk,68.96778,33.09922,295374,RU
Tirupati,13.63551,79.41989,295323,IN
Southend-on-Sea,51.53782,0.71433,295310,GB
Lincoln,40.8,-96.66696,294757,US
Phu Quoc,10.22409,103.97156,294419,VN
Baiyin,36.54696,104.17023,294400,CN
Fukushima,37.75,140.46667,294237,JP
Bergen,60.39299,5.32415,294029,NO
Noida,28.58,77.33,293908,IN
Greater Noida,28.49615,77.53601,293908,IN
Tambov,52.73632,41.44102,293661,RU
Vigo,42.23282,-8.72264,293642,ES
Palangkaraya,-2.20833,113.91667,293500,ID
Aizawl,23.72894,92.71791,293416,IN
Thanh Xuân,20.99472,105.79977,293292,VN
Al Hufūf,25.36467,49.58764,293179,SA
Cholula,19.06406,-98.30352,292881,MX
Gandhinagar,23.21667,72.68333,292797,IN
Semey,50.42064,80.25025,292780,KZ
Cầu Giấy,21.03228,105.80073,292536,VN
Dindigul,10.36896,77.98036,292512,IN
Ponta Grossa,-25.095,-50.16194,292177,BR
Gaozhou,21.91965,110.85678,292164,CN
Limeira,-22.56472,-47.40167,291869,BR
Thanjavur,10.78523,79.13909,291067,IN
Kariega,-33.75562,25.40074,291052,ZA
Adıyaman,37.76441,38.27629,290883,TR
Al Mubarraz,25.40768,49.59028,290802,SA
Resistencia,-27.46363,-58.98665,290793,AR
Morioka,39.7,141.15,290700,JP
Atyrau,47.1048,51.88427,290700,KZ
Sector 2,44.4528,26.13321,290507,RO
Xiuying,20.00073,110.29359,290000,CN
San Cristóbal,7.76593,-72.23576,289852,VE
Karīmnagar,18.43915,79.12856,289821,IN
Victoria,48.4359,-123.35155,289625,CA
Anchorage,61.21806,-149.90028,289600,US
Dewas,22.96585,76.05526,289550,IN
Batna,35.55597,6.17414,289504,DZ
Kaunas,54.90156,23.90909,289380,LT
Sonīpat,28.99478,77.01937,289333,IN
Machala,-3.25886,-79.95876,289141,EC
Zeytinburnu,40.99441,28.90417,288743,TR
Meads,38.41258,-82.70905,288649,US
Kabwe,-14.4469,28.44644,288598,ZM
Cileungsir,-6.39472,106.95917,288347,ID
Sinŭiju,40.10056,124.39806,288112,KP
Meguro,35.6322,139.70174,288088,JP
Sector 4,44.37571,26.12085,287828,RO
Sumida,35.73289,139.82085,287766,JP
Ibaraki,34.81641,135.56828,287730,JP
Bắc Ninh,21.18608,106.07631,287658,VN
Ichalkaranji,16.69117,74.46054,287353,IN
Marienthal,53.56667,10.08333,287101,DE
Phú Mỹ,10.63333,107.06667,287055,VN
Ceilândia,-15.8091,-48.13096,287023,BR
Katowice,50.2597,19.02173,286960,PL
Adapazarı,40.78056,30.40333,286787,TR
Sultanbeyli,40.96072,29.27067,286622,TR
Cluj-Napoca,46.76667,23.6,286598,RO
Gunpo,37.3675,126.94694,286485,KR
Songea,-10.68333,35.65,286285,TZ
Butembo,0.14164,29.29117,286242,CD
Tacna,-18.01465,-70.25362,286240,PE
Sumaré,-22.82194,-47.26694,286211,BR
Long Xuyên,10.38639,105.43518,286140,VN
Al Qurnah,31.01547,47.43362,286073,IQ
Savar,23.84858,90.25002,286008,BD
Bathinda,30.20747,74.93893,285788,IN
Henderson,36.0397,-114.98194,285667,US
Jālna,19.84102,75.88636,285577,IN
Sekondi,4.93422,-1.71454,285506,GH
Kyengera,0.29517,32.50159,285400,UG
Greensboro,36.07264,-79.79198,285342,US
Haifa,32.81303,34.99928,285316,IL
Århus,56.15674,10.21076,285273,DK
Viamão,-30.08111,-51.02333,285269,BR
Dengzhou,32.68273,112.08873,285032,CN
Artux,39.70842,76.17971,285000,CN
Chuncheon,37.87472,127.73417,284855,KR
Alto Barinas,8.5931,-70.2261,284289,VE
Mbour,14.42196,-16.96375,284189,SN
Brighton,50.82838,-0.13947,283870,GB
Karlsruhe,49.00937,8.40444,283799,DE
Port Moresby,-9.47723,147.15089,283733,PG
Santa Maria,-29.68417,-53.80694,283677,BR
Minya,28.09193,30.75813,283605,EG
Plano,33.01984,-96.69889,283558,US
Ichihara,35.51667,140.08333,283531,JP
Qibao,31.15267,121.35688,283352,CN
Kirāri Sulemānnagar,28.69736,77.0648,283211,IN
Cainta,14.5786,121.1222,283172,PH
Pétionville,18.5125,-72.28528,283052,HT
Satna,24.57726,80.82719,282977,IN
Geelong,-38.14711,144.36069,282809,AU
Tegal,-6.8694,109.1402,282781,ID
Chernihiv,51.50541,31.28656,282747,UA
Xinyuan,43.42649,83.24959,282718,CN
Ba Vì,21.08333,105.38333,282600,VN
Valparaíso,-33.036,-71.62963,282448,CL
Ica,-14.07538,-75.73422,282407,PE
Tin Shui Wai,22.45679,114.00234,282400,HK
Purnia,25.77895,87.47422,282248,IN
Newark,40.73566,-74.17237,281944,US
Itagüí,6.18461,-75.59913,281853,CO
Nicolás Romero,19.64177,-99.3068,281799,MX
Gebze,40.80276,29.43068,281436,TR
Lichinga,-13.31278,35.24056,281341,MZ
Narsingdi,23.92298,90.71768,281080,BD
Sfax,34.74056,10.76028,280566,TN
Zumpango,19.7967,-99.09946,280455,MX
Solomyansk,50.42838,30.45211,280400,UA
Merkezefendi,37.80544,29.04236,280341,TR
Madison,43.07305,-89.40123,280305,US
Bukhara,39.77026,64.43069,280187,UZ
Wollongong,-34.424,150.89345,280153,AU
Mingora,34.7795,72.36265,279914,PK
Volta Redonda,-22.52306,-44.10417,279898,BR
Ostrava,49.83465,18.28204,279791,CZ
St. Louis,38.62727,-90.19789,279695,US
Poltava,49.58925,34.55367,279593,UA
Efon-Alaaye,7.65649,4.92235,279319,NG
Binjai,3.6001,98.4854,279302,ID
Petrozavodsk,61.78491,34.34691,279190,RU
Enshi,30.3,109.48333,279185,CN
Taganrog,47.23627,38.9053,279056,RU
Santa Teresa del Tuy,10.23291,-66.66474,278890,VE
South Dublin,53.29026,-6.34151,278749,IE
Wiesbaden,50.08601,8.24435,278609,DE
Quảng Ngãi,15.12047,108.79232,278496,VN
Qarshi,38.86056,65.78905,278300,UZ
Tanghe,32.68545,112.83234,278055,CN
Coacalco,19.62923,-99.10689,277959,MX
Sincelejo,9.3045,-75.3905,277773,CO
Zoucheng,35.40056,116.96556,277400,CN
Khomeynī Shahr,32.6856,51.53609,277334,IR
Kostroma,57.76638,40.92828,277280,RU
Imphal,24.80805,93.9442,277196,IN
Gagnoa,6.13193,-5.9506,277044,CI
Ulu Bedok,1.33333,103.93333,276990,SG
Bedok New Town,1.32639,103.94167,276990,SG
Owo,7.1962,5.58681,276574,NG
Suncheon,34.9505,127.48784,276375,KR
Fangchenggang,21.76945,108.35661,276315,CN
Komsomolsk-on-Amur,50.55034,137.00995,275908,RU
Abbottabad,34.1463,73.21168,275890,PK
Kaili,26.58583,107.97972,275745,CN
Hakodate,41.77583,140.73667,275730,JP
Yamoussoukro,6.82055,-5.27674,275686,CI
Bab Ezzouar,36.72615,3.18291,275630,DZ
Strasbourg,48.58392,7.74553,274845,FR
Pematangsiantar,2.9595,99.0687,274838,ID
Saugor,23.83877,78.73874,274556,IN
Neihu,25.0815,121.58809,274538,TW
Tsu,34.73333,136.51667,274537,JP
Xingning,24.1483,115.72272,274499,CN
Linxia Chengguanzhen,35.60028,103.20639,274466,CN
Khmelnytskyi,49.41835,26.97936,274452,UA
Kushinagar,26.74134,83.88689,274403,IN
Loja,-3.99313,-79.20422,274112,EC
Tai Po,22.45007,114.16877,274100,HK
Isfara,40.12649,70.62526,274000,TJ
Luena,-11.78333,19.91667,273675,AO
Pasarkemis,-6.17028,106.53028,273659,ID
Taboão da Serra,-23.62611,-46.79167,273542,BR
Istaravshan,39.9142,69.00328,273500,TJ
Turpan,42.94769,89.17886,273385,CN
Rourkela,22.22496,84.86414,273317,IN
Yao,34.61667,135.6,273213,JP
Banī Suwayf,29.07441,31.09785,273151,EG
Nagar Naluākot,24.15608,90.7728,273000,BD
Guantánamo,20.14444,-75.20917,272801,CU
Baguio,16.41639,120.59306,272714,PH
Petrópolis,-22.505,-43.17861,272691,BR
Ar Rayyān,25.29194,51.42444,272465,QA
Polokwane,-23.90449,29.46885,272461,ZA
Ljubljana,46.05108,14.50513,272220,SI
Jalālābād,34.42647,70.45153,271900,AF
Deir ez-Zor,35.33588,40.14084,271800,SY
Gijón,43.53573,-5.66152,271780,ES
Hafar Al-Batin,28.43279,45.97077,271642,SA
Kakogawachō-honmachi,34.76943,134.82905,271634,JP
Sector 5,44.38808,26.07144,271575,RO
Quận Sáu,10.7468,106.64903,271050,VN
Capao Redondo,-23.66877,-46.78051,270767,BR
Mỹ Tho,10.36004,106.35996,270700,VN
Mito,36.35,140.45,270685,JP
Derby,52.92277,-1.47663,270468,GB
Dessie,11.13333,39.63333,270400,ET
São José,-27.61528,-48.6275,270299,BR
Münster,51.96236,7.62571,270184,DE
Hạ Long,20.95045,107.07336,270054,VN
Gelsenkirchen,51.50508,7.09654,270028,DE
Longling County,24.58663,98.68934,270000,CN
Cherkasy,49.44452,32.05738,269836,UA
Malolos,14.8443,120.81039,269809,PH
Southampton,50.90395,-1.40428,269781,GB
Kapar,3.13333,101.38333,269627,MY
Çorum,40.54889,34.95333,269595,TR
Ghulja,43.91515,81.32151,269158,CN
Eimsbüttel,53.57416,9.95679,269118,DE
Merlo,-34.66536,-58.72744,268961,AR
Yeosu,34.76062,127.66215,268823,KR
Durg,21.19147,81.27619,268806,IN
Fuling,29.70997,107.39391,268658,CN
Mokpo,34.81282,126.39181,268402,KR
Birgañj,27.01736,84.88047,268273,NP
Yoshkar-Ola,56.63877,47.89078,268272,RU
Russeifa,32.01778,36.04639,268237,JO
Shibīn al Kawm,30.55258,31.00904,267945,EG
Parauapebas,-6.0675,-49.90222,267836,BR
Mirpur Khas,25.5276,69.01255,267833,PK
Floridablanca,7.06222,-73.08644,267591,CO
Tokushima,34.06667,134.56667,267345,JP
Sterlitamak,53.63793,55.9533,267231,RU
Anantapur,14.67784,77.60813,267161,IN
Parnamirim,-5.91556,-35.26278,267036,BR
Gyeongsan-si,35.82333,128.73778,266951,KR
Sohag,26.55695,31.69478,266944,EG
Nagaoka,37.45,138.85,266936,JP
Sapopemba,-23.59556,-46.52472,266715,BR
Eixample,41.38896,2.16179,266477,ES
Bagerhat,22.65657,89.79123,266388,BD
Hà Tĩnh,18.34282,105.90569,266321,VN
Saskatoon,52.13238,-106.66892,266141,CA
Chengzhong,30.94454,113.55284,265886,CN
Djelfa,34.67279,3.263,265833,DZ
Chula Vista,32.64005,-117.0842,265757,US
Shimonoseki,33.95548,130.93713,265684,JP
Toledo,41.66394,-83.55521,265638,US
Kibaha,-6.76667,38.91667,265360,TZ
Hulan Ergi,47.20417,123.63333,265344,CN
Tampines Estate,1.35806,103.94028,265340,SG
Bordeaux,44.84124,-0.58046,265328,FR
Aachen,50.77664,6.08342,265208,DE
Gent,51.05,3.71667,265086,BE
Gravataí,-29.94218,-50.99278,265074,BR
Mantampay,8.16667,124.21667,265032,PH
Ratlām,23.33033,75.04032,264914,IN
Nogales,31.30862,-110.94217,264782,MX
El Daein,11.46186,26.12583,264734,SD
Donghai,22.94593,115.64204,264709,CN
Dezfūl,32.41667,48.21667,264709,IR
Gunsan,35.97861,126.71139,264656,KR
Mossoró,-5.1875,-37.34417,264577,BR
Rānipet,12.92471,79.33331,264330,IN
Brāhmanbāria,23.97464,91.11228,264326,BD
Porto-Novo,6.49646,2.60359,264320,BJ
Chernivtsi,48.29045,25.93241,264298,UA
Jersey City,40.72816,-74.07764,264290,US
Manta,-0.94937,-80.73137,264281,EC
Reno,39.52963,-119.8138,264165,US
Bégoua,4.45437,18.53475,264067,CF
Riobamba,-1.66506,-78.65887,264048,EC
Sivas,39.74833,37.01611,264022,TR
Wolverhampton,52.58547,-2.12296,263700,GB
Fanling,22.49487,114.13949,263200,HK
Chiayi City,23.47917,120.44889,263188,TW
Dongtai,32.85231,120.30947,262873,CN
Fuchū,35.67452,139.48216,262790,JP
Jurong Town,1.33417,103.72278,262730,SG
Marāgheh,37.39206,46.23909,262604,IR
Marāgheh,35.82916,59.63324,262604,IR
Quilmes,-34.72065,-58.25454,262379,AR
Fukui-shi,36.06443,136.22257,262328,JP
Lal Bahadur Nagar,17.34769,78.55757,261987,IN
Mönchengladbach,51.18539,6.44172,261742,DE
Bagong Silang,14.7783,121.04487,261729,PH
Zhytomyr,50.26235,28.67913,261624,UA
Karamay,45.58473,84.88724,261445,CN
Sacomã,-23.63083,-46.59817,261436,BR
Arrah,25.55629,84.66335,261430,IN
Tongliao,43.6125,122.26528,261110,CN
Rangel,-8.82644,13.26285,261000,AO
Bariadi,-2.8,33.98333,260927,TZ
Antsirabe,-19.86586,47.03333,260907,MG
Chandler,33.30616,-111.84125,260828,US
Yei,4.09444,30.67639,260720,SS
Chilanzar,41.28194,69.18111,260700,UZ
Tampere,61.49911,23.78712,260646,FI
Mahajanga,-15.71667,46.31667,260556,MG
Minato City,35.6581,139.7515,260486,JP
Fort Wayne,41.1306,-85.12886,260326,US
Plymouth,50.37153,-4.14305,260203,GB
Nianbo,36.48,102.41639,260184,CN
Baranagar,22.64132,88.37727,260072,IN
Skardu,35.29787,75.63372,260000,PK
Marawi City,8.0034,124.28395,259993,PH
Tampines New Town,1.34917,103.94972,259900,SG
Qo‘qon,40.52861,70.9425,259700,UZ
Jardim Sao Luis,-23.68073,-46.7394,259377,BR
Tacloban,11.24333,125.00472,259353,PH
Augsburg,48.37154,10.89851,259196,DE
Rondonópolis,-16.47083,-54.63556,259167,BR
Changle,36.70583,118.8275,259161,CN
Gajuwaka,17.7,83.21667,258944,IN
Jining,41.0275,113.10583,258757,CN
North Shore,-36.8,174.75,258697,NZ
Rishon LeTsiyyon,31.97102,34.78939,258535,IL
Hiratsuka,35.32785,139.33735,258422,JP
Stoke-on-Trent,53.00415,-2.18538,258366,GB
Foz do Iguaçu,-25.54778,-54.58806,258248,BR
Buffalo,42.88645,-78.87837,258071,US
Verona,45.43854,10.9938,258031,IT
Ðà Lạt,11.94646,108.44193,258014,VN
San Salvador de Jujuy,-24.1928,-65.29342,257970,AR
Durham,35.99403,-78.89862,257636,US
Jurong West,1.35028,103.72278,257470,SG
Etāwah,26.77615,79.02133,257448,IN
Gasteiz / Vitoria,42.84998,-2.67268,257407,ES
Rugao,32.37035,120.57649,257400,CN
Gómez Palacio,25.56871,-103.4996,257352,MX
Cascavel,-24.95583,-53.45528,257172,BR
St. Petersburg,27.77086,-82.67927,257083,US
L'Hospitalet de Llobregat,41.35967,2.10028,257038,ES
Gdynia,54.51889,18.53188,257000,PL
Cilacap,-7.72639,109.00944,256996,ID
Irvine,33.66946,-117.82311,256927,US
Kitchener,43.42537,-80.5112,256885,CA
Suicheng,33.8963,117.93307,256665,CN
Nada,19.52134,109.57895,256652,CN
Latina,40.38897,-3.74569,256644,ES
Los Mochis,25.79097,-108.99825,256613,MX
Bratsk,56.1325,101.61417,256600,RU
Pachuca de Soto,20.11697,-98.73329,256584,MX
Chingola,-12.52897,27.88382,256560,ZM
Sumy,50.91741,34.79906,256474,UA
Milton Keynes,52.04172,-0.75583,256385,GB
Indaiatuba,-23.08842,-47.2119,256223,BR
Laredo,27.50641,-99.50754,256153,US
Germiston,-26.23481,28.17665,255863,ZA
Ñuñoa,-33.44735,-70.58279,255823,CL
Parakou,9.33716,2.63031,255478,BJ
Isiro,2.77391,27.61603,255409,CD
Sari,36.56332,53.06009,255396,IR
Woodlands,1.43801,103.78877,255180,SG
Oaxaca,17.06025,-96.72544,255029,MX
Banda Aceh,5.54167,95.33333,255029,ID
Mossamedes,-15.19611,12.15222,255000,AO
Al Madīnah,30.96324,47.26998,255000,IQ
Ikot Ekpene,5.18194,7.71481,254806,NG
Yanzhou,35.55278,116.82861,254788,CN
Hanam,37.54,127.20556,254415,KR
Mueang Nonthaburi,13.86075,100.51477,254375,TH
Sorong,-0.87956,131.26104,254294,ID
Saint-Louis,16.01793,-16.48962,254171,SN
Batu Caves,3.238,101.682,254083,MY
Novo Hamburgo,-29.67833,-51.13056,253841,BR
Cox’s Bāzār,21.43973,92.00955,253788,BD
Carabanchel,40.39094,-3.7242,253678,ES
Cotia,-23.60389,-46.91917,253608,BR
Petaẖ Tiqva,32.08707,34.88747,253529,IL
Marg‘ilon,40.47237,71.72463,253500,UZ
Ambarnath,19.2,73.16667,253475,IN
Godomè,6.38948,2.34581,253262,BJ
Naihāti,22.89396,88.41521,253221,IN
Braşov,45.64861,25.60613,253200,RO
Xuân Lộc,10.93333,107.23333,253140,VN
Vitória da Conquista,-14.86611,-40.83944,253137,BR
Laohekou,32.38583,111.66778,253112,CN
Richards Bay,-28.78301,32.03768,252968,ZA
Qina,26.16418,32.72671,252883,EG
Bharatpur,27.21731,77.49009,252838,IN
Vantaa,60.29414,25.04099,252724,FI
Porto,41.1485,-8.61097,252687,PT
Hobart,-42.87936,147.32941,252639,AU
El Fasher,13.62793,25.34936,252609,SD
Thiès Nones,14.78333,-16.96667,252320,SN
Suihua,46.64814,126.96656,252245,CN
Los Teques,10.34954,-67.04266,252242,VE
Santiago del Estero,-27.80047,-64.26285,252192,AR
Sétif,36.19112,5.41373,252127,DZ
Begusarai,25.41853,86.13389,252008,IN
Borūjerd,33.8973,48.7516,251958,IR
Qarchak,35.42873,51.57757,251834,IR
Afyonkarahisar,38.75667,30.54333,251799,TR
İskenderun,36.58718,36.17347,251682,TR
Santiago de Surco,-12.13588,-77.00742,251648,PE
Thika,-1.03326,37.06933,251407,KE
San Fernando,15.03425,120.68445,251248,PH
Menongue,-14.6585,17.69099,251178,AO
Holosiyiv,50.34433,30.55178,251021,UA
Ḩayy Khildā,31.99202,35.84002,251000,JO
Jimma,7.67344,36.83441,250900,ET
Governador Valadares,-18.85111,-41.94944,250878,BR
Timişoara,45.75372,21.22571,250849,RO
Embu das Artes,-23.64889,-46.85222,250691,BR
Santa Clara,22.40711,-79.96581,250512,CU
Iwo,7.63527,4.18156,250443,NG
A Coruña,43.37135,-8.396,250438,ES
Libertad,8.94417,125.50194,250353,PH
Altona,53.55,9.93333,250192,DE
La Paz,24.14231,-110.31316,250141,MX
Singa,13.1483,33.93117,250000,SD
Niš,43.32472,21.90333,250000,RS
Kelar,34.62805,45.31852,250000,IQ
Colonia del Valle,19.38611,-99.16204,250000,MX
Tarakan,3.31332,117.59152,249960,ID
San Bernardo,-33.59217,-70.6996,249858,CL
Sōka,35.83643,139.79957,249645,JP
Mzuzu,-11.46556,34.02071,249564,MW
Navotas,14.66667,120.95,249463,PH
Tiruvottiyūr,13.15823,80.30181,249446,IN
Cidade Ademar,-23.67379,-46.65681,249218,BR
Burnaby,49.26636,-122.95263,249125,CA
Lubbock,33.57786,-101.85517,249042,US
Thị Trấn Đông Triều,21.08242,106.5138,248896,VN
Thuqbah,26.26022,50.20486,248888,SA
Yamagata,38.23333,140.36667,248772,JP
Tehuacán,18.46422,-97.39735,248716,MX
Guarenas,10.47027,-66.61934,248588,VE
Montpellier,43.61093,3.87635,248252,FR
Jimeta,9.27949,12.45819,248148,NG
Częstochowa,50.79646,19.12409,248125,PL
Gāndhīdhām,23.08333,70.13333,247992,IN
Beibei,29.82739,106.43645,247702,CN
Insein,16.88874,96.10257,247675,MM
City of Westminster,51.4975,-0.1357,247614,GB
Gilbert,33.35283,-111.78903,247542,US
Chemnitz,50.8357,12.92922,247220,DE
Paraná,-31.73271,-60.52897,247139,AR
San Miguel,13.48261,-88.18211,247126,SV
Probolinggo,-7.7543,113.2159,246980,ID
Shijie,23.09546,113.79195,246960,CN
Chitato,-7.3,20.73333,246880,AO
Orsk,51.23206,58.48802,246836,RU
Vanderbijlpark,-26.71171,27.83795,246754,ZA
Coro,11.40769,-69.67822,246657,VE
Americana,-22.73917,-47.33139,246655,BR
Kiel,54.32133,10.13489,246601,DE
Colombo,-25.29167,-49.22417,246540,BR
Hami,42.83393,93.50601,246373,CN
Gaborone,-24.65451,25.90859,246325,BW
Al ‘Āshir min Ramaḑān,30.29636,31.74633,246148,EG
Singkawang,0.90925,108.98463,246112,ID
Mau,25.94167,83.56111,246050,IN
Puerto Montt,-41.4693,-72.94237,245902,CL
Northampton,52.25,-0.88333,245899,GB
Juliaca,-15.5,-70.13333,245675,PE
Fuji,35.16667,138.68333,245392,JP
Gyeongju,35.84278,129.21167,245365,KR
Sinfra,6.62103,-5.91144,245226,CI
Syktyvkar,61.66393,50.8163,245083,RU
Nizhnevartovsk,60.9344,76.5531,244937,RU
Gorgān,36.8427,54.44391,244937,IR
Groningen,53.21917,6.56667,244807,NL
Biratnagar,26.45505,87.27007,244750,NP
Braunschweig,52.26594,10.52673,244715,DE
Valera,9.31778,-70.60361,244708,VE
Sengkang New Town,1.39167,103.89444,244600,SG
São José de Ribamar,-2.55572,-44.05992,244579,BR
Sīkar,27.61206,75.13996,244497,IN
Bago,17.33521,96.48135,244376,MM
Baruta,10.43424,-66.87558,244216,VE
Puente de Vallecas,40.39354,-3.662,244151,ES
Magé,-22.65278,-43.04056,244092,BR
Trabzon,41.005,39.72694,244083,TR
Tri-Cities,46.2454,-119.19617,244036,US
Sambizanga,-8.78883,13.27506,244000,AO
Jessore,23.16971,89.21371,243987,BD
Manisa,38.61202,27.42647,243971,TR
Rivne,50.62036,26.23695,243873,UA
Arapiraca,-9.7525,-36.66111,243661,BR
Musaffah,24.35893,54.48267,243341,AE
Brasilandia,-23.44859,-46.68839,243273,BR
Sasebo,33.16834,129.72502,243223,JP
Angarsk,52.55968,103.91413,243158,RU
Mar’ino,55.65,37.71667,243000,RU
Ramagundam,18.755,79.474,242979,IN
Hāpur,28.72985,77.78068,242920,IN
Chigasaki,35.33638,139.40434,242798,JP
Chōfu,35.65924,139.54837,242614,JP
Huayin,34.56528,110.06639,242488,CN
Berbera,10.43959,45.01432,242344,SO
Jiyuan,35.08912,112.58815,242143,CN
Yamato,35.47276,139.45101,242065,JP
Man,7.41251,-7.55383,241969,CI
Bahawalnagar,29.99835,73.25272,241873,PK
Novorossiysk,44.73188,37.76176,241856,RU
Tsukuba,36.08333,140.11667,241656,JP
Arica,-18.47552,-70.30058,241653,CL
Peñalolén,-33.46836,-70.53411,241599,CL
Hải Dương,20.94099,106.33302,241373,VN
Winston-Salem,36.09986,-80.24422,241218,US
Farrukhābād,27.39134,79.5793,241152,IN
Matsumoto,36.23333,137.96667,241145,JP
Sancaktepe,41.00244,29.23187,241000,TR
Alappuzha,9.49004,76.3264,240991,IN
Itapevi,-23.54889,-46.93417,240961,BR
Katihar,25.53852,87.57044,240838,IN
Marília,-22.21389,-49.94583,240590,BR
Buenaventura,3.8801,-77.03116,240387,CO
Lankaran,38.75428,48.85062,240300,AZ
Ciudad Ojeda,10.20161,-71.3148,240283,VE
Glendale,33.53865,-112.18599,240126,US
Bunkyo,35.5331,139.4217,240069,JP
Itaboraí,-22.74444,-42.85944,240040,BR
Klang,3.03667,101.44333,240016,MY
Vyhurivshchyna-Troyeshchyna,50.51137,30.60251,240000,UA
Golestān,35.5183,51.1819,240000,IR
Almendares,23.11012,-82.42322,240000,CU
Khimki,55.9001,37.42848,239967,RU
Horlivka,48.33576,38.05325,239828,UA
Nacala,-14.56257,40.68538,239808,MZ
Xiantao,30.3708,113.44294,239406,CN
Nalchik,43.49806,43.61889,239300,RU
Hachinohe,40.5,141.5,239046,JP
Osan,37.15222,127.07056,238788,KR
Fuencarral,40.5,-3.68333,238765,ES
Lille,50.63391,3.05512,238695,FR
Neyagawa,34.76615,135.62759,238549,JP
Ormoc,11.00639,124.6075,238545,PH
Magdalena Contreras,19.33212,-99.21118,238431,MX
Nāgarpur,24.05783,89.87696,238422,BD
Kasulu,-4.57667,30.1025,238321,TZ
Ngaoundéré,7.32765,13.58472,238196,CM
Ivano-Frankivsk,48.92312,24.71248,238196,UA
Cabo Frio,-22.88717,-42.02622,238166,BR
Balıkesir,39.64917,27.88611,238151,TR
Temuco,-38.73628,-72.59738,238129,CL
Norfolk,36.84681,-76.28522,238005,US
Krefeld,51.33645,6.55381,237984,DE
Halle (Saale),51.48158,11.97947,237865,DE
Juazeiro,-9.41167,-40.49861,237821,BR
Sri Ganganagar,29.92009,73.87496,237780,IN
Amarapura,21.90709,96.04894,237618,MM
Āmol,36.46961,52.35072,237528,IR
Athlone,-33.96722,18.50214,237414,ZA
Batangas,13.7567,121.0584,237370,PH
Al Jubayl,27.0174,49.62251,237274,SA
Tŏkch’ŏn,39.75261,126.25798,237133,KP
Oldham,53.54051,-2.1183,237110,GB
Pathein,16.77919,94.73212,237089,MM
Hialeah,25.8576,-80.27811,237069,US
Sylhet,24.89904,91.87198,237000,BD
Paarl,-33.73378,18.97523,236910,ZA
Garland,32.91262,-96.63888,236897,US
Podgorica,42.44124,19.26309,236852,ME
Scottsdale,33.50921,-111.89903,236839,US
Irving,32.81402,-96.94889,236607,US
Centurion,-25.85891,28.18577,236580,ZA
Qingzhou,36.69667,118.47972,236406,CN
Pākdasht,35.47854,51.6834,236319,IR
Kajang,2.99424,101.78875,236240,MY
Padangsidempuan,1.37952,99.27146,236217,ID
Campo Limpo,-23.63634,-46.76565,236162,BR
Yuci,37.68028,112.73194,235929,CN
Magdeburg,52.13129,11.63189,235775,DE
Sant Martí,41.41814,2.19933,235719,ES
Eindhoven,51.44083,5.47778,235691,NL
Boise,43.6135,-116.20345,235684,US
Rewa,24.53256,81.29234,235654,IN
Yakutsk,62.03114,129.72288,235600,RU
Bole,44.89334,82.06993,235585,CN
Muzaffargarh,30.07258,71.19379,235541,PK
Chesapeake,36.81904,-76.27494,235429,US
Uluberiya,22.4756,88.09898,235345,IN
Dali,25.58474,100.21229,235305,CN
Najafābād,32.63464,51.36525,235281,IR
Thành Phố Bà Rịa,10.49626,107.1685,235192,VN
Kediri,-7.81667,112.01667,235143,ID
Georgetown,6.80448,-58.15527,235017,GY
Kismayo,-0.35817,42.54536,234852,SO
North Las Vegas,36.19886,-115.1175,234807,US
Elche,38.26218,-0.70107,234765,ES
Sivakasi,9.44999,77.79797,234704,IN
Kindu,-2.94373,25.92237,234651,CD
Maracanaú,-3.87667,-38.62556,234509,BR
Nizhnekamsk,55.63794,51.81502,234297,RU
Hortolândia,-22.85833,-47.22,234259,BR
Karur,10.95771,78.08095,234191,IN
Lubuklinggau,-3.2945,102.8614,234166,ID
Craiova,44.31667,23.8,234140,RO
Rāichūr,16.20546,77.35567,234073,IN
Pallāvaram,12.96796,80.15025,233984,IN
Yongkang,23.02444,120.25556,233730,TW
Granada,37.18817,-3.60667,233532,ES
Ooty,11.4134,76.69521,233426,IN
Saga,33.23333,130.3,233301,JP
Magugpo Poblacion,7.4475,125.8046,233254,PH
Dzerzhinsk,56.24422,43.45543,233126,RU
Pemba,-12.97395,40.51775,232932,MZ
Geoje,34.81379,128.70556,232921,KR
Teluk Intan,4.02219,101.02083,232800,MY
Singida,-4.81629,34.74358,232459,TZ
Kigoma,-4.87694,29.62667,232388,TZ
Fremont,37.54827,-121.98857,232206,US
Kampong Baharu Cheras Batu Sebelas,3.05,101.76667,232100,MY
Jiayuguan,39.81121,98.28618,231853,CN
Taytay,14.55883,121.13285,231460,PH
Phổ Yên,21.41978,105.8899,231363,VN
Neuquén,-38.95078,-68.0592,231198,AR
Divinópolis,-20.14355,-44.89065,231091,BR
Türkmenabat,39.07328,63.57861,230861,TM
Shibuya,35.6589,139.70665,230609,JP
Sơn Tây,21.14053,105.50686,230577,VN
Ninh Hòa,12.49187,109.12495,230566,VN
Pasir Mas,6.04934,102.13987,230424,MY
Purwokerto,-7.42139,109.23444,230235,ID
José C. Paz,-34.51541,-58.76813,230208,AR
Marka,1.71594,44.77166,230100,SO
Pāli,25.77276,73.32335,230075,IN
Ḩalwān,29.84144,31.30084,230000,EG
Atani,6.01277,6.74768,230000,NG
Changzheng,31.23913,121.36779,229925,CN
Kasukabe,35.98308,139.74966,229792,JP
Paris 15 Vaugirard,48.8412,2.3003,229713,FR
Windsor,42.30008,-83.01654,229660,CA
Hosūr,12.73647,77.83264,229528,IN
Spokane,47.65966,-117.42908,229447,US
Tripoli,34.43352,35.84415,229398,LB
Longueuil,45.5152,-73.46818,229330,CA
Ordu,40.97782,37.89047,229214,TR
San Fernando de Apure,7.88963,-67.47181,229197,VE
Croix-des-Bouquets,18.57677,-72.22625,229127,HT
Lucena,13.93139,121.61722,228758,PH
Ipatinga,-19.46833,-42.53667,228746,BR
Vizianagaram,18.11692,83.41148,228720,IN
Jinchang,38.50062,102.19379,228561,CN
Phan Thiết,10.92889,108.10208,228536,VN
Netanya,32.33291,34.85992,228204,IL
Ciudad Lineal,40.44505,-3.65132,228171,ES
Meycauayan,14.73694,120.96083,228023,PH
Bexley,51.44162,0.14866,228000,GB
Aliayabiagba,6.45,3.33333,228000,NG
Nassau,25.05823,-77.34306,227940,BS
San Lorenzo,-25.33968,-57.50879,227876,PY
Rennes,48.11109,-1.67431,227830,FR
Mohammedia,33.68607,-7.38298,227799,MA
Guatire,10.474,-66.54241,227666,VE
Tanjung Pinang,0.91667,104.45833,227663,ID
Hougang New Town,1.35667,103.89083,227560,SG
Baton Rouge,30.44332,-91.18747,227470,US
Sete Lagoas,-19.46583,-44.24667,227397,BR
Sosnowiec,50.28682,19.10385,227295,PL
Diez de Octubre,23.0881,-82.3597,227293,CU
Turkestan,43.29458,68.25685,227098,KZ
Klerksdorp,-26.85213,26.66672,227039,ZA
Upper West Side,40.78705,-73.97542,226989,US
Staryy Oskol,51.3025,37.84613,226977,RU
Ageo,35.97145,139.61382,226940,JP
Gusau,12.17024,6.66412,226857,NG
Neue Neustadt,52.15,11.63333,226851,DE
Kamyanske,48.51716,34.60617,226845,UA
Ashdod,31.79213,34.64966,226838,IL
Radom,51.40253,21.14714,226794,PL
Paya Terubong,5.37278,100.27972,226712,MY
Richmond,37.55376,-77.46026,226610,US
Điện Bàn,15.88853,108.25447,226564,VN
Changhua,24.0692,120.5512,226564,TW
Chang-hua,24.07327,120.56276,226564,TW
Takarazuka,34.79936,135.35697,226432,JP
Nzérékoré,7.75624,-8.8179,226426,GN
Regina,50.45008,-104.6178,226404,CA
Cà Mau,9.17682,105.15242,226372,VN
Shrīrāmpur,22.75278,88.34222,226317,IN
Fendou,46.64142,124.86283,226298,CN
Sabzevar,36.2126,57.68191,226183,IR
Huanggang,23.67704,116.99961,225956,CN
Quthbullapur,17.50107,78.45818,225816,IN
Mubi,10.26858,13.26701,225705,NG
Rio Verde,-17.79806,-50.92806,225696,BR
Águas Lindas de Goiás,-15.76194,-48.28167,225693,BR
Presidente Prudente,-22.12556,-51.38889,225668,BR
Sector 1,44.49239,26.04831,225453,RO
Somerset West,-34.08401,18.82113,225289,ZA
Luton,51.87967,-0.41748,225262,GB
Ternopil,49.55404,25.59067,225238,UA
Juazeiro do Norte,-7.21306,-39.31528,225230,BR
Bitung,1.44059,125.12824,225134,ID
Mymensingh,24.75636,90.40646,225126,BD
Blagoveshchensk,50.27593,127.52637,225091,RU
Nadiād,22.69385,72.86157,225071,IN
Kumba,4.6363,9.4469,225046,CM
Košice,48.71441,21.25802,225044,SK
Jingling,30.65,113.1,224871,CN
Nāgercoil,8.17899,77.43227,224849,IN
Sucre,-19.03332,-65.26274,224838,BO
Mutare,-18.9707,32.67086,224802,ZW
Ōta,36.3,139.36667,224358,JP
Karāwalnagar,28.72712,77.27047,224281,IN
Puerto Vallarta,20.617,-105.23018,224166,MX
Minamirinkan,35.49527,139.44279,224015,JP
Atsugi,35.44272,139.36931,223960,JP
Heihe,50.24413,127.49016,223832,CN
Mango,22.8275,86.21639,223805,IN
Paramaribo,5.86638,-55.16682,223757,SR
Narayanganj,23.61352,90.50298,223622,BD
NIA Valencia,7.90639,125.09417,223620,PH
Tongchuanshi,35.07474,109.08495,223603,CN
Concepción,-36.82699,-73.04977,223574,CL
Ramadi,33.42056,43.30778,223500,IQ
Paradise,36.09719,-115.14666,223167,US
Tacoma,47.25288,-122.44429,222906,US
Velikiy Novgorod,58.52131,31.27104,222868,RU
Sungai Buloh,3.21,101.561,222858,MY
Puerto Princesa,9.73917,118.73528,222673,PH
Xintai,35.90056,117.75194,222459,CN
El Tigre,8.88902,-64.2527,222450,VE
Haeju,38.04056,125.71472,222396,KP
Formosa,-26.18489,-58.17313,222226,AR
Ikire,7.36983,4.1863,222160,NG
La Ceiba,15.75971,-86.78221,222055,HN
Tilburg,51.55551,5.0913,221947,NL
Ba Dinh,21.03652,105.82684,221893,VN
Murwāra,23.83776,80.39405,221883,IN
Moshi,-3.35,37.33333,221733,TZ
Sousse,35.82539,10.63699,221715,TN
Kanchipuram,12.83515,79.70006,221715,IN
Batu,-7.87,112.52833,221714,ID
Tuluá,4.08466,-76.19536,221684,CO
Yishun New Town,1.43333,103.83111,221610,SG
Sóc Trăng,9.59995,105.97193,221430,VN
Kankan,10.38542,-9.30568,221428,GN
Shakhty,47.71916,40.21603,221312,RU
Mbarara,-0.60467,30.64851,221300,UG
Olongapo,14.82917,120.28278,221178,PH
Ibarra,0.34881,-78.12462,221149,EC
Banja Luka,44.77879,17.20629,221106,BA
Rufisque est,14.7162,-17.27283,221066,SN
Neyshābūr,36.21329,58.79575,220929,IR
Wuxue,29.85058,115.5525,220661,CN
Chí Linh,21.06667,106.31667,220421,VN
Campeche,19.84073,-90.51676,220389,MX
Quận Ba,10.77494,106.68628,220375,VN
Singrauli,24.19973,82.67535,220257,IN
Fuencarral-El Pardo,40.4984,-3.7314,220085,ES
Shevchenkivskyi,50.46408,30.46576,220077,UA
Mirzāpur,25.1449,82.56534,220029,IN
Oviedo,43.36029,-5.84476,220027,ES
Bandar Seri Alam,1.50434,103.87525,220000,MY
Messina,38.19394,15.55256,219948,IT
Dehiwala-Mount Lavinia,6.84019,79.87116,219827,LK
Kropyvnytskyy,48.50834,32.26618,219676,UA
Kharagpur,22.33971,87.32501,219665,IN
Kabinda,-6.13791,24.48179,219396,CD
Jacobabad,28.28187,68.43761,219315,PK
Tunduma,-9.3,32.76667,219309,TZ
Binangonan,14.4646,121.1929,219204,PH
Oberhausen,51.47805,6.8625,219176,DE
Chon Buri,13.3622,100.98345,219164,TH
Santa Luzia,-19.76972,-43.85139,219132,BR
Prokop’yevsk,53.91518,86.71891,219000,RU
Samambaia,-15.88231,-48.10428,218840,BR
Esmeraldas,0.9592,-79.65397,218727,EC
Terrassa,41.56667,2.01667,218535,ES
Barking,51.53333,0.08333,218534,GB
Wuhai,39.68442,106.81583,218427,CN
Imperatriz,-5.52639,-47.49167,218106,BR
Koutiala,12.38723,-5.46507,218031,ML
Eluru,16.71311,81.10437,218020,IN
Rāniganj,17.42841,78.49361,217910,IN
San Pedro de Macorís,18.4539,-69.30864,217899,DO
Galaţi,45.43687,28.05028,217851,RO
Badalona,41.45004,2.24741,217741,ES
Kremenchuk,49.06253,33.40484,217710,UA
Mokotów,52.1934,21.03487,217683,PL
Taiping,4.85,100.73333,217647,MY
Yintai,35.11524,109.09702,217509,CN
Mainz,49.98185,8.28008,217123,DE
Yamuna Nagar,30.12796,77.28371,217071,IN
Cabo de Santo Agostinho,-8.28773,-35.02925,216969,BR
Arakawa,35.73825,139.78047,216900,JP
Pangkalpinang,-2.12914,106.11377,216893,ID
Jamaica,40.69149,-73.80569,216866,US
Buenavista,19.60833,-99.16944,216776,MX
Gilgit,35.91869,74.31245,216760,PK
Rybinsk,58.04562,38.83811,216724,RU
Santa Rosa,14.31222,121.11139,216650,PH
Trondheim,63.43049,10.39506,216518,NO
Raurkela Industrial Township,22.19994,84.86176,216410,IN
Porlamar,10.95771,-63.86971,216234,VE
San Bernardino,34.10834,-117.28977,216108,US
Ciudad Acuña,29.32322,-100.95217,216099,MX
Oulu,65.01236,25.46816,216066,FI
Sinop,-11.86417,-55.5025,216029,BR
Bidar,17.90802,77.51524,216020,IN
Vykhino-Zhulebino,55.70196,37.81178,216000,RU
Lutsk,50.75784,25.35024,215986,UA
Freiburg,47.9959,7.85222,215966,DE
San Cristóbal de las Casas,16.73006,-92.63825,215874,MX
Zelenograd,55.9825,37.18139,215727,RU
Archway,51.56733,-0.13415,215667,GB
Wangsa Maju,3.20056,101.73972,215600,MY
Salt Lake City,40.76078,-111.89105,215548,US
Biysk,52.53423,85.19661,215430,RU
Novi Sad,45.25167,19.83694,215400,RS
Jinzhou,39.1,121.71667,215386,CN
Jiutepec,18.88139,-99.17778,215357,MX
Longgang,22.72289,114.26326,215273,CN
Monclova,26.90687,-101.42056,215271,MX
Tân An,10.53589,106.41366,215250,VN
Ma On Shan,22.40613,114.24079,215200,HK
Commonwealth,14.6969,121.08006,215034,PH
Huntsville,34.7304,-86.58594,215006,US
Jabaquara,-23.65055,-46.64591,214958,BR
Ziguinchor,12.56801,-16.27326,214874,SN
Kŭlob,37.91459,69.78454,214700,TJ
Citeureup,-6.48556,106.88194,214668,ID
Centralniy,59.93111,30.36072,214625,RU
Sa Dec,10.29085,105.75635,214610,VN
Kure,34.23222,132.56658,214592,JP
Shagamu,6.8485,3.64633,214558,NG
Bnei Brak,32.08074,34.8338,214444,IL
Khouribga,32.88108,-6.9063,214241,MA
Yingtan,28.23333,117,214229,CN
Des Moines,41.60054,-93.60911,214133,US
Marcory,5.31198,-3.99363,214061,CI
Cartagena,37.60197,-0.98397,213943,ES
Quevedo,-1.02881,-79.46264,213842,EC
Oakville,43.45011,-79.68292,213759,CA
Erfurt,50.97734,11.03536,213692,DE
Naz̧arābād,35.95411,50.60607,213388,IR
Būkān,36.521,46.2089,213331,IR
Munger,25.37459,86.47455,213303,IN
Jacareí,-23.30528,-45.96583,213110,BR
Jerez de la Frontera,36.68645,-6.13606,212879,ES
El Jadida,33.25682,-8.50882,212863,MA
Zitong,30.1782,105.82991,212819,CN
Loa Janan,-0.58295,117.09503,212816,ID
Târgu Mureş,46.54245,24.55747,212752,RO
Fontana,34.09223,-117.43505,212704,US
Zhubei,24.83833,121.00778,212695,TW
Rancagua,-34.1691,-70.74053,212695,CL
Mallawī,27.73264,30.84129,212628,EG
Pasuruan,-7.6453,112.9075,212466,ID
Cape Coast,5.10535,-1.2466,212426,GH
Bukit Mertajam,5.36301,100.4667,212329,MY
Lipa City,13.9411,121.1631,212287,PH
Lübeck,53.86893,10.68729,212207,DE
Luojiang,31.30497,104.50484,212186,CN
Sepang,2.6931,101.7498,212050,MY
Cobán,15.47025,-90.37455,212047,GT
Maricá,-22.91944,-42.81861,211986,BR
Cao Lãnh,10.46017,105.63294,211912,VN
Isesaki,36.31667,139.2,211850,JP
Sabadell,41.54329,2.10942,211734,ES
Jaraguá,-23.44077,-46.73774,211610,BR
Taito,35.70749,139.7788,211444,JP
Nandyāl,15.47799,78.4836,211424,IN
Santa Cruz de Tenerife,28.46824,-16.25462,211359,ES
Panchkula,30.69461,76.8504,211355,IN
Esenyurt,41.02697,28.67732,211330,TR
Modesto,37.6391,-120.99688,211266,US
Panabo,7.30806,125.68417,211242,PH
Lijiang,26.86879,100.22072,211151,CN
Konibodom,40.29414,70.43122,211100,TJ
Hailar,49.2,119.7,211066,CN
Itaquera,-23.53194,-46.44417,210960,BR
Kabankalan,9.9839,122.81423,210893,PH
Burhānpur,21.30868,76.23026,210886,IN
Abha,18.21639,42.50528,210886,SA
Burgas,42.50651,27.46886,210646,BG
Pskov,57.81922,28.33181,210501,RU
Morvi,22.81731,70.8377,210451,IN
Daliang,22.84067,113.2503,210411,CN
Quilicura,-33.36799,-70.71388,210410,CL
Beni Mellal,32.33725,-6.34983,210397,MA
Ashuganj City,24.04016,91.0117,210356,BD
Sidi Bel Abbes,35.18994,-0.63085,210146,DZ
Arroyo Naranjo,23.03811,-82.37703,210053,CU
Kostanay,53.21435,63.62463,210000,KZ
Jebel Ali,25.00255,55.10811,210000,AE
Bogra,24.85098,89.37108,210000,BD
Richmond,49.17003,-123.13683,209937,CA
Rochester,43.15478,-77.61556,209802,US
Kanggye,40.96946,126.58523,209530,KP
Chungju,36.97666,127.9287,209483,KR
Anand,22.55251,72.9552,209410,IN
São Leopoldo,-29.76028,-51.14722,209229,BR
Bade,24.92981,121.28372,209148,TW
Luziânia,-16.2525,-47.95028,209129,BR
Oruro,-17.97153,-67.0932,208684,BO
Bachuan,29.84863,106.05046,208520,CN
La Romana,18.42332,-68.96635,208437,DO
Shashamane,7.2,38.6,208400,ET
Hangu,39.24889,117.78917,208369,CN
Ongole,15.50357,80.04454,208344,IN
Pamplona,42.81687,-1.64323,208243,ES
Maryvale,33.50199,-112.17765,208189,US
Gangneung,37.75266,128.87239,208161,KR
Portsmouth,50.79899,-1.09125,208100,GB
Gandajika,-6.74504,23.95328,208051,CD
Gunan,29.0231,106.648,208010,CN
Phan Rang-Tháp Chàm,11.56432,108.98858,207998,VN
Ciputat,-6.2375,106.69556,207858,ID
Kasangati,0.43803,32.60246,207800,UG
Sirjan,29.45137,55.6809,207645,IR
Arlington,38.88101,-77.10428,207627,US
Bishoftu,8.75225,38.97846,207400,ET
Nishi-Tokyo-shi,35.72526,139.5383,207388,JP
Bobruysk,53.14636,29.20552,207351,BY
Changam-ch’on,40.60611,128.78194,207299,KP
Bila Tserkva,49.8004,30.12851,207273,UA
Oxnard,34.1975,-119.17705,207254,US
Ciampea,-6.55472,106.70083,207212,ID
Hurghada,27.25738,33.81291,207132,EG
Móstoles,40.32234,-3.86496,207095,ES
Columbus,32.46098,-84.98771,206922,US
Mantilla,23.06794,-82.34143,206918,CU
Dosquebradas,4.83916,-75.66727,206693,CO
Toledo,10.3773,123.6386,206692,PH
Turku,60.45148,22.26869,206655,FI
Worcester,42.26259,-71.80229,206518,US
Pagadian,7.8257,123.437,206483,PH
Epworth,-17.89,31.1475,206368,ZW
San Felipe,10.3401,-68.74297,206270,VE
Dinajpur,25.62745,88.63779,206234,BD
Hosapete,15.26954,76.3871,206167,IN
Việt Yên,21.26667,106.13333,205900,VN
Ifakara,-8.13333,36.68333,205843,TZ
Sumbe,-11.20605,13.84371,205832,AO
Ségou,13.44032,-6.25947,205787,ML
Kon Tum,14.35451,108.00759,205762,VN
Itabuna,-14.78556,-39.28028,205660,BR
Latacunga,-0.93424,-78.6152,205624,EC
Nāngloi Jāt,28.67957,77.06799,205596,IN
Kishiwada,34.46667,135.36667,205561,JP
Jinghong,22.00265,100.7697,205523,CN
Mdantsane,-32.93324,27.77656,205504,ZA
Itaim Paulista,-23.50308,-46.38566,205295,BR
São Carlos,-22.0175,-47.89083,205035,BR
Qā’em Shahr,36.46306,52.86007,204953,IR
Shikarpur,27.95558,68.63823,204938,PK
Ternate,0.79065,127.38424,204920,ID
Gongheyong,22.75923,113.79452,204881,CN
Linz,48.30639,14.28611,204846,AT
Dhangaḍhi̇̄,28.70159,80.58991,204788,NP
Nanchuan,29.15201,107.10335,204775,CN
Córdoba,18.8842,-96.92559,204721,MX
Bishan,29.59491,106.22476,204702,CN
Biskra,34.85038,5.72805,204661,DZ
Xizhi,25.06615,121.65985,204619,TW
Gaoping,30.77576,106.10294,204368,CN
Trieste,45.64953,13.77678,204338,IT
Mpanda,-6.34379,31.06951,204338,TZ
Moreno Valley,33.93752,-117.23059,204198,US
Secunderabad,17.50427,78.54263,204182,IN
Sodo,6.86,37.76159,204100,ET
Zliten,32.46739,14.56874,203790,LY
Padua,45.40797,11.88586,203725,IT
Karnaphuli,22.69056,92.23472,203697,BD
Las Tunas,20.96135,-76.95192,203684,CU
Matsue,35.48333,133.05,203616,JP
Bayamón,18.39856,-66.15572,203499,PR
Gimpo-si,37.62361,126.71417,203391,KR
Lauro de Freitas,-12.89444,-38.32722,203331,BR
Deoghar,24.48983,86.69902,203123,IN
Fianarantsoa,-21.45267,47.08569,203105,MG
Vasyl'evsky Ostrov,59.94091,30.25377,203058,RU
Sobral,-3.68611,-40.34972,203023,BR
Chāndpur,23.22714,90.65433,203000,BD
Atsiaman,5.69775,-0.32824,202932,GH
Bandundu Province,-3.31687,17.38063,202904,CD
Osmaniye,37.07417,36.24778,202837,TR
Bābol,36.55102,52.6786,202796,IR
Cabo San Lucas,22.89088,-109.91238,202694,MX
Little Rock,34.74648,-92.28959,202591,US
Çorlu,41.16069,27.80093,202578,TR
Madiun,-7.6298,111.5239,202544,ID
Iringa,-7.76667,35.7,202490,TZ
Debrecen,47.53167,21.62444,202402,HU
Chāpra,25.78031,84.74709,202352,IN
Motijheel,23.72772,90.41919,202308,BD
Barishal,22.70497,90.37013,202242,BD
Richmond Hill,43.87111,-79.43725,202022,CA
Fayetteville,35.05266,-78.87836,201963,US
Al Khums,32.64861,14.26191,201943,LY
Huntington Beach,33.6603,-117.99923,201899,US
Favoriten,48.16116,16.38233,201882,AT
Koronadal,6.50306,124.84694,201844,PH
Genève,46.20222,6.14569,201741,CH
Tallahassee,30.43826,-84.28073,201731,US
Swindon,51.55797,-1.78116,201669,GB
Rengasdengklok,-6.15917,107.29806,201463,ID
Rio Claro,-22.41139,-47.56139,201418,BR
Salatiga,-7.33194,110.49278,201369,ID
Cajamarca,-7.16378,-78.50027,201329,PE
Townsville,-19.26639,146.80569,201313,AU
Thanh Khê,16.0706,108.19102,201240,VN
La Pintana,-33.58331,-70.63419,201178,CL
Daşoguz,41.83625,59.96661,201142,TM
Yonkers,40.9304,-73.89789,201116,US
Glendale,34.14251,-118.25508,201020,US
Dadu,26.73033,67.7769,201017,PK
Arba Minch,6.03333,37.55,201000,ET
Banjar,-7.1955,107.4313,200970,ID
Soyo,-6.1349,12.36894,200920,AO
Petropavl,54.87343,69.15065,200920,KZ
Cypress,29.96911,-95.69717,200839,US
Khandwa,21.82427,76.35086,200738,IN
Aurora,41.76058,-88.32007,200661,US
Puri,19.79825,85.82494,200564,IN
Morena,26.49892,77.99534,200482,IN
Nicosia,35.17284,33.35397,200452,CY
Brescia,45.53558,10.21472,200423,IT
Nasimshahr,35.56528,51.1583,200393,IR
Nasīm Shahr,35.56504,51.16332,200393,IR
Ugep,5.80865,8.08098,200276,NG
Kamina,-8.73508,24.99798,200184,CD
Yanbu,24.08954,38.0618,200161,SA
Nagareyama,35.8563,139.90266,200136,JP
Charleroi,50.41136,4.44448,200132,BE
Lạng Sơn,21.85264,106.76101,200108,VN
Yuen Long San Hui,22.43333,114.03333,200000,HK
Yuen Long,22.44518,114.02621,200000,HK
Sumedang,-6.85861,107.91639,200000,ID
Shahkot,31.5709,73.48531,200000,PK
Severnyy,55.93583,37.54889,200000,RU
São José,-28.21344,-49.16383,200000,BR
Salé Al Jadida,33.99722,-6.74047,200000,MA
Rayon KTZ,49.94349,36.36959,200000,UA
Nyingchi,29.64885,94.35509,200000,CN
Gyānpur,25.33268,82.46637,200000,IN
El Dibir,11.76667,51.21667,200000,SO
Chakwama,11.55965,9.66407,200000,NG
Bukit Jalil,3.04913,101.68036,200000,MY
Bandar Utama,3.14818,101.61407,200000,MY
Bandar Sunway,3.0693,101.6074,200000,MY
Az Zāwīyah,32.7571,12.72764,200000,LY
Beiliu,22.70722,110.34917,199769,CN
Iquique,-20.21326,-70.15027,199587,CL
Thuận Thanh,21.046,106.079,199577,VN
Balakovo,52.02639,47.79671,199572,RU
Armavir,44.99849,41.11472,199548,RU
Kamoke,31.97526,74.22304,199531,PK
Yachiyo,35.73531,140.12445,199498,JP
Saidpur,25.77769,88.89169,199422,BD
Punggol,1.41444,103.90694,199400,SG
Quận Bốn,10.76684,106.70574,199329,VN
Arīsh,31.13159,33.79844,199243,EG
Rawang,3.3213,101.5767,199095,MY
Dudley,52.5,-2.08333,199059,GB
Mushin,6.52799,3.35411,199000,NG
Yuzhno-Sakhalinsk,46.9543,142.73559,198973,RU
Hagen,51.36081,7.47168,198972,DE
Guacara,10.22609,-67.877,198883,VE
Valparaíso de Goiás,-16.06583,-47.97861,198861,BR
Gliwice,50.29761,18.67658,198835,PL
Changji,44.00782,87.30461,198776,CN
Kodaira,35.72603,139.48508,198739,JP
Plano Piloto,-15.79411,-47.8825,198697,BR
Amarillo,35.222,-101.8313,198645,US
Bulandshahr,28.40392,77.85773,198612,IN
Lusail,25.4175,51.5075,198600,QA
Aberdeen,57.14369,-2.09814,198590,GB
Taranto,40.46438,17.24707,198585,IT
Capiatá,-25.3552,-57.44545,198553,PY
Gorontalo,0.5375,123.0625,198539,ID
Duyun,26.26667,107.51667,198516,CN
Naivasha,-0.71383,36.43261,198444,KE
Kaiyuan,23.69767,103.30372,198423,CN
Rzeszów,50.04132,21.99901,198317,PL
Rostock,54.0887,12.14049,198293,DE
Parma,44.79935,10.32618,198292,IT
Sibu,2.3,111.81667,198239,MY
Arnavutköy,41.18355,28.7402,198165,TR
Itami,34.78427,135.40126,198138,JP
Podil,50.46936,30.51627,198123,UA
Mentougou,39.93819,116.09307,197772,CN
Bhind,26.56671,78.78728,197585,IN
Akron,41.08144,-81.51901,197542,US
Talca,-35.4232,-71.64974,197479,CL
Ciudad Madero,22.2475,-97.83665,197216,MX
Gemena,3.25651,19.77234,197159,CD
Bhālswa Jahangirpur,28.73558,77.16682,197148,IN
Lushui,25.8232,98.85853,197000,CN
Bīrjand,32.86628,59.22114,196982,IR
Toruń,53.01375,18.59814,196935,PL
Almería,36.83814,-2.45974,196851,ES
Jijiang,29.28993,106.25001,196787,CN
Huánuco,-9.92882,-76.23989,196627,PE
Higashihiroshima,34.40861,132.73682,196608,JP
İzmit,40.76499,29.92928,196571,TR
Reims,49.26526,4.02853,196565,FR
Hanfeng,31.16946,108.4031,196528,CN
Vancouver,45.63873,-122.66149,196442,US
Birmingham,33.52066,-86.80249,196357,US
Laayoune,27.1418,-13.18797,196331,EH
Khammam,17.24767,80.14368,196283,IN
H̱olon,32.01034,34.77918,196282,IL
Middelburg,-25.77507,29.46482,196263,ZA
Icheon-si,37.27917,127.4425,196230,KR
Phra Pradaeng,13.65855,100.53362,196129,TH
Moundou,8.57437,16.07722,196124,TD
Sambhal,28.58498,78.56959,196109,IN
Lhokseumawe,5.1801,97.1507,196067,ID
Bhiwāni,28.79304,76.13968,196057,IN
Engels,51.48389,46.10528,196011,RU
Ciudad Lázaro Cárdenas,17.96256,-102.19887,196003,MX
Mocuba,-16.8375,36.98556,196001,MZ
Hetauda,27.42839,85.03219,195951,NP
Durrës,41.32355,19.45469,195920,AL
Suzuka,34.88333,136.58333,195670,JP
La Plata,-34.92126,-57.95442,195443,AR
Janakpur,26.72882,85.92628,195438,NP
Kamirenjaku,35.69423,139.55495,195391,JP
Panvel,18.98878,73.11013,195373,IN
Peicheng,34.73611,116.92472,195363,CN
Maharagama,6.848,79.9265,195355,LK
Montgomery,32.36681,-86.29997,195287,US
Liège,50.63373,5.56749,195278,BE
Kumagaya,36.13497,139.39004,195277,JP
Guri-si,37.5986,127.1394,195236,KR
Ambāla,30.36099,76.79782,195153,IN
Grand Rapids,42.96336,-85.66809,195097,US
Prato,43.8805,11.09699,195089,IT
Kumarapalayam,11.44495,77.71102,195071,IN
Butwāl,27.70055,83.44836,195054,NP
Langsa,4.4683,97.9683,194730,ID
Kayes,14.44776,-11.44393,194716,ML
Kafr ash Shaykh,31.11174,30.93991,194569,EG
Çiğli,38.49645,27.07029,194525,TR
Kassel,51.31667,9.5,194501,DE
Tébessa,35.40417,8.12417,194461,DZ
Kuala Kubu Baharu,3.5638,101.6581,194387,MY
Karuri,-1.17641,36.7564,194342,KE
Karuri,-0.7,37.18333,194342,KE
Manéah,9.73333,-13.41667,194297,GN
Severodvinsk,64.55825,39.82971,194292,RU
Kowloon City Centre,22.32979,114.18889,194290,HK
Matuga,-4.168,39.57068,194252,KE
Düzce,40.83889,31.16389,194097,TR
Nnewi,6.01962,6.91729,193987,NG
Yamaguchi,34.18333,131.46667,193966,JP
Alcalá de Henares,40.48205,-3.35996,193751,ES
Başakşehir,41.106,28.791,193750,TR
Ezhou,30.4,114.83333,193652,CN
Zhengding,38.14501,114.56556,193524,CN
Taguatinga,-15.83326,-48.05506,193367,BR
Braga,41.5514,-8.42311,193324,PT
Garhi Khairo,28.05717,67.97898,193297,PK
Luanshya,-13.13667,28.41661,193293,ZM
Bang Khae,13.69196,100.40691,193002,TH
Bago City,10.53333,122.83333,192993,PH
Yongchuan,29.35376,105.89392,192954,CN
Uji,34.89044,135.80325,192925,JP
Machilīpatnam,16.18747,81.13888,192827,IN
Hepu,21.65921,109.20011,192813,CN
Aihui,49.97946,127.48119,192764,CN
Hyesan,41.40167,128.17778,192680,KP
Bayamo,20.37368,-76.64272,192632,CU
Kielce,50.87033,20.62752,192468,PL
Pār Naogaon,24.80418,88.94875,192464,BD
Fuding,27.32734,120.21399,192352,CN
Nossa Senhora do Socorro,-10.855,-37.12611,192330,BR
Castanhal,-1.29389,-47.92639,192256,BR
Zabrze,50.32492,18.78576,192177,PL
Cidade Tiradentes,-23.58481,-46.40084,192177,BR
Bojnūrd,37.47473,57.32903,192041,IR
Surulere,6.50153,3.35808,191920,NG
Humen,22.81899,113.67306,191891,CN
Hat Yai,7.00836,100.47668,191696,TH
Haicheng,40.85158,122.74754,191651,CN
Curug,-6.26583,106.55639,191406,ID
Barrancabermeja,7.06528,-73.85472,191403,CO
Zlatoust,55.17182,59.65471,191366,RU
Mukono,0.35333,32.75528,191300,UG
Angren,41.01667,70.14361,191300,UZ
Ciudad del Carmen,18.64592,-91.82991,191238,MX
Nova Friburgo,-22.28194,-42.53111,191158,BR
Khairpur Mir’s,27.52948,68.75915,191044,PK
Khujand,40.28256,69.62216,191000,TJ
Business Bay,25.18544,55.26969,191000,AE
Peoria,33.5806,-112.23738,190985,US
Ashaiman,5.69951,-0.03484,190972,GH
Providence,41.82399,-71.41283,190934,US
Choa Chu Kang New Town,1.3825,103.74972,190890,SG
Palopo,-2.9925,120.19694,190867,ID
Mahesāna,23.59864,72.38472,190753,IN
Knoxville,35.96064,-83.92074,190740,US
Fuenlabrada,40.28419,-3.79415,190496,ES
Hino,35.67306,139.40028,190435,JP
Jhelum,32.93448,73.73102,190425,PK
Mahbūbnagar,16.74385,77.98597,190400,IN
Cork,51.89797,-8.47061,190384,IE
Beipiao,41.79194,120.77917,190315,CN
Pak Kret,13.91301,100.49883,190272,TH
Cẩm Phả,21.01004,107.27345,190232,VN
Al Fallūjah,33.34913,43.78599,190159,IQ
Jinshanlu,47.8505,88.13286,190064,CN
Ise-Ekiti,7.46478,5.42333,190063,NG
Bontang,0.1324,117.4854,189968,ID
Saddiqabad,28.3091,70.12652,189876,PK
Hamilton,-37.78333,175.28333,189700,NZ
Kofu,35.66667,138.56667,189591,JP
Numazu,35.1,138.86667,189486,JP
Jōetsu,37.14828,138.23642,189430,JP
Planaltina,-15.61791,-47.64874,189412,BR
Sunrise Manor,36.21108,-115.07306,189372,US
Sambalpur,21.46527,83.97573,189366,IN
Syzran,53.1585,48.4681,189338,RU
Danshui,25.17196,121.4429,189271,TW
Bytom,50.34802,18.93282,189186,PL
Mwene-Ditu,-7.00906,23.45278,189177,CD
Panalanoy,11.25111,125.00639,189090,PH
Santarém,-2.44306,-54.70833,189047,BR
Guixi,30.33355,107.34545,188980,CN
Odawara,35.25556,139.15972,188856,JP
Camaçari,-12.6975,-38.32417,188758,BR
Labuan Bajo,-8.4964,119.8877,188724,ID
Anjō,34.95828,137.08054,188693,JP
Boyeros,23.0072,-82.4017,188593,CU
George,-33.963,22.46173,188580,ZA
Tottori-shi,35.5,134.23333,188465,JP
Leganés,40.32718,-3.7635,188425,ES
Acarigua,9.55451,-69.19564,188278,VE
Hosa’ina,7.54978,37.85374,188200,ET
Sai Mai,13.92068,100.64552,188123,TH
Yawnghwe,20.65973,96.93376,188083,MM
Mabalacat City,15.22303,120.57117,188050,PH
Riohacha,11.54444,-72.90722,188014,CO
Santa Bárbara d'Oeste,-22.75361,-47.41361,188000,BR
Laizhou,37.18073,119.94217,188000,CN
Rio Grande,-32.035,-52.09861,187838,BR
Grand Prairie,32.74596,-96.99778,187809,US
Sorsogon,12.97389,123.99333,187670,PH
Ait Melloul,30.34164,-9.50356,187652,MA
Sutton,51.35,-0.2,187600,GB
Shreveport,32.52515,-93.75018,187593,US
Getafe,40.30571,-3.73295,187525,ES
Quận Năm,10.75567,106.66745,187510,VN
Bhusawal,21.04365,75.78506,187421,IN
Miraflores,-12.11331,-77.03274,187401,PE
Alvorada,-30.00018,-51.07632,187315,BR
Chilpancingo,17.55228,-99.50124,187251,MX
Cachoeiro de Itapemirim,-20.84889,-41.11278,187019,BR
Donaustadt,48.2333,16.46002,187007,AT
Pinar del Río,22.41649,-83.69657,186990,CU
Huixing,29.68403,106.61486,186972,CN
Kırıkkale,39.84528,33.50639,186960,TR
Batumi,41.64077,41.6306,186949,GE
Burlington,43.38621,-79.83713,186948,CA
Pābna,24.00644,89.2372,186781,BD
Brownsville,25.90175,-97.49748,186738,US
Changyuan,29.40499,105.58827,186653,CN
Cienfuegos,22.14681,-80.4481,186644,CU
Beersheba,31.25181,34.7913,186600,IL
El Oued,33.35608,6.86319,186525,DZ
Overland Park,38.98223,-94.67079,186515,US
Raebareli,26.2309,81.23315,186433,IN
Shangri-La,27.82511,99.70779,186400,CN
Springs,-26.25,28.4,186394,ZA
Newport News,36.98038,-76.42975,186247,US
Yangcheng,29.99968,106.25604,186242,CN
Mopti,14.4843,-4.18296,186187,ML
Khuraybat as Sūq,31.87913,35.92098,186158,JO
Zawiya,32.75222,12.72778,186123,LY
Zamora de Hidalgo,19.98404,-102.28634,186102,MX
Haridwar,29.94791,78.16025,186079,IN
Ad-Damazin,11.7891,34.3592,186051,SD
Dunhuang,40.16667,94.68333,186027,CN
Jing’an,22.21072,113.29218,186000,CN
Le Havre,49.49346,0.10785,185972,FR
Verhunskyi,48.58573,39.37158,185593,UA
Phusro,23.75644,86.0051,185555,IN
Donostia / San Sebastián,43.31283,-1.97499,185357,ES
Poza Rica de Hidalgo,20.53315,-97.45946,185242,MX
Bilbeis,30.42039,31.56223,185237,EG
Roxas City,11.58528,122.75111,185236,PH
Paris 20 Ménilmontant,48.8646,2.3984,185140,FR
Kütahya,39.42417,29.98333,185008,TR
Modena,44.64783,10.92539,184732,IT
Bolu,40.73583,31.60611,184682,TR
Toyokawa,34.81667,137.4,184661,JP
Adoni,15.62788,77.27495,184625,IN
Izumi,34.48333,135.43333,184615,JP
Santa Anita - Los Ficus,-12.05048,-76.97335,184614,PE
Zaoyang,32.12722,112.75417,184509,CN
Paltan,23.73625,90.41426,184492,BD
Ivory Park,-25.9957,28.1971,184383,ZA
Al Qāmishlī,37.05215,41.23142,184231,SY
Padalarang,-6.83778,107.47278,184182,ID
Abakan,53.7154,91.42593,184168,RU
Pemalang,-6.89193,109.38263,184149,ID
Breda,51.58656,4.77596,184126,NL
Vĩnh Châu,9.32439,105.98006,183918,VN
Burewala,30.16667,72.65,183915,PK
Baishan,41.93853,126.41965,183880,CN
Sūjāngarh,27.7,74.46667,183808,IN
Tachikawa,35.7091,139.41891,183581,JP
Cergy-Pontoise,49.03894,2.07805,183430,FR
Unaizah,26.1,44,183319,SA
Mobile,30.69436,-88.04305,183289,US
St Helens,53.45,-2.73333,183200,GB
Tanjungbalai,2.96667,99.8,183170,ID
Fort Lauderdale,26.12231,-80.14338,183146,US
Lembang,-6.81167,107.6175,183130,ID
Paris 18 Buttes-Montmartre,48.8925,2.3444,183127,FR
Sants-Montjuïc,41.37263,2.1546,183120,ES
Oradea,47.0458,21.91833,183105,RO
Bunda,-2.02153,33.87109,182970,TZ
Skikda,36.87617,6.90921,182903,DZ
Mīāneh,37.421,47.715,182848,IR
Tirmiz,37.22417,67.27833,182800,UZ
Jaraguá do Sul,-26.48611,-49.06667,182660,BR
Cúa,10.16245,-66.88248,182558,VE
Sirsa,29.53489,75.02898,182534,IN
Kamensk-Ural’skiy,56.40626,61.93347,182500,RU
Cidade Dutra,-23.72576,-46.7024,182459,BR
Reggio Calabria,38.11047,15.66129,182455,IT
Dinapur Nizamat,25.63847,85.05118,182429,IN
Santa Clarita,34.39166,-118.54259,182371,US
Carletonville,-26.36094,27.39767,182304,ZA
Dubréka,9.79111,-13.52333,182296,GN
Banhā,30.45977,31.1842,182254,EG
Bahraigh,27.57429,81.59474,182218,IN
Ash Shaţrah,31.40906,46.1727,182175,IQ
Quarto Oggiaro,45.51314,9.14343,182118,IT
Potsdam,52.39886,13.06566,182112,DE
Tsing Yi Town,22.35,114.1,182100,HK
Guarapuava,-25.39048,-51.46541,182093,BR
Monywa,22.10856,95.13583,182011,MM
Mwala,-1.35255,37.45482,181896,KE
Kāraikkudi,10.06615,78.76784,181851,IN
Araure,9.58144,-69.23851,181820,VE
Sultan Pur Majra,28.68966,77.07648,181554,IN
Zhenping,33.03457,112.22763,181528,CN
Paris 13 Gobelins,48.8322,2.3561,181271,FR
Anda,46.44867,125.30161,181271,CN
Petropavlovsk-Kamchatsky,53.06393,158.62751,181216,RU
Wādī as Sīr,31.9545,35.81831,181212,JO
Fardīs,35.7555,50.9967,181174,IR
Chattanooga,35.04563,-85.30968,181099,US
Guna,24.64691,77.3113,180935,IN
Odense,55.39594,10.38831,180863,DK
Singosari,-7.8924,112.6658,180740,ID
Sacaba,-17.39799,-66.03825,180726,BO
Quetzaltenango,14.84462,-91.52316,180706,GT
Chandannagar,22.86225,88.36796,180623,IN
Baharampur,24.10473,88.25155,180547,IN
Ploieşti,44.95,26.01667,180540,RO
Berazategui,-34.76531,-58.21278,180523,AR
Shahuwadi,16.90993,73.94654,180322,IN
Madanapalle,13.5503,78.50288,180180,IN
Tangail,24.24984,89.91655,180144,BD
Shulin,24.99085,121.42199,180044,TW
Edirne,41.67719,26.55597,180002,TR
Yasenevo,55.60686,37.51991,180000,RU
Pingwu County,32.40732,104.52738,180000,CN
Phúc Yên,21.23695,105.70483,180000,VN
Nepean,45.33619,-75.7225,180000,CA
Kyaukpyu,19.42793,93.55134,180000,MM
Shivpuri,25.42378,77.66223,179977,IN
Yangju,37.83311,127.06169,179923,KR
Praga Południe,52.24424,21.08545,179836,PL
Pirituba,-23.48982,-46.7322,179724,BR
Kasama,-10.21289,31.18084,179636,ZM
Surendranagar,22.72706,71.64856,179628,IN
Alexandra,-26.10528,28.09884,179624,ZA
Obuase,6.20228,-1.66796,179604,GH
Varāmīn,35.3242,51.6457,179603,IR
Novozavodskyi,51.4893,31.25634,179600,UA
Tsentralnyi,47.09833,37.54838,179582,UA
Passo Fundo,-28.26278,-52.40667,179529,BR
Legaspi,13.14125,123.74073,179481,PH
Phú Quốc,10.28715,104.01047,179480,VN
Podolsk,55.42419,37.55472,179400,RU
Saarbrücken,49.23262,7.00982,179349,DE
Purwakarta,-6.55694,107.44333,179233,ID
Jizzax,40.13351,67.82956,179200,UZ
Ferraz de Vasconcelos,-23.54083,-46.36861,179198,BR
Thị Trấn Đại Từ,21.63384,105.63766,179192,VN
Ila Orangun,8.01714,4.90421,179192,NG
Neyveli,11.60877,79.4994,179150,IN
Angra dos Reis,-23.00667,-44.31806,179120,BR
Qianjiang,30.421,112.8919,179079,CN
Hamm,51.68033,7.82089,178967,DE
Si Racha,13.17372,100.93111,178916,TH
Tiaret,35.37103,1.31699,178915,DZ
La Rioja,-29.41328,-66.85637,178872,AR
Silchar,24.82733,92.79787,178865,IN
Amadora,38.75382,-9.23083,178858,PT
Cuautitlán,19.67052,-99.17989,178847,MX
Ipswich,52.05917,1.15545,178835,GB
Njeru,0.44166,33.17917,178800,UG
Toliara,-23.35,43.66667,178725,MG
Paris 19 Buttes-Chaumont,48.8817,2.3822,178691,FR
Saki,8.66762,3.39393,178677,NG
Chlef,36.16525,1.33452,178616,DZ
Fontanar,23.02389,-82.408,178601,CU
Seogwipo,33.25333,126.56181,178552,KR
Concepcion,15.32546,120.65723,178549,PH
East Flatbush,40.65371,-73.93042,178464,US
Spring Valley,36.10803,-115.245,178395,US
Metro,-5.11306,105.30667,178381,ID
Livingstone,-17.84194,25.85425,178361,ZM
Potchefstroom,-26.71667,27.1,178285,ZA
Santa Rosa,38.44047,-122.71443,178127,US
Ciudad Camilo Cienfuegos,23.16076,-82.32798,178041,CU
Paris 13e Arrondissement,48.8262,2.35986,177833,FR
Proddatūr,14.7502,78.54813,177797,IN
Sittwe,20.14624,92.89835,177743,MM
Dundo,-7.36643,20.81557,177604,AO
Basel,47.55839,7.57327,177595,CH
Meiktila,20.87776,95.85844,177442,MM
Gulu,2.77457,32.29899,177400,UG
Nijmegen,51.8425,5.85278,177359,NL
Tovuz,40.99249,45.62838,177200,AZ
Idkū,31.3073,30.2981,177152,EG
Uppsala,59.85882,17.63889,177074,SE
Hugli,22.90877,88.39674,177005,IN
Hashtsāl,28.63406,77.05771,176877,IN
Bragança Paulista,-22.9527,-46.54418,176811,BR
Teresópolis,-22.4167,-42.97822,176692,BR
San Luis Río Colorado,32.4555,-114.77037,176685,MX
Santa Ana,13.98827,-89.55685,176661,SV
Eugene,44.05207,-123.08675,176654,US
Nador,35.16813,-2.93352,176600,MA
Al Muharraq,26.25722,50.61194,176583,BH
Malāyer,34.30158,48.82166,176573,IR
Bielsko-Biala,49.82245,19.04686,176515,PL
Marsá Maţrūḩ,31.3529,27.23725,176498,EG
Almere Stad,52.37025,5.21413,176432,NL
Burgos,42.34106,-3.70184,176418,ES
Gijang,35.24417,129.21389,176388,KR
Lander,10.18333,-66.7,176346,VE
Saint-Étienne,45.43389,4.39,176280,FR
Amroha,28.90314,78.46984,176253,IN
Narashino,35.68184,140.04152,176197,JP
Béjaïa,36.75587,5.08433,176139,DZ
Zhenzhou,32.28034,119.16999,176006,CN
Tempe,33.41477,-111.90931,175826,US
Xindi,29.81667,113.46667,175761,CN
Oceanside,33.19587,-117.37948,175691,US
Bella Vista,18.45539,-69.9454,175683,DO
Fengcheng,29.82587,107.06019,175576,CN
Salem,44.9429,-123.0351,175535,US
Sāveh,35.0213,50.3566,175533,IR
Wigan,53.54296,-2.63706,175405,GB
Garden Grove,33.77391,-117.94145,175393,US
Karaman,37.18111,33.215,175390,TR
Oshawa,43.90012,-78.84957,175383,CA
Khowy,38.5503,44.9521,175370,IR
Siverek,37.75503,39.31667,175341,TR
Palhoça,-27.64528,-48.66778,175272,BR
Rancho Cucamonga,34.1064,-117.59311,175236,US
Cape Coral,26.56285,-81.94953,175229,US
Tân Châu,10.79832,105.23887,175211,VN
Jiutai,44.15127,125.82975,175115,CN
Chhindwāra,22.05697,78.93958,175052,IN
Khānaqīn,34.3482,45.39065,175000,IQ
Naga,13.61917,123.18139,174931,PH
Tomakomai,42.63694,141.60333,174806,JP
Tambaram,12.9246,80.12707,174787,IN
San Miguel de Allende,20.91528,-100.74389,174615,MX
Cianjur,-6.82222,107.13944,174587,ID
Pamulang,-6.34278,106.73833,174557,ID
Hitachi,36.6,140.65,174508,JP
Timon,-5.09417,-42.83667,174465,BR
Bhetia,22.79321,86.14098,174355,IN
Bo,7.96472,-11.73833,174354,SL
Pathānkot,32.27484,75.65287,174306,IN
Badlapur,19.15516,73.26553,174226,IN
Cikupa,-6.23639,106.50833,174041,ID
Puerto Cabello,10.47306,-68.0125,174000,VE
Latkrabang,13.72784,100.74609,173987,TH
Sakura,35.71667,140.23333,173740,JP
Ube,33.94306,131.25111,173733,JP
Daule,-1.86032,-79.97683,173684,EC
Bayjī,34.92915,43.48878,173677,IQ
Cuddalore,11.75617,79.76693,173636,IN
Santander,43.46589,-3.80493,173635,ES
Tlemcen,34.87833,-1.315,173531,DZ
Shimla,31.10442,77.16662,173503,IN
Shāhīn Shahr,32.85788,51.5529,173329,IR
Croydon,51.38333,-0.1,173314,GB
Myeik,12.43954,98.60028,173298,MM
East New York,40.66677,-73.88236,173198,US
Khān Yūnis,31.34018,34.30627,173183,PS
Dharān,26.81436,87.27972,173096,NP
Albacete,38.99424,-1.85643,173050,ES
Bata,1.86391,9.76582,173046,GQ
Kamakura,35.31085,139.54698,172929,JP
Chicoloapan,19.41687,-98.90202,172919,MX
Gadag-Betageri,15.4167,75.6167,172813,IN
Licheng,23.29549,113.82465,172775,CN
Izumo,35.36667,132.76667,172775,JP
Gadag,15.42977,75.62971,172612,IN
Ongata Rongai,-1.3953,36.764,172569,KE
Lang'ata,-1.3666,36.73324,172569,KE
Tunja,5.54481,-73.35756,172548,CO
Quillacollo,-17.39228,-66.27838,172405,BO
Alcorcón,40.34582,-3.82487,172384,ES
Gisenyi,-1.70278,29.25639,172357,RW
Isparta,37.76444,30.55222,172334,TR
Warrington,53.39254,-2.58024,172330,GB
Klaipėda,55.7068,21.13912,172292,LT
Walsall,52.58528,-1.98396,172141,GB
Herne,51.5388,7.22572,172108,DE
Lyublino,55.67738,37.76005,172000,RU
Mansfield,53.13333,-1.2,171958,GB
Reggio nell'Emilia,44.69825,10.63125,171944,IT
Castelló de la Plana,39.98567,-0.04935,171857,ES
Kēng Tung,21.63093,99.92676,171620,MM
Sioux Falls,43.54369,-96.72796,171544,US
Prizren,42.21389,20.73972,171464,XK
Dongling,41.81444,123.57583,171454,CN
Ungaran,-7.13972,110.405,171378,ID
Urayasu,35.65879,139.90055,171362,JP
Baranovichi,53.13253,26.00774,171361,BY
Long Khánh,10.92655,107.24783,171276,VN
Dagupan,16.04313,120.33325,171271,PH
Ontario,34.06334,-117.65089,171214,US
Watthana,13.72978,100.58536,171150,TH
Verāval,20.9077,70.36786,171121,IN
Navsari,20.94237,72.92467,171109,IN
Imabari,34.07001,133.00023,170986,JP
Mansa,-11.19976,28.89431,170965,ZM
Fort Collins,40.58526,-105.08442,170924,US
Mülheim,51.43218,6.87967,170921,DE
Bảo Lộc,11.54798,107.80772,170920,VN
Kulim,5.36499,100.56177,170889,MY
Oshodi,6.55504,3.34363,170870,NG
Ramat Gan,32.08227,34.81065,170822,IL
Bahadurgarh,28.69287,76.93555,170767,IN
Haldia,22.06046,88.10975,170695,IN
Temirtau,50.05197,72.95497,170600,KZ
East Helsinki,60.21043,25.08289,170557,FI
Ibirité,-20.02194,-44.05889,170537,BR
Carolina,18.38078,-65.95739,170404,PR
Rāiganj,25.61281,88.12449,170252,IN
Springfield,37.21533,-93.29824,170188,US
Sunderland,54.90465,-1.38222,170134,GB
Takaoka,36.75,137.01667,170077,JP
Malda,25.00447,88.14573,170039,IN
Guadalupe,22.74678,-102.5188,170029,MX
Araçatuba,-21.20889,-50.43278,170024,BR
Nishio,34.86667,137.05,169984,JP
San Luis,-33.2914,-66.32467,169947,AR
Ouargla,31.94932,5.32502,169928,DZ
Olsztyn,53.78376,20.49272,169793,PL
Kipushi,-11.76097,27.25135,169635,CD
Yuen Long Kau Hui,22.44831,114.03199,169600,HK
Laiyang,36.97583,120.71361,169594,CN
Jaunpur,25.75356,82.68689,169572,IN
Khlong Sam Wa,13.87139,100.73719,169489,TH
Harburg,53.46057,9.98388,169221,DE
Chūō,35.67004,139.77544,169179,JP
Mufulira,-12.54982,28.24071,169136,ZM
Deoli,28.50254,77.23117,169122,IN
Jaffna,9.66845,80.00742,169102,LK
Arad,46.18333,21.31667,169065,RO
Chetumal,18.51957,-88.30397,169028,MX
Bharūch,21.69482,72.9805,169007,IN
Gurúè,-15.46694,36.97778,168971,MZ
San Miguel,-34.54335,-58.71229,168762,AR
Hirosaki,40.59306,140.4725,168739,JP
Pilsen,49.74747,13.37759,168733,CZ
Chalco,19.26174,-98.89775,168720,MX
Toulon,43.12442,5.92836,168701,FR
Vila Andrade,-23.62623,-46.72828,168669,BR
Hoshiārpur,31.53723,75.91269,168653,IN
Poços de Caldas,-21.78778,-46.56139,168641,BR
Calabozo,8.92416,-67.42929,168605,VE
Jabālyā,31.5272,34.48347,168568,PS
Cuauhtémoc,28.4063,-106.86667,168482,MX
Araraquara,-21.79444,-48.17556,168468,BR
Yopal,5.33573,-72.3939,168433,CO
Ituzaingó,-27.58504,-56.68707,168419,AR
Florencia,1.61549,-75.60412,168346,CO
Porto Seguro,-16.44972,-39.06472,168326,BR
Tây Hồ,21.06895,105.81053,168300,VN
Moratuwa,6.773,79.8816,168280,LK
Angers,47.47156,-0.55202,168279,FR
Ilford,51.55765,0.07278,168168,GB
Rio das Ostras,-22.52694,-41.945,168099,BR
Horta-Guinardó,41.41849,2.1677,168092,ES
Pátra,38.2462,21.73508,168034,GR
Rutchenkivskyi,47.97597,37.69677,168029,UA
Đồng Xoài,11.53495,106.88324,168000,VN
Jamālpur,24.91965,89.94812,167900,BD
Kushiro,42.975,144.37472,167875,JP
Berezniki,59.4091,56.8204,167748,RU
Awka,6.21269,7.07199,167738,NG
Volgodonsk,47.51141,42.15269,167731,RU
Hollywood,34.09834,-118.32674,167664,US
Oyama,36.3,139.8,167647,JP
Ijero-Ekiti,7.81514,5.06716,167632,NG
Jīnd,29.31577,76.31502,167592,IN
Miass,55.04552,60.10756,167500,RU
Fortechnyi,48.49865,32.25365,167451,UA
Tuguegarao,17.61577,121.72285,167297,PH
Carúpano,10.66516,-63.25387,167187,VE
Kumbakonam,10.96209,79.39124,167155,IN
Plumbon,-6.705,108.47278,167105,ID
Mary,37.59378,61.83031,167027,TM
Novocherkassk,47.4222,40.09373,166974,RU
Elk Grove,38.4088,-121.37162,166913,US
Mohali,30.67995,76.72211,166864,IN
Linhares,-19.39111,-40.07222,166786,BR
Sampit,-2.5315,112.9496,166773,ID
Clarksville,36.52977,-87.35945,166722,US
Wan Chai,22.28142,114.17258,166695,HK
Linköping,58.41086,15.62157,166673,SE
Iwata,34.7,137.85,166672,JP
Pembroke Pines,26.00315,-80.22394,166611,US
Maicao,11.37837,-72.2395,166603,CO
Obihiro,42.91722,143.20444,166536,JP
Fatehpur,25.92774,80.81266,166480,IN
Osnabrück,52.27264,8.0498,166462,DE
Calama,-22.45667,-68.92371,166334,CL
Nou Barris,41.44163,2.17727,166310,ES
Nepalgunj,28.05,81.61667,166258,NP
Comitán,16.24004,-92.13668,166178,MX
Ocumare del Tuy,10.1182,-66.77513,166072,VE
Niiza,35.82088,139.55791,166017,JP
Greater Sudbury,46.49,-80.99001,166004,CA
Ulanhot,46.08333,122.08333,165846,CN
Khobar,26.27944,50.20833,165799,SA
Songcheng,26.88194,120.00111,165730,CN
Deer Valley,33.68393,-112.13488,165656,US
São Caetano do Sul,-23.62306,-46.55111,165655,BR
Sawangan,-6.40278,106.77444,165631,ID
Bang Khun Thian,13.66302,100.43416,165491,TH
Murfreesboro,35.84562,-86.39027,165430,US
Pindamonhangaba,-22.92389,-45.46167,165428,BR
Bushehr,28.96887,50.83657,165377,IR
Pechersk,50.44441,30.52348,165360,UA
Dar Bouazza,33.51535,-7.81677,165295,MA
Tonk,26.16638,75.78824,165294,IN
Béchar,31.61667,-2.21667,165241,DZ
Tam Kỳ,15.57364,108.47403,165240,VN
Gölbaşı,39.79043,32.80903,165201,TR
Francisco Morato,-23.28167,-46.74528,165139,BR
Mu-se,23.99742,97.90109,165022,MM
Udupi,13.33467,74.74617,165000,IN
Banjaran,-7.04528,107.58778,164952,ID
Thenali,16.24253,80.63982,164937,IN
Mthatha,-31.58893,28.78443,164848,ZA
Hengshan,45.20837,130.89808,164844,CN
Slough,51.50949,-0.59541,164793,GB
Lages,-27.81611,-50.32611,164676,BR
Neukölln,52.47719,13.43126,164636,DE
Port Saint Lucie,27.29393,-80.35033,164603,US
Sītāpur,27.56192,80.68265,164435,IN
Alandur,13.0025,80.20611,164430,IN
Zenica,44.20169,17.90397,164423,BA
Lajeado,-23.53361,-46.40866,164391,BR
Solingen,51.17343,7.0845,164359,DE
Muridke,31.80258,74.25772,164246,PK
Ðông Hà,16.81625,107.10031,164228,VN
Corona,33.87529,-117.56644,164226,US
Ḩawallī,29.33278,48.02861,164212,KW
Musoma,-1.5,33.8,164172,TZ
Inisa,7.84855,4.32981,164161,NG
Nazran,43.22597,44.77323,164131,RU
Barra Mansa,-22.54417,-44.17139,164052,BR
Ilagan,17.14854,121.88924,164020,PH
Port-Gentil,-0.71933,8.78151,164018,GA
Bhadrāvati,13.84846,75.70502,163903,IN
Hadano,35.37111,139.22361,163787,JP
Piraeus,37.94203,23.64619,163688,GR
Vapi,20.37175,72.90493,163630,IN
Bournemouth,50.72048,-1.8795,163600,GB
Pedreira,-23.70675,-46.64982,163586,BR
Sidon,33.55751,35.37148,163554,LB
‘Ibrī,23.22573,56.51572,163473,OM
Jomvu,-3.98623,39.6082,163415,KE
Garissa,-0.45275,39.64601,163399,KE
Moga,30.81383,75.16878,163397,IN
Peterborough,52.57364,-0.24777,163379,GB
Piedecuesta,6.98789,-73.04953,163362,CO
Tongzhou,39.90395,116.66183,163326,CN
Ludwigshafen am Rhein,49.48121,8.44641,163196,DE
Lat Krabang,13.72341,100.78436,163175,TH
Şalālah,17.01505,54.09237,163140,OM
Büyükçekmece,41.02072,28.58502,163140,TR
Rāj-Nāndgaon,21.09687,81.0289,163114,IN
Aydın,37.84501,27.83963,163022,TR
Envigado,6.17591,-75.59174,163007,CO
Al-Junaynah,13.45262,22.44725,162981,SD
Anbu,23.44895,116.68092,162964,CN
McKinney,33.19762,-96.61527,162898,US
Mostaganem,35.93115,0.08918,162885,DZ
Chirchiq,41.46889,69.58222,162800,UZ
Bandar-e Māhshahr,30.55655,49.18852,162797,IR
Floridsdorf,48.25,16.4,162779,AT
Leverkusen,51.0303,6.98432,162738,DE
Pandi,14.865,120.95722,162725,PH
Capas,15.33117,120.5898,162724,PH
Ning’er,23.04053,101.03683,162711,CN
Haarlem,52.38084,4.63683,162543,NL
Mahābād,36.7631,45.7222,162434,IR
Arnhem,51.98,5.91111,162424,NL
Nkongsamba,4.9547,9.9404,162309,CM
El Vigía,8.6135,-71.65702,162289,VE
Robertsonpet,12.95629,78.27539,162230,IN
Dourados,-22.22111,-54.80556,162202,BR
Kitale,1.01572,35.00622,162174,KE
Suleja,9.18059,7.17939,162135,NG
Taza,34.21,-4.01,162110,MA
Oxford,51.75222,-1.25596,162100,GB
Al Maţarīyah,31.18287,32.03108,162045,EG
Criciúma,-28.6775,-49.36972,161954,BR
Kunduz,36.72895,68.857,161902,AF
Fengcheng,34.70388,116.58717,161850,CN
Trảng Bàng,11.02987,106.35751,161831,VN
Unnāo,26.54706,80.48781,161671,IN
Hortaleza,40.47444,-3.6411,161661,ES
N'dalatando,-9.29782,14.91162,161584,AO
Budaun,28.03811,79.12668,161555,IN
Ōgaki,35.35,136.61667,161539,JP
Newport,51.58774,-2.99835,161506,GB
Bima,-8.46006,118.72667,161362,ID
Coquimbo,-29.95332,-71.33947,161317,CL
Baubau,-5.4633,122.6024,161280,ID
Đưc Trọng,11.73559,108.3733,161232,VN
KwaDukuza,-29.32816,31.28954,161177,ZA
Miyakonojō,31.73333,131.06667,161137,JP
Madhyamgram,22.68944,88.44594,161126,IN
Lancaster,34.69804,-118.13674,161103,US
Rubtsovsk,51.51473,81.20613,161065,RU
Tacheng,46.74535,82.95847,161037,CN
Kindia,10.05692,-12.86576,161024,GN
Kalemie,-5.94749,29.19471,160961,CD
Chatuchak,13.82893,100.55985,160906,TH
San Juan de los Morros,9.91246,-67.35398,160868,VE
Sayama,35.85295,139.41212,160843,JP
Sullana,-4.90389,-80.68528,160789,PE
's-Hertogenbosch,51.69917,5.30417,160783,NL
Szeged,46.253,20.14824,160766,HU
Malakal,9.53342,31.66049,160765,SS
Chittoor,13.21055,79.0956,160722,IN
Salamanca,20.57196,-101.19154,160682,MX
Ban Khlong Prawet,13.71904,100.68146,160671,TH
La Gi,10.65993,107.77206,160652,VN
Anderlecht,50.83619,4.31454,160553,BE
Mytishchi,55.91099,37.72964,160542,RU
Delegación Cuajimalpa de Morelos,19.3692,-99.29089,160491,MX
Hebron,31.52935,35.0938,160470,PS
Mejicanos,13.72397,-89.188,160317,SV
Trà Vinh,9.94719,106.34225,160310,VN
Parepare,-4.0135,119.6255,160309,ID
Jāmuria,23.70468,87.07872,160242,IN
Koudougou,12.25188,-2.36694,160239,BF
Chapecó,-27.09639,-52.61833,160157,BR
Nyzhnyodniprovsk,48.47546,35.1167,160123,UA
Taunggyi,20.78919,97.03776,160115,MM
Dhamār,14.54274,44.40514,160114,YE
Dubai Investments Park,25.00827,55.15682,160000,AE
Ash Sharqāt,35.51722,43.22806,160000,IQ
Dijon,47.31344,5.01391,159941,FR
Salavat,53.3828,55.91094,159893,RU
Ede,7.73635,4.43536,159866,NG
Manzanillo,19.11695,-104.34214,159853,MX
Jalapa,14.63542,-89.99112,159840,GT
Paech’ŏn-ŭp,37.99306,126.30139,159825,KP
Cary,35.79154,-78.78112,159769,US
Barreiras,-12.15278,-44.99,159734,BR
Skudai,1.53741,103.65779,159733,MY
Tahoua,14.8888,5.2692,159468,NE
Alexandria,38.80484,-77.04692,159467,US
Tuxtepec,18.0883,-96.12535,159452,MX
Puthia,24.36537,88.83431,159406,BD
Newton,49.13333,-122.85,159390,CA
Paris 16 Passy,48.8637,2.2769,159386,FR
Zhicheng,30.29556,111.50472,159383,CN
Ang Mo Kio New Town,1.38028,103.83972,159340,SG
Limuru,-1.1136,36.64205,159314,KE
San Miguel del Padrón,23.09544,-82.32669,159273,CU
Tarija,-21.53549,-64.72956,159269,BO
Patos de Minas,-18.57889,-46.51806,159235,BR
Oldenburg,53.14039,8.21479,159218,DE
Paris 17 Batignolles-Monceau,48.8835,2.3219,159212,FR
Matsusaka,34.57895,136.53706,159145,JP
Catamarca,-28.46957,-65.78524,159139,AR
Tochigi,36.38333,139.73333,159056,JP
Khoroshëvo-Mnevniki,55.78363,37.47137,159000,RU
Bibirevo,55.88333,37.6,159000,RU
Bordj Bou Arreridj,36.07389,4.76139,158812,DZ
Dīla,6.41667,38.31667,158800,ET
Jaigaon,26.84766,89.37558,158664,IN
Batāla,31.80921,75.20294,158621,IN
Grenoble,45.17869,5.71479,158552,FR
Itapecerica da Serra,-23.71694,-46.84917,158522,BR
Sāmarrā’,34.1959,43.88568,158508,IQ
Tempe Junction,33.41421,-111.94348,158368,US
Palmdale,34.57943,-118.11646,158351,US
George Town,5.41123,100.33543,158336,MY
El Achir,36.06386,4.62744,158333,DZ
Hayward,37.66882,-122.0808,158289,US
Orai,25.99023,79.45334,158265,IN
Thốt Nốt,10.27213,105.5338,158225,VN
Gweru,-19.45,29.81667,158200,ZW
Abaetetuba,-1.71806,-48.8825,158188,BR
Centro Habana,23.13833,-82.36417,158151,CU
Bukit Batok New Town,1.35903,103.76368,158030,SG
Chom Thong,13.67717,100.48407,158005,TH
Gol’yanovo,55.82299,37.81306,158000,RU
Sunggal,3.5765,98.6151,157914,ID
Admiralteisky,59.923,30.3,157897,RU
Itapetininga,-23.59167,-48.05306,157790,BR
Diourbel,14.64792,-16.24363,157554,SN
Ueda,36.40265,138.28161,157480,JP
Aberdeen,22.24802,114.15289,157400,HK
Avtozavodskyi,49.09753,33.43206,157382,UA
Salinas,36.67774,-121.6555,157380,US
San Blas-Canillejas,40.43893,-3.61537,157367,ES
Cuautla,18.8106,-98.93525,157336,MX
Salzburg,47.79941,13.04399,157245,AT
Perbaungan,3.5679,98.956,157174,ID
Nong Chok,13.85585,100.86216,157138,TH
Ussuriysk,43.80467,131.95734,157068,RU
Arif Wala,26.32478,66.29587,157063,PK
Nanpiao,41.09822,120.74792,157044,CN
Livorno,43.54427,10.32615,157017,IT
Río Cuarto,-33.13044,-64.35272,157010,AR
Tiraspol,46.84275,29.6284,157000,MD
Harar,9.31387,42.11815,157000,ET
Caxias,-4.85889,-43.35611,156973,BR
Enfield Town,51.65147,-0.08497,156858,GB
Westonaria,-26.31905,27.6486,156831,ZA
Lizhi,29.70317,107.39521,156753,CN
Hitachi-Naka,36.39659,140.53479,156581,JP
Saharsa,25.87498,86.59611,156540,IN
Qalyub,30.17922,31.2056,156363,EG
Escuintla,14.30097,-90.78816,156313,GT
Marbella,36.51543,-4.88583,156295,ES
Batu Pahat,1.8548,102.9325,156236,MY
Sitiawan,4.2168,100.6996,156234,MY
Mariveles,14.43385,120.48569,156200,PH
San Pablo de las Salinas,19.66658,-99.09477,156191,MX
Lampang,18.29232,99.49277,156139,TH
York,53.95763,-1.08271,156135,GB
Bạc Liêu,9.29414,105.72776,156110,VN
Juja,-1.10148,37.0132,156041,KE
Nek’emtē,9.08333,36.55,156000,ET
Fès al Bali,34.0701,-4.95473,156000,MA
Örebro,59.27412,15.2066,155989,SE
Katsuta,36.38333,140.53333,155968,JP
Al Miqdādīyah,33.97861,44.93694,155968,IQ
Malabo,3.75578,8.78166,155963,GQ
Vidisha,23.52604,77.81092,155951,IN
Tuy Hòa,13.09546,109.32094,155921,VN
Yizhou,24.5,108.66667,155872,CN
Sunnyvale,37.36883,-122.03635,155805,US
Tema,5.6698,-0.01657,155782,GH
Camaragibe,-8.02167,-34.98111,155771,BR
Yichun,47.72143,128.87529,155762,CN
Đức Phổ,14.81355,108.95931,155743,VN
San Martin Texmelucan de Labastida,19.28431,-98.43885,155738,MX
Itajaí,-26.90778,-48.66194,155716,BR
Ar Ramthā,32.55873,36.00816,155693,JO
Hanumāngarh,29.58182,74.32938,155687,IN
São Mateus,-23.60583,-46.47889,155682,BR
Zemun,44.8458,20.40116,155591,RS
Telford,52.67659,-2.44926,155570,GB
Kisi,9.08297,3.85196,155510,NG
Ilhéus,-14.79909,-39.03228,155499,BR
Villa Canales,14.48285,-90.53425,155423,GT
Guyong,14.8361,120.97844,155391,PH
Settat,33.00103,-7.61662,155333,MA
Port Louis,-20.16194,57.49889,155226,MU
Tauranga,-37.68611,176.16667,155200,NZ
Kawanishi,34.81667,135.41667,155165,JP
Thānesar,29.97323,76.83214,155152,IN
Al Ḩawāmidīyah,29.9,31.25,155055,EG
Hassan,13.00715,76.0962,155006,IN
Tetuán de las Victorias,40.45975,-3.6975,155000,ES
Lianghu,29.99152,120.89845,155000,CN
Kishangarh,26.59006,74.85397,154886,IN
Birendranagar,28.59669,81.61658,154886,NP
Dalūpura,28.6057,77.31901,154791,IN
Guangshui,31.6199,113.9978,154771,CN
Saint-Denis,-20.88231,55.4504,154765,RE
Brăila,45.27152,27.97429,154686,RO
Lyubertsy,55.67719,37.89322,154650,RU
Bumba,2.18771,22.46827,154586,CD
Rudrapur,28.98,79.4,154554,IN
Miskolc,48.10327,20.77806,154521,HU
La Serena,-29.90591,-71.25014,154521,CL
Abū Kabīr,30.72508,31.67148,154466,EG
Fu’an,27.09131,119.64446,154439,CN
Kitengela,-1.47612,36.96144,154436,KE
Frisco,33.15067,-96.82361,154407,US
Zhaodong,46.05223,125.9552,154406,CN
Wujiaqu,44.16279,87.52174,154400,CN
Shomolu,6.53891,3.3742,154390,NG
Janzūr,32.81868,13.01727,154389,LY
Xai-Xai,-25.05194,33.64417,154356,MZ
Springfield,42.10148,-72.58981,154341,US
Nalgonda,17.05439,79.26707,154326,IN
Katabi,0.08411,32.46972,154300,UG
Gwangyang,34.9414,127.69569,154266,KR
Kovrov,56.35752,41.31893,154224,RU
Viranşehir,37.22349,39.75519,154163,TR
Noda,35.94897,139.86793,154114,JP
Santana de Parnaíba,-23.44417,-46.91778,154105,BR
San Cristóbal,18.41713,-70.10682,154040,DO
East Chattanooga,35.06535,-85.24912,154024,US
Limassol,34.68406,33.03794,154000,CY
Kariya,34.98333,136.98333,153834,JP
Pasadena,29.69106,-95.2091,153784,US
Mīt Ghamr,30.71524,31.2592,153754,EG
Sanshui,23.15486,112.89161,153714,CN
Jackson,32.29876,-90.18481,153701,US
Parelheiros,-23.8275,-46.72694,153695,BR
Mogi Guaçu,-22.3677,-46.94552,153658,BR
Enschede,52.21833,6.89583,153655,NL
Boshan,36.48333,117.83333,153596,CN
Hazāribāgh,23.99241,85.36162,153595,IN
Yangchun,22.16667,111.78333,153547,CN
Souk Ahras,36.28639,7.95111,153479,DZ
Musanze,-1.49984,29.63497,153368,RW
Medinīpur,22.42114,87.32257,153349,IN
Andong,36.56636,128.72275,153348,KR
Bālurghāt,25.22099,88.77732,153279,IN
Pomona,34.05529,-117.75228,153266,US
Valle de La Pascua,9.21554,-66.00734,153136,VE
Kreuzberg,52.49973,13.40338,153135,DE
Chincha Alta,-13.40985,-76.13235,153076,PE
Cairns,-16.92366,145.76613,153075,AU
Fyzābād,26.77549,82.15018,153047,IN
Thị Trấn Thuận Châu,21.43849,103.69,153000,VN
Dinapore,25.63705,85.04794,152940,IN
Dingzhou,38.51473,114.9868,152934,CN
Kansas City,39.11417,-94.62746,152933,US
As Samawah,31.33198,45.2944,152890,IQ
Porbandar,21.64219,69.60929,152760,IN
Sinp’o,40.03971,128.1943,152759,KP
Pengpu,31.2855,121.4367,152725,CN
Washington Heights,40.8501,-73.93541,152613,US
Lakewood,39.70471,-105.08137,152597,US
Baqubah,33.75403,44.60518,152550,IQ
Neuss,51.19807,6.68504,152457,DE
Chenghua,23.46132,116.77007,152453,CN
Songnim-ni,38.76349,125.64096,152425,KP
Bānda,25.47758,80.33491,152218,IN
Pouso Alegre,-22.23,-45.93639,152217,BR
Cần Giuộc,10.60857,106.67135,152200,VN
Balvanera,-34.61032,-58.39766,152198,AR
Longfeng,46.53168,125.1038,152074,CN
Beining,41.59556,121.79278,152033,CN
Strogino,55.81838,37.41224,152000,RU
Etwatwa,-26.12516,28.45472,151866,ZA
Higashimurayama,35.75459,139.46852,151815,JP
Hindupur,13.82807,77.49143,151677,IN
Araucária,-25.59306,-49.41028,151666,BR
Bintulu,3.16667,113.03333,151617,MY
Poole,50.71429,-1.98458,151500,GB
Akhmīm,26.5622,31.74566,151430,EG
Kohat,33.58196,71.44929,151427,PK
Layyah,30.96128,70.93904,151274,PK
Girga,26.33721,31.89295,151256,EG
Koforidua,6.09408,-0.25913,151255,GH
Bukit Merah Estate,1.28417,103.82306,151250,SG
Saqqez,36.24992,46.2735,151237,IR
Logroño,42.46615,-2.45115,151164,ES
Beāwar,26.10119,74.32028,151152,IN
Sykhiv,49.79427,24.06284,151131,UA
Garanhuns,-8.88202,-36.50216,151064,BR
Escondido,33.11921,-117.08642,151038,US
Ṣuwayliḥ,32.0221,35.84394,151016,JO
Erzincan,39.73919,39.49015,150714,TR
Kırşehir,39.14583,34.16389,150700,TR
Zarichnyi,50.90376,34.80933,150694,UA
La Laguna,28.4853,-16.32014,150661,ES
Kokshetau,53.28414,69.39364,150649,KZ
Anantnag,33.73068,75.15418,150592,IN
Kukichūō,36.06739,139.67498,150582,JP
Badajoz,38.87789,-6.97061,150530,ES
Serilingampalle,17.49313,78.30196,150525,IN
Malatia-Sebastia,40.17396,44.4457,150500,AM
Talcahuano,-36.72494,-73.11684,150499,CL
Chillán,-36.60664,-72.10344,150396,CL
Blitar,-8.0983,112.1681,150371,ID
Kỳ Anh,18.06243,106.29832,150226,VN
Nong Khaem,13.70528,100.34923,150218,TH
Piedras Negras,28.70007,-100.52353,150178,MX
Kızıltepe,37.18836,40.57723,150174,TR
Astoria,40.77205,-73.93014,150165,US
Musashino,35.70611,139.55944,150149,JP
Balashikha,55.79479,37.94794,150103,RU
Raigarh,21.89764,83.3966,150019,IN
Vryheid,-27.76952,30.79165,150012,ZA
Gloucester,45.35,-75.63333,150012,CA
Zhulebino,55.7,37.85,150000,RU
Tordher,33.99047,72.2863,150000,PK
Setia Alam,3.10155,101.45565,150000,MY
Malkajgiri,17.44781,78.52633,150000,IN
Gimcheon,36.12176,128.11981,150000,KR
Dili,-8.55861,125.57361,150000,TL
Bercham,4.6411,101.1393,150000,MY
Bandar Tasik Puteri,3.28531,101.4741,150000,MY
Shāntipur,23.24723,88.43302,149983,IN
Playa del Carmen,20.6274,-87.07987,149923,MX
Santa Rita,-7.11389,-34.97806,149910,BR
Split,43.50891,16.43915,149830,HR
Ursynów,52.15051,21.05041,149775,PL
Hollywood,26.0112,-80.14949,149728,US
Madrid Centro,40.41831,-3.70275,149718,ES
Iguatemi,-23.61277,-46.42667,149700,BR
Shūnan,34.08053,131.82564,149632,JP
Agadez,16.97333,7.99111,149549,NE
Burnley,53.8,-2.23333,149422,GB
Reẖovot,31.89421,34.81199,149392,IL
Watampone,-4.5386,120.3279,149336,ID
Sabha,27.03766,14.42832,149329,LY
Disūq,31.13259,30.64784,149291,EG
Cagliari,39.23054,9.11917,149257,IT
Borough Park,40.63399,-73.99681,149248,US
Harrow,51.57835,-0.33208,149246,GB
Berrechid,33.26553,-7.58754,149201,MA
Queimados,-22.71611,-43.55528,149093,BR
Tambacounda,13.77073,-13.66734,149071,SN
Huddersfield,53.64904,-1.78416,149017,GB
Ārabī,9.96278,42.49278,148933,ET
Kerch,45.35675,36.47542,148932,UA
Saguenay,48.41675,-71.06573,148886,CA
Prenzlauer Berg,52.53878,13.42443,148878,DE
Fazenda Rio Grande,-25.6575,-49.30806,148873,BR
Komaki,35.28333,136.91667,148872,JP
Marvdasht,29.87407,52.80258,148858,IR
Melitopol,46.84735,35.38196,148851,UA
Dunhua,43.36954,128.22861,148844,CN
Bhuj,23.25397,69.66928,148834,IN
Arganzuela,40.40021,-3.69618,148797,ES
Jyväskylä,62.24147,25.72088,148744,FI
Yonago,35.43333,133.33333,148720,JP
Ruqi,9.97293,43.4276,148702,SO
Rimini,44.05755,12.56528,148688,IT
Stavanger,58.97005,5.73332,148682,NO
Coquitlam,49.2846,-122.78217,148625,CA
Arar,30.97531,41.03808,148540,SA
Valencia,34.44361,-118.60953,148456,US
Tama,35.6436,139.46844,148285,JP
Rockford,42.27113,-89.094,148278,US
Kalaban Koro,12.57329,-8.02907,148247,ML
El Limón,10.30589,-67.63212,148247,VE
Nîmes,43.83665,4.35788,148236,FR
Dundee,56.46913,-2.97489,148210,GB
Bārākpur,22.76602,88.36336,148174,IN
Sao Rafael,-23.62821,-46.45395,148145,BR
Botucatu,-22.88583,-48.445,148130,BR
Sujiatun,41.65917,123.33917,148113,CN
Astanajapura,-6.8017,108.6311,148047,ID
Ciudad Delicias,28.19013,-105.47012,148045,MX
Siguiri,11.42282,-9.16852,148018,GN
Mbanza Kongo,-6.26667,14.23833,148000,AO
East Hampton,37.03737,-76.33161,147993,US
Honggang,46.3974,124.88447,147977,CN
Sarrià-Sant Gervasi,41.40104,2.1394,147912,ES
Kiambu,-1.17139,36.83556,147870,KE
Clermont-Ferrand,45.77969,3.08682,147865,FR
Joliet,41.52519,-88.0834,147861,US
Barrie,44.40011,-79.66634,147829,CA
Bang Kapi,13.7653,100.647,147800,TH
Savannah,32.08354,-81.09983,147780,US
Paterson,40.91677,-74.17181,147754,US
Salamanca,40.42972,-3.67975,147707,ES
Kolomna,55.07108,38.78399,147690,RU
Hājīpur,25.68544,85.20981,147688,IN
Rafsanjān,30.4067,55.9939,147680,IR
Hòa Thành,11.28696,106.12936,147666,VN
Mestre,45.49167,12.24538,147662,IT
As Sālimīyah,29.33389,48.07611,147649,KW
Bridgeport,41.17923,-73.18945,147629,US
Shevchenko,49.5645,34.53873,147600,UA
Kuntsevo,55.74216,37.40225,147497,RU
Kragujevac,44.01667,20.91667,147473,RS
Aktau,43.66105,51.17392,147443,KZ
Balcón de la Lisa,23.05346,-82.4476,147415,CU
Sasarām,24.94942,84.01645,147408,IN
Bohuniya,50.27691,28.60962,147324,UA
Nilópolis,-22.8075,-43.41389,147281,BR
Iruma,35.818,139.368,147166,JP
Renca,-33.4019,-70.70619,147151,CL
Kramatorsk,48.73049,37.58793,147145,UA
Naperville,41.78586,-88.14729,147100,US
Manama,26.22787,50.58565,147074,BH
Colima,19.24473,-103.7127,146965,MX
Bhimavaram,16.54078,81.52322,146961,IN
Lárisa,39.62847,22.42112,146926,GR
Nakhodka,42.8436,132.91831,146920,RU
Debre Birhan,9.67954,39.53262,146900,ET
Aix-en-Provence,43.5283,5.44973,146821,FR
Cam Ranh,11.92144,109.15913,146771,VN
Matanzas,23.04388,-81.58284,146733,CU
Beed,18.98921,75.75634,146709,IN
Taozhou,30.90641,119.40865,146610,CN
Saint-Quentin-en-Yvelines,48.77186,2.01891,146598,FR
Bandar Bukit Raja,3.08737,101.43339,146534,MY
Blackburn,53.75,-2.48333,146521,GB
Rosemont–La Petite-Patrie,45.53661,-73.60686,146501,CA
Colina,-33.20443,-70.67474,146207,CL
Burāri,28.7557,77.19941,146190,IN
Ruda Śląska,50.2584,18.85632,146189,PL
Nouadhibou,20.94188,-17.03842,146048,MR
Puerto Plata,19.79344,-70.6884,146000,DO
Urdaneta,15.97611,120.57111,145935,PH
Chamberí,40.43404,-3.70379,145934,ES
Krishnanagar,23.40576,88.49073,145926,IN
Xinji,37.92595,115.21907,145911,CN
Jutiapa,14.28491,-89.88798,145880,GT
Marabá,-5.38146,-49.13232,145860,BR
Chitradurga,14.22262,76.40038,145853,IN
Bueng Kum,13.78528,100.66958,145830,TH
Cambridge,52.2,0.11667,145674,GB
Paço do Lumiar,-2.53222,-44.1075,145643,BR
Kampung Pasir Gudang Baru,1.4726,103.878,145639,MY
Cikampek,-6.41972,107.45583,145620,ID
Kampung Sungai Glugur,5.36966,100.31353,145600,MY
Dibrugarh,27.47989,94.90837,145488,IN
Médéa,36.26417,2.75393,145441,DZ
Taishan,22.25135,112.7799,145440,CN
El Eulma,36.15281,5.69016,145380,DZ
Pécs,46.07617,18.22814,145347,HU
Giá Rai,9.23444,105.45833,145340,VN
Abohar,30.14453,74.19552,145302,IN
Tiruvannamalai,12.22662,79.07461,145278,IN
Gainesville,29.65163,-82.32483,145214,US
Concordia,-31.39195,-58.01706,145210,AR
Kampong Pasir Ris,1.37833,103.93194,145150,SG
Fujieda,34.86667,138.26667,145032,JP
Spanish Town,17.99107,-76.95742,145018,JM
Blackpool,53.81667,-3.05,145007,GB
Urganch,41.55177,60.63143,145000,UZ
Bukoba,-1.33167,31.81222,144938,TZ
Kaithal,29.80153,76.39959,144915,IN
Brest,48.39029,-4.48628,144899,FR
Basildon,51.56844,0.45782,144859,GB
Franco da Rocha,-23.32167,-46.72694,144849,BR
Salamanca,40.96882,-5.66388,144825,ES
Villeray–Saint-Michel–Parc-Extension,45.55869,-73.60535,144814,CA
Mesquite,32.7668,-96.59916,144788,US
Ashikaga,36.33333,139.45,144746,JP
Huyện Lâm Hà,11.81554,108.21444,144707,VN
Acheng,45.54558,126.95191,144665,CN
Kelowna,49.88307,-119.48568,144576,CA
Umarkot,25.36329,69.74184,144558,PK
León,12.43527,-86.87862,144538,NI
Kakamigahara,35.41667,136.86667,144521,JP
Le Mans,48.0021,0.20251,144515,FR
Lodhran,29.5339,71.63244,144512,PK
Trois-Rivières,46.34515,-72.5477,144472,CA
Hailin,44.57149,129.38539,144443,CN
Tsuchiura,36.09047,140.21047,144399,JP
Elektrostal’,55.78647,38.45713,144387,RU
Balasore,21.49266,86.93348,144373,IN
Yong’an,31.01894,109.45949,144314,CN
Paris 11e Arrondissement,48.85834,2.37952,144292,FR
Huelva,37.26638,-6.94004,144258,ES
Navoiy,40.08444,65.37917,144158,UZ
Syracuse,43.04812,-76.14742,144142,US
Atibaia,-23.11694,-46.55028,144088,BR
Ashkelon,31.66926,34.57149,144073,IL
Pinetown,-29.82068,30.88674,144026,ZA
Teshi Old Town,5.58365,-0.10722,144013,GH
Orekhovo-Borisovo,55.61252,37.72639,144000,RU
Biryulëvo,55.58635,37.67781,144000,RU
Kusatsu,35.01667,135.96667,143913,JP
Nanjin,29.98497,106.26529,143766,CN
Guelph,43.54594,-80.25599,143740,CA
Qianjiang,29.53284,108.77478,143727,CN
Ramna Maidan,23.73333,90.4,143677,BD
Godhra,22.77547,73.61488,143644,IN
Khemisset,33.82404,-6.06627,143640,MA
Çanakkale,40.15552,26.41271,143622,TR
Torrance,33.83585,-118.34063,143592,US
San Jose,12.35275,121.06761,143495,PH
Ladysmith,-28.55874,29.77896,143446,ZA
Lévis,46.80326,-71.17793,143414,CA
Cachoeirinha,-23.45442,-46.66209,143366,BR
Heidelberg,49.40768,8.69079,143345,DE
Fresnillo,23.1749,-102.86785,143281,MX
Touggourt,33.11083,6.07,143270,DZ
Shillong,25.56892,91.88313,143229,IN
Surprise,33.63059,-112.33322,143148,US
Kenema,7.87687,-11.19025,143137,SL
Norwich,52.62783,1.29834,143135,GB
Tịnh Biên,10.59591,104.93669,143098,VN
Moriguchi,34.73333,135.56667,143096,JP
Amiens,49.9,2.3,143086,FR
Cai Lậy,10.4,106.11667,143050,VN
Macaé,-22.38484,-41.78324,143029,BR
Rewāri,28.199,76.6183,143021,IN
Basirhat City,22.66142,88.85477,143007,IN
Novyye Kuz’minki,55.7,37.75,143000,RU
Kuz’minki,55.7,37.8,143000,RU
Aalborg,57.048,9.9187,142937,DK
La Trinidad,16.455,120.5875,142925,PH
Ghardaïa,32.49094,3.67347,142913,DZ
Timika,-4.61407,136.67679,142909,ID
Pyatigorsk,44.05,43.05036,142865,RU
Mbanza-Ngungu,-5.25837,14.85838,142773,CD
Mercier–Hochelaga-Maisonneuve,45.57194,-73.54626,142753,CA
Okinawa,26.33583,127.80139,142752,JP
Middlesbrough,54.57623,-1.23483,142707,GB
Shahrisabz,39.05778,66.83417,142700,UZ
Ch’ŏngdan-ŭp,37.97028,125.9375,142607,KP
Sant Andreu,41.43541,2.18982,142598,ES
Rybnik,50.09713,18.54179,142510,PL
Saïda,34.83033,0.15171,142497,DZ
Metairie Terrace,29.97854,-90.16396,142489,US
Tuzla,44.53842,18.66709,142486,BA
Kovpakivskyi,50.92508,34.79484,142447,UA
eMbalenhle,-26.53333,29.06667,142443,ZA
Trindade,-16.64944,-49.48889,142431,BR
Khanpur,28.64739,70.65694,142426,PK
Columbia,34.00071,-81.03481,142416,US
Nawābganj,24.59025,88.27444,142361,BD
Inezgane,30.35535,-9.53639,142320,MA
Pasadena,34.14778,-118.14452,142250,US
Toowoomba,-27.56056,151.95386,142163,AU
Paderborn,51.71905,8.75439,142161,DE
Misato  Saitama,35.84373,139.88347,142145,JP
Chhatarpur,24.9177,79.58871,142128,IN
Kimberley,-28.73226,24.76232,142089,ZA
Alto Hospicio,-20.26871,-70.1049,142086,CL
Ciego de Ávila,21.8422,-78.76034,142027,CU
Samālūţ,28.31214,30.71007,142009,EG
Chertanovo Yuzhnoye,55.59072,37.59519,142000,RU
Jieshou,33.26338,115.36108,141993,CN
Maykop,44.60789,40.10242,141970,RU
Kisaran,2.9845,99.6158,141915,ID
Mojokerto,-7.4664,112.4338,141785,ID
Facatativá,4.81367,-74.35453,141762,CO
Masai,1.4907,103.8788,141730,MY
Punto Fijo,11.69152,-70.19918,141729,VE
Myingyan,21.46002,95.3884,141713,MM
Kamālshahr,35.86187,50.87424,141669,IR
Mandsaur,24.07184,75.06986,141667,IN
Zheleznodorozhnyy,55.744,38.01684,141648,RU
Chas,23.63556,86.16712,141640,IN
Jahrom,28.5,53.5605,141634,IR
Tours,47.39484,0.70398,141621,FR
Pālanpur,24.17128,72.43827,141592,IN
Bondoukou,8.0402,-2.80003,141568,CI
Chichicastenango,14.94333,-91.11116,141567,GT
Tarragona,41.11905,1.24544,141542,ES
Tobruk,32.08963,23.95385,141499,LY
Sinch’ŏn-ŭp,38.35323,125.48423,141407,KP
Abbotsford,49.05798,-122.25257,141397,CA
Brusque,-27.09795,-48.91281,141385,BR
Circoiscrizione II,45.05013,7.64052,141344,IT
Bolton,53.58333,-2.43333,141331,GB
Yushu,33.00118,97.00893,141308,CN
Piteşti,44.85,24.86667,141275,RO
Fukayachō,36.2,139.28333,141268,JP
Potosí,-19.58361,-65.75306,141251,BO
Khuzdar,27.81193,66.61096,141227,PK
Usera,40.38866,-3.70035,141189,ES
Limoges,45.83362,1.24759,141176,FR
Cangaiba,-23.49696,-46.52045,141172,BR
Asaka,35.80472,139.60194,141083,JP
Paranaguá,-25.51626,-48.52537,141013,BR
Ghazni,33.55391,68.42096,141000,AF
Orange,33.78779,-117.85311,140992,US
Wola,52.23477,20.96004,140958,PL
Sanhe,29.86864,107.73027,140954,CN
Īlām,33.6374,46.4227,140940,IR
Gongzhuling,43.50075,124.81979,140909,CN
Shimotoda,35.815,139.6853,140899,JP
Comodoro Rivadavia,-45.86256,-67.494,140850,AR
Kampung Sungai Ara,5.32699,100.27348,140849,MY
Fullerton,33.87029,-117.92534,140847,US
Killeen,31.11712,-97.7278,140806,US
Norilsk,69.3535,88.2027,140800,RU
Lleida,41.61674,0.62218,140797,ES
Coimbra,40.20686,-8.41996,140796,PT
Mtwara,-10.26667,40.18333,140793,TZ
Manjhand,25.90827,68.23683,140766,PK
Beni,0.49113,29.47306,140731,CD
Debre Mark’os,10.35,37.73333,140700,ET
Norzagaray,14.9109,121.0493,140697,PH
Vila Curuca,-23.51,-46.41566,140673,BR
Nigel,-26.43138,28.47713,140644,ZA
Shengavit,40.1557,44.4779,140600,AM
Buea,4.15342,9.24231,140533,CM
Shuizhai,23.92961,115.76499,140493,CN
Al’met’yevsk,54.90395,52.31793,140437,RU
Darmstadt,49.87167,8.65027,140385,DE
Paris 12e Arrondissement,48.83523,2.43505,140311,FR
McAllen,26.20341,-98.23001,140269,US
Lakhīmpur,27.94822,80.77935,140223,IN
Ishinomaki,38.41667,141.3,140151,JP
Mpumalanga,-29.81292,30.63646,140121,ZA
Zaanstad,52.45313,4.81356,140085,NL
Kabin Buri,13.95114,101.71769,140056,TH
Kuwana,35.05192,136.66958,140051,JP
Ayacucho,-13.1638,-74.22345,140033,PE
Shanhaiguan,40.00119,119.75395,140000,CN
Şaḩam,24.17222,56.88861,140000,OM
Chamartín,40.46206,-3.6766,140000,ES
Abéché,13.82916,20.8324,139983,TD
Peristéri,38.01539,23.69187,139981,GR
Amersfoort,52.155,5.3875,139914,NL
Darwin,-12.46113,130.84185,139902,AU
Jeongeup,35.60004,126.91699,139876,KR
Bellevue,47.61038,-122.20068,139820,US
Korolev,55.91417,37.82556,139798,RU
Valsād,20.61013,72.93428,139764,IN
Shinyanga,-3.66393,33.42118,139727,TZ
Gojra,31.14926,72.68323,139726,PK
Sollentuna,59.42804,17.95093,139606,SE
Yaizu,34.86877,138.31952,139578,JP
Payakumbuh,-0.2159,100.6334,139576,ID
Damoh,23.83312,79.4419,139561,IN
Āsela,7.95,39.13333,139500,ET
Haldwani,29.22254,79.5286,139497,IN
Irewe,6.41692,3.14058,139494,NG
Gbongan,7.47734,4.35351,139485,NG
Gama,-16.02511,-48.07121,139467,BR
Siem Reap,13.36179,103.86056,139458,KH
Anaco,9.42958,-64.46428,139397,VE
Purwodadi,-7.0868,110.9158,139387,ID
Koga,36.18333,139.71667,139344,JP
Hābra,22.84202,88.65606,139297,IN
Sidoarjo,-7.4478,112.7183,139189,ID
Kyivskyi,48.04646,37.77571,139177,UA
Şabāḩ as Sālim,29.25722,48.05722,139163,KW
Balneário Camboriú,-26.99056,-48.63472,139155,BR
Plaza de la Revolución,23.11936,-82.39197,139135,CU
Lausanne,46.516,6.63282,139111,CH
Choloma,15.61444,-87.95302,139100,HN
Kairouan,35.6781,10.09633,139070,TN
Stockport,53.40979,-2.15761,139052,GB
Budapest XI. kerület,47.47603,19.03605,139049,HU
Huadian,42.97213,126.74107,139047,CN
Kousséri,12.07689,15.03063,139024,CM
Weru,-6.711,108.5037,139004,ID
Al-'Ubūr,30.22886,31.48149,138987,EG
Kolpino,59.75069,30.58856,138979,RU
Belgrano,-34.5627,-58.45829,138942,AR
Sarh,9.14555,18.38331,138928,TD
Gingoog,8.82778,125.09972,138895,PH
San Juan del Río,20.38897,-99.99637,138878,MX
Sekondi-Takoradi,4.92678,-1.75773,138872,GH
Liuzhi,26.2342,105.426,138826,CN
Naga,10.20898,123.758,138727,PH
Fuyu,45.18333,124.81667,138704,CN
Whitby,43.88342,-78.93287,138501,CA
Metairie,29.98409,-90.15285,138481,US
Chaohu,31.6,117.86667,138463,CN
Kolār,13.13768,78.12999,138462,IN
Bizerte,37.27442,9.87391,138430,TN
Táriba,7.82117,-72.22329,138402,VE
Ejigbo,7.90303,4.31364,138357,NG
Ksar El Kebir,35.00044,-5.90378,138262,MA
Paris 11 Popincourt,48.8574,2.3795,138170,FR
Dabou,5.32556,-4.37685,138083,CI
Bukit Panjang New Town,1.37972,103.76472,138050,SG
Sao Lucas,-23.59468,-46.54359,138038,BR
Paris 12 Reuilly,48.8412,2.3876,138024,FR
Parnaíba,-2.90472,-41.77667,138008,BR
Bertoua,4.57728,13.68459,137993,CM
Jacmel,18.23569,-72.53686,137966,HT
Srikakulam,18.2989,83.89751,137944,IN
Candelaria,13.93111,121.42333,137933,PH
Vĩnh Long,10.25369,105.9722,137870,VN
Praia,14.93152,-23.51254,137868,CV
Araruama,-22.87278,-42.34306,137773,BR
Liangping,30.66108,107.7661,137620,CN
Kirdāsah,30.03103,31.11109,137588,EG
Itu,-23.26417,-47.29917,137586,BR
Ponce,18.01031,-66.62398,137491,PR
Doilungdêqên,29.65505,90.99177,137451,CN
Jieshi,22.81027,115.83058,137444,CN
Hejiang,28.81161,105.83359,137437,CN
Pasir Puteh,5.83333,102.4,137400,MY
Mandya,12.5223,76.89746,137358,IN
Xiayang,31.14967,121.11588,137321,CN
Nor Nork,40.19661,44.5669,137300,AM
Dixinn,9.55111,-13.67306,137287,GN
Bhisho,-32.84721,27.44218,137287,ZA
Freguesia do Ó,-23.49877,-46.69983,137240,BR
Subang,-6.57,107.75667,137234,ID
Madhurampur Dehri,24.96899,84.1964,137231,IN
Negombo,7.2083,79.8358,137223,LK
Irákleion,35.32787,25.14341,137154,GR
Hampton,37.02987,-76.34522,137148,US
Wuyishan,27.75995,118.03066,137133,CN
Miramar,25.98731,-80.23227,137132,US
Jiashan,30.84918,120.92583,137112,CN
Bilqās,31.21452,31.35798,137080,EG
Rangkasbitung,-6.3591,106.2494,137041,ID
Odintsovo,55.66977,37.27716,137041,RU
Foggia,41.45845,15.55188,137032,IT
Antsiranana,-12.31732,49.29188,136959,MG
Kānchrāpāra,22.95998,88.42849,136954,IN
San Juan Sacatepéquez,14.71889,-90.64417,136886,GT
Minoh,34.82691,135.47057,136868,JP
Funtua,11.52351,7.31174,136811,NG
St. Catharines,43.17126,-79.24267,136803,CA
Dawei,14.0823,98.19151,136783,MM
Igboho,8.83784,3.75628,136764,NG
Gunungsitoli,1.2888,97.6143,136707,ID
Apeldoorn,52.21,5.96944,136670,NL
Cidade Lider,-23.56202,-46.4913,136660,BR
Phủ Lý,20.54531,105.91221,136654,VN
Divo,5.83739,-5.35723,136627,CI
Huinong,39.23333,106.76944,136570,CN
Ebina,35.38121,139.39651,136516,JP
Larache,35.19321,-6.15572,136505,MA
Varginha,-21.55139,-45.43028,136467,BR
Paris 14 Observatoire,48.8331,2.3264,136455,FR
Van Nuys,34.18667,-118.44897,136443,US
Būsh,29.14816,31.12733,136441,EG
Mlolongo,-1.39639,36.94028,136351,KE
Campo Largo,-25.45955,-49.53014,136327,BR
San José del Cabo,23.05406,-109.70367,136285,MX
Cachoeirinha,-29.95111,-51.09389,136258,BR
West Valley City,40.69161,-112.00105,136208,US
Kisarazu,35.38329,139.93254,136166,JP
Batang,-6.4846,110.7083,136145,ID
Gejiu,23.36085,103.15372,136135,CN
Bacău,46.56718,26.91384,136087,RO
Saaba,12.37136,-1.41468,136011,BF
Mingaladon,16.92406,96.09768,136000,MM
Dimāpur,25.91174,93.7217,135860,IN
Sasolburg,-26.81358,27.81695,135828,ZA
Cheras,3.108,101.726,135823,MY
Tasek Glugor,5.48032,100.49849,135786,MY
Osorno,-40.57395,-73.13348,135773,CL
Jiagedaqi,50.41667,124.11667,135760,CN
Tumxuk,39.86984,79.06118,135727,CN
Kushtia,23.9028,89.11943,135724,BD
Pitalito,1.85371,-76.05071,135711,CO
Barysaw,54.2279,28.505,135696,BY
Baliuag,14.95472,120.89694,135679,PH
Hoàn Kiếm,21.02857,105.85064,135618,VN
Kajansi,0.21548,32.53453,135600,UG
Isahaya,32.84111,130.04306,135546,JP
Dayton,39.75895,-84.19161,135512,US
Cẩm Phả Mines,21.01667,107.3,135477,VN
Petapa,14.50189,-90.56196,135447,GT
Māler Kotla,30.5309,75.87949,135424,IN
Buguma,4.73614,6.86236,135404,NG
Ahuntsic-Cartierville,45.56667,-73.66667,135336,CA
Araras,-22.35694,-47.38417,135331,BR
Shiqiao,22.9464,113.35769,135308,CN
Pyay,18.81996,95.21562,135308,MM
Rabak,13.18087,32.73999,135281,SD
Tây Ninh,11.31004,106.09828,135254,VN
Le Vieux-Longueuil,45.53721,-73.50773,135218,CA
Tyre,33.27333,35.19389,135204,LB
Kutaisi,42.26791,42.69459,135201,GE
Andīmeshk,32.4615,48.35368,135116,IR
Siwān,26.22096,84.35609,135066,IN
Madrid,4.73245,-74.26419,135000,CO
Angono,14.5266,121.1536,134975,PH
Cartago,4.74639,-75.91167,134972,CO
Shahreẕā,32.00877,51.86407,134952,IR
Hinthada,17.64944,95.45705,134947,MM
Cap-Haïtien,19.75938,-72.19815,134815,HT
Baturaja,-4.12891,104.16695,134759,ID
Inazawa,35.25,136.78333,134751,JP
Rodriguez,14.76011,121.19993,134432,PH
Kalol,23.24656,72.49508,134426,IN
Mīāndoāb,36.96667,46.10961,134425,IR
Laghouat,33.8,2.86514,134372,DZ
Nevinnomyssk,44.6333,41.9444,134345,RU
San Mateo,14.6982,121.1236,134327,PH
Ţahţā,26.76866,31.50198,134314,EG
San Juan,14.6,121.0333,134312,PH
Sibiu,45.8,24.15,134309,RO
Olathe,38.8814,-94.81913,134305,US
El Geneina Fort,13.47481,22.45744,134264,SD
Ikirun,7.91283,4.66741,134240,NG
Shenglilu,29.35048,105.8775,134218,CN
San Nicolás de los Arroyos,-33.33425,-60.2108,134217,AR
Léogâne,18.5111,-72.63343,134190,HT
Vila Jacui,-23.50262,-46.46156,134189,BR
Adiwerna,-6.9375,109.1325,134188,ID
Cametá,-2.24444,-49.49583,134184,BR
Abakaliki,6.32485,8.11368,134102,NG
Vitória de Santo Antão,-8.11806,-35.29139,134084,BR
Marianao,23.07385,-82.4189,134057,CU
Warren,42.49044,-83.01304,134056,US
Cizre,37.33024,42.18484,134041,TR
Circoiscrizione VIII,45.03789,7.67174,134028,IT
Bānkura,23.23241,87.0716,133966,IN
İnegol,40.07806,29.51333,133959,TR
Ebetsu,43.10806,141.55056,133953,JP
Anyama,5.49462,-4.05183,133905,CI
Jiawang,34.43278,117.44194,133861,CN
Singaraja,-8.112,115.08818,133784,ID
Pātan,23.8507,72.12963,133737,IN
Würzburg,49.79391,9.95121,133731,DE
Đồng Hới,17.46885,106.62226,133672,VN
Randfontein,-26.1844,27.70203,133654,ZA
Pervouralsk,56.90528,59.94361,133600,RU
Gondā City,27.13181,81.95332,133583,IN
Madīnat Ḩamad,26.11528,50.50694,133550,BH
Ōme,35.78389,139.24306,133535,JP
Sinnūris,29.41345,30.86579,133532,EG
Milagro,-2.13396,-79.59337,133508,EC
Jaú,-22.29639,-48.55778,133497,BR
Thornton,39.86804,-104.97192,133451,US
Valdivia,-39.81422,-73.24589,133419,CL
Olmaliq,40.84472,69.59833,133400,UZ
Okrika,4.74215,7.08368,133271,NG
Santa Cruz do Sul,-29.7175,-52.42583,133230,BR
High Wycombe,51.62907,-0.74934,133204,GB
Carrollton,32.95373,-96.89028,133168,US
Talisay,10.24472,123.84944,133148,PH
Gao,16.27167,-0.04472,133110,ML
Dhaulpur,26.69286,77.87968,133075,IN
Tarime,-1.35,34.36667,133043,TZ
Kentron,40.17806,44.51303,133000,AM
Milton,43.51681,-79.88294,132979,CA
M'Sila,35.70889,4.53722,132975,DZ
Narita,35.78333,140.31667,132906,JP
Franceville,-1.63333,13.58357,132895,GA
Puqi,29.71667,113.88333,132891,CN
Tondabayashichō,34.50065,135.60211,132873,JP
Sandachō,34.88444,135.22694,132858,JP
Gondiā,21.46026,80.19205,132813,IN
Kislovodsk,43.91333,42.72083,132771,RU
Kyauktan,16.63736,96.32512,132765,MM
Schaerbeek,50.86935,4.37737,132761,BE
Machiques,10.06077,-72.55212,132734,VE
Hoofddorp,52.3025,4.68889,132734,NL
Palakkad,10.77319,76.65366,132728,IN
Silifke,36.37778,33.93444,132665,TR
Charleston,32.77632,-79.93275,132609,US
Langley,49.10107,-122.65883,132603,CA
Midland,31.99735,-102.07791,132524,US
Fujinomiya,35.21667,138.61667,132507,JP
Mingala Tangnyunt,16.78855,96.17234,132494,MM
Innsbruck,47.26266,11.39454,132493,AT
Kingston,44.22976,-76.48098,132485,CA
Wugang,26.7279,110.63198,132457,CN
Gloucester,51.86568,-2.2431,132416,GB
Waco,31.54933,-97.14667,132356,US
Cerro,23.10809,-82.3866,132351,CU
Zama,35.4879,139.39101,132325,JP
Dimitrovgrad,54.21386,49.61838,132226,RU
Zhalantun,48.00945,122.73651,132224,CN
Bettiah,26.80229,84.50311,132209,IN
Maijdi,22.86667,91.1,132185,BD
San Pedro Garza García,25.6604,-100.40651,132128,MX
Sapucaia do Sul,-29.81782,-51.14551,132107,BR
Kombolcha,11.08155,39.74339,132100,ET
Muricay,7.8275,123.4782,132094,PH
Sterling Heights,42.58031,-83.0302,132052,US
Surat Thani,9.14011,99.33311,132040,TH
Ferrara,44.83804,11.62057,132009,IT
Quận Đức Thịnh,10.30989,105.73855,132000,VN
Ōmuta,33.03333,130.45,131974,JP
Villa Mercedes,-37.40421,-71.97949,131936,CL
Fuji,29.14819,105.37391,131927,CN
Palwal,28.14469,77.32546,131926,IN
Bielany,52.29242,20.93531,131910,PL
Shahrud,36.41819,54.97628,131889,IR
Dawukou,39.04194,106.39583,131880,CN
Bulaon,15.08262,120.66288,131818,PH
Garut,-7.245,107.921,131809,ID
Dunedin,-45.87416,170.50361,131800,NZ
Ajdabiya,30.75545,20.22625,131773,LY
Abiko,35.86667,140.01667,131771,JP
Kadoma,34.7381,135.57442,131727,JP
Majie,25.0319,102.638,131696,CN
Bhakkar,31.62685,71.06471,131658,PK
Rio Pequeno,-23.57139,-46.75887,131631,BR
Jijel,36.821,5.76352,131513,DZ
Martapura,-3.4109,114.8642,131449,ID
Villeurbanne,45.76601,4.8795,131445,FR
Hải Châu,15.91667,108.13333,131427,VN
Gonbad-e Kāvūs,37.25004,55.16721,131416,IR
Limbe,4.02356,9.20607,131381,CM
Rānīganj,23.6164,87.13061,131261,IN
Hepo,23.43077,115.82991,131238,CN
Iranshahr,27.20245,60.68476,131232,IR
Soubré,5.78377,-6.59388,131181,CI
Onomichi,34.41667,133.2,131170,JP
Itapipoca,-3.49444,-39.57861,131123,BR
Crato,-7.23417,-39.40944,131050,BR
Denton,33.21484,-97.13307,131044,US
Etah,27.55879,78.65692,131023,IN
Pīlibhīt,28.63124,79.80436,131008,IN
Shangzhi,45.20562,128.00242,131006,CN
Lashio,22.9359,97.7498,131000,MM
Novomoskovsk,54.01098,38.29084,130982,RU
Matsubara,34.56667,135.55,130855,JP
Abengourou,6.72972,-3.49639,130810,CI
Al Bāb,36.37051,37.5157,130745,SY
Shuangcheng,45.3798,126.30711,130710,CN
Exeter,50.7236,-3.52751,130709,GB
Circoiscrizione III,45.06279,7.63071,130709,IT
Ho,6.60084,0.4713,130701,GH
Narowal,32.10197,74.87303,130692,PK
Lào Cai,22.48556,103.97066,130671,VN
Al Ajaylat,32.75718,12.37633,130546,LY
Udon Thani,17.41567,102.78589,130531,TH
Petrogradka,59.96567,30.31154,130455,RU
Bayan Lepas,5.29992,100.26052,130455,MY
Rajapalayam,9.45296,77.55335,130442,IN
Zipaquirá,5.02208,-74.00481,130432,CO
Jīroft,28.67806,57.74056,130429,IR
Cedar Rapids,42.00833,-91.64407,130405,US
Dongyang,29.26778,120.22528,130387,CN
Nantou,22.72171,113.29261,130370,CN
Botad,22.16917,71.66671,130327,IN
Nablus,32.22111,35.25444,130326,PS
New Haven,41.30815,-72.92816,130322,US
Arcahaie,18.77019,-72.51226,130306,HT
Jiazi,22.87932,116.07318,130298,CN
Foumban,5.72662,10.89865,130287,CM
Roseville,38.75212,-121.28801,130269,US
Quilpué,-33.04752,-71.44249,130263,CL
Kati,12.74409,-8.07257,130254,ML
Seri Kembangan,3.03333,101.71667,130252,MY
Kembangan,1.32228,103.91135,130252,SG
Colchester,51.88921,0.90421,130245,GB
Umeå,63.82842,20.25972,130224,SE
Din Daeng,13.7904,100.57014,130220,TH
Apucarana,-23.55083,-51.46083,130134,BR
Sennar,13.56907,33.56718,130122,SD
Masaya,11.97316,-86.09587,130113,NI
Visalia,36.33023,-119.29206,130104,US
Zugló,47.51758,19.10549,130000,HU
Tychy,50.13717,18.96641,130000,PL
Tottenham,51.60373,-0.06794,130000,GB
Sonārgaon,23.65,90.61667,130000,BD
San Martin,-5.18591,-80.66927,130000,PE
Ramenki,55.7,37.5,130000,RU
Caála,-12.8525,15.56056,130000,AO
Aley,33.80528,35.6,130000,LB
Wuda,39.49944,106.71167,129922,CN
Cambridge,43.3601,-80.31269,129920,CA
Mardin,37.31309,40.74357,129864,TR
Pingxiang,22.09694,106.75667,129843,CN
Zwolle,52.5125,6.09444,129840,NL
Baidoa,3.11383,43.6498,129839,SO
Sầm Sơn,19.73333,105.9,129801,VN
Santo António,22.20208,113.54394,129800,CN
Salford,53.48771,-2.29042,129794,GB
Mandi Bahauddin,32.58704,73.49123,129733,PK
Tokat,40.31389,36.55444,129702,TR
Erebuni,40.13309,44.53009,129700,AM
Sukrah,36.87744,10.2468,129693,TN
Ô Môn,10.10974,105.62318,129683,VN
Gapan,15.3072,120.9464,129610,PH
Deoria,26.50167,83.77936,129570,IN
Bayambang,15.8127,120.4557,129506,PH
Mianwali,32.57756,71.52847,129500,PK
Coral Springs,26.27119,-80.2706,129485,US
Sherbrooke,45.40008,-71.89908,129447,CA
Al Bayḑā’,32.76272,21.75506,129439,LY
Jardim Helena,-23.4837,-46.41309,129409,BR
Sabará,-19.88639,-43.80667,129380,BR
Acilia-Castel Fusano-Ostia Antica,41.76337,12.33078,129362,IT
Charlottenburg,52.51667,13.28333,129359,DE
Thousand Oaks,34.17056,-118.83759,129339,US
Columbia,38.95171,-92.33407,129330,US
Győr,47.68333,17.63512,129301,HU
Copiapó,-27.36737,-70.33219,129280,CL
Vespasiano,-19.69194,-43.92333,129246,BR
Kokubunji,35.70222,139.47556,129242,JP
Quibdó,5.69188,-76.65835,129237,CO
Guelmim,28.98696,-10.05738,129200,MA
Charallave,10.24247,-66.85723,129182,VE
Shahr-e Kord,32.32612,50.8572,129153,IR
Regensburg,49.01513,12.10161,129151,DE
Malambo,10.85953,-74.77386,129148,CO
Iwakuni,34.16297,132.22,129125,JP
Leiyang,26.40238,112.85908,129116,CN
Białołeka,52.32127,20.97204,129106,PL
Cadiz,10.9465,123.288,129053,PH
Carnot,4.94273,15.87735,129032,CF
Bat Yam,32.02379,34.75185,129012,IL
Zacatecas,22.76843,-102.58141,129011,MX
Elizabeth,40.66399,-74.2107,129007,US
Zyablikovo,55.61667,37.76667,129000,RU
Bingöl,38.88472,40.49389,128935,TR
Sātkhira,22.70817,89.07185,128918,BD
Palo Negro,10.17389,-67.54194,128875,VE
Stamford,41.05343,-73.53873,128874,US
Idlib,35.93062,36.63393,128840,SY
Moanda,-5.92753,12.37148,128804,CD
Sīnah,36.80851,43.03935,128776,IQ
Ōsaki,38.58866,140.973,128763,JP
Concord,37.97798,-122.03107,128667,US
Leiria,39.74362,-8.80705,128640,PT
Puno,-15.84003,-70.02198,128637,PE
Kamyshin,50.0885,45.41277,128626,RU
Shuanglonghu,29.71617,106.60684,128563,CN
Nimach,24.45949,74.86625,128561,IN
Kafr ad Dawwār,31.13379,30.12969,128539,EG
Águas Claras,-15.83969,-48.02675,128486,BR
Bosque Saúde,-23.60926,-46.62304,128469,BR
Novocheboksarsk,56.11095,47.47755,128468,RU
Besançon,47.24878,6.01815,128426,FR
Lugazi,0.36788,32.9376,128400,UG
Thành phố Sông Công,21.4772,105.84137,128357,VN
Rosario,13.6323,121.2207,128352,PH
Khardah,22.71861,88.37806,128346,IN
Sakakah,29.96974,40.20641,128332,SA
Khenifra,32.93492,-5.66167,128318,MA
Al Manāqil,14.2459,32.9891,128297,SD
Teluknaga,-6.09889,106.63806,128275,ID
Rustavi,41.56271,44.9787,128249,GE
Jose Bonifacio,-23.56742,-46.43264,128243,BR
Manzanillo,20.34173,-77.12126,128188,CU
Yavatmāl,20.39324,78.13201,128175,IN
Hālīsahar,22.93218,88.41859,128172,IN
Serpukhov,54.9198,37.41618,128158,RU
Rionegro,6.15515,-75.37371,128153,CO
Shache,38.41667,77.24056,128145,CN
Siheungdong,37.45177,126.91079,128142,KR
Khanna,30.70547,76.22196,128137,IN
Norman,35.22257,-97.43948,128026,US
Mosquera,4.70592,-74.23021,128012,CO
Orekhovo-Borisovo Severnoye,55.61667,37.68333,128000,RU
Ivanovskoye,55.76667,37.83333,128000,RU
Votorantim,-23.54667,-47.43778,127923,BR
Buôn Hồ,12.95226,108.2962,127920,VN
Chũ,21.37379,106.56649,127881,VN
Västerås,59.61617,16.55276,127799,SE
Seto,35.23333,137.1,127792,JP
Alhambra,33.49838,-112.13432,127764,US
Titāgarh,22.74252,88.37326,127751,IN
Newcastle under Lyme,53,-2.23333,127727,GB
Opole,50.67119,17.92604,127676,PL
Worcester,-33.64651,19.44852,127597,ZA
Elbląg,54.1522,19.40884,127558,PL
Sirajganj,24.45771,89.70802,127481,BD
Jequié,-13.85875,-40.08512,127475,BR
Płock,52.54682,19.70638,127474,PL
Wałbrzych,50.77141,16.28432,127431,PL
Yevlakh,40.61832,47.15014,127400,AZ
Mykilska Borshchahivka,50.42638,30.37442,127400,UA
Al Manzalah,31.15823,31.936,127394,EG
Wau,7.70111,27.98972,127384,SS
Södermalm,59.31278,18.07577,127323,SE
Athens,33.96095,-83.37794,127315,US
Amaigbo,5.78917,7.83829,127300,NG
Vila Mariana,-23.58833,-46.63464,127286,BR
Chiang Mai,18.79038,98.98468,127240,TH
Lafia,8.4939,8.51532,127236,NG
Jiangyou,31.76667,104.71667,127225,CN
Mustafābād,28.71974,77.26781,127167,IN
Tengyue,24.99492,98.51276,127133,CN
Shajing,22.74628,113.81903,127089,CN
Jinfeng,28.2385,116.60054,127076,CN
Sancti Spíritus,21.93429,-79.4398,127069,CU
Mataró,41.54211,2.4445,126988,ES
Kent,47.38093,-122.23484,126952,US
Pakokku,21.33489,95.08438,126938,MM
Murom,55.56853,42.02388,126931,RU
Daska Kalan,32.32422,74.35039,126924,PK
Sertãozinho,-21.13778,-47.99028,126887,BR
Hāthras,27.59551,78.05201,126882,IN
Pulong Santa Cruz,14.27324,121.07643,126844,PH
Klaten,-7.70583,110.60639,126831,ID
Khasavyurt,43.24872,46.58571,126829,RU
Neftekamsk,56.08879,54.26383,126805,RU
Villaverde,40.35,-3.7,126802,ES
Simi Valley,34.26945,-118.78148,126788,US
Bayawan,9.3649,122.804,126744,PH
Jorhat,26.75751,94.20306,126736,IN
Santa Cruz,14.6,120.98333,126735,PH
La Victoria,10.22677,-67.33122,126721,VE
Pakpattan,30.34314,73.38944,126706,PK
Jingzhi,36.31,119.3875,126703,CN
Danshui,22.7984,114.46716,126701,CN
Bahawalnagar,30.55083,73.39083,126700,PK
Circoiscrizione V,45.10147,7.65538,126666,IT
Barcarena,-1.50583,-48.62583,126650,BR
Solihull,52.41426,-1.78094,126577,GB
East Los Angeles,34.0239,-118.17202,126496,US
Lalitpur,24.69007,78.41915,126475,IN
Jombang,-7.54595,112.23307,126465,ID
Maxixe,-23.85972,35.34722,126408,MZ
Nakhon Ratchasima,14.97066,102.10196,126391,TH
Chinandega,12.62951,-87.13133,126387,NI
Al Jadīd,27.05,14.4,126386,LY
Lambaré,-25.34682,-57.60647,126377,PY
Valinhos,-22.97056,-46.99583,126373,BR
Macheng,31.18013,115.02213,126366,CN
Iizuka,33.63654,130.68678,126364,JP
Hua Hin,12.57065,99.95876,126355,TH
San Carlos del Zulia,9.00098,-71.92683,126353,VE
Vilkhivskyi,48.54327,39.28201,126340,UA
Rafaḩ,31.29722,34.24357,126305,PS
Ampang,3.15,101.76667,126285,MY
Altamira,-3.20333,-52.20639,126279,BR
Guntakal,15.17112,77.36244,126270,IN
Ālā'ĕr,40.54184,81.26566,126259,CN
Santa Clara,37.35411,-121.95524,126215,US
Pithampur,22.60197,75.69649,126200,IN
Paseh,-7.068,107.794,126181,ID
Mothīhāri,26.64862,84.91656,126158,IN
Koganei,35.70014,139.51109,126074,JP
Retiro,40.41317,-3.68307,126058,ES
Sunset Park,40.64548,-74.01241,126000,US
Nossa Senhora de Fátima,22.20769,113.54831,126000,CN
Topeka,39.04833,-95.67804,125963,US
Orléans,45.45732,-75.50433,125937,CA
Paek'ak,39.46275,125.60594,125924,KP
Huicheng,23.03845,116.28988,125919,CN
Puerto Ayacucho,5.66049,-67.58343,125840,VE
Gashua,12.87398,11.04057,125817,NG
Les Cayes,18.19199,-73.74948,125799,HT
Salerno,40.67545,14.79328,125797,IT
Savannakhet,16.5703,104.7622,125760,LA
Watford,51.65531,-0.39602,125707,GB
Munūf,30.46597,30.93199,125707,EG
Giresun,40.91698,38.38741,125682,TR
Xiazhen,34.80222,117.11167,125667,CN
Torbat-e Ḩeydarīyeh,35.27401,59.21949,125633,IR
Chaeryŏng-ni,38.73583,125.23083,125631,KP
Kastamonu,41.37805,33.77528,125622,TR
Tando Adam,25.76818,68.66196,125598,PK
Kanhangad,12.30814,75.10632,125564,IN
‘Ajlūn,32.33326,35.75279,125557,JO
Derince,40.75694,29.81472,125485,TR
Sukawati,-8.4913,115.0459,125470,ID
Jagdalpur,19.08136,82.02131,125463,IN
Kuopio,62.89238,27.67703,125462,FI
Bang Sue,13.81086,100.53064,125440,TH
Los Ángeles,-37.46973,-72.35366,125430,CL
Haimen,23.19346,116.61219,125427,CN
Karabük,41.20488,32.62768,125403,TR
Ntuzuma,-29.739,30.949,125394,ZA
Tsuruoka,38.72167,139.82167,125389,JP
Saint Peters,51.36667,1.41667,125370,GB
Barbacena,-21.22583,-43.77361,125317,BR
Uruma,26.37609,127.85908,125303,JP
Debre Tabor,11.85,38.01667,125300,ET
Nzega,-4.21667,33.18333,125193,TZ
Abilene,32.44874,-99.73314,125182,US
Ban Samae Dam,13.58956,100.38734,125133,TH
Shahecheng,36.93833,114.50583,125132,CN
Kumbo,6.2,10.66667,125124,CM
Ottawa South,45.3921,-75.68725,125090,CA
Willemstad,12.12246,-68.88641,125000,CW
Tyoply Stan,55.62047,37.49338,125000,RU
Soran,36.65558,44.54217,125000,IQ
Bălţi,47.76291,27.92854,125000,MD
Az Zulfī,26.29945,44.81542,125000,SA
Sultan Kudarat,7.22889,124.25778,124965,PH
Bet Shemesh,31.73072,34.99293,124957,IL
Jagādhri,30.16719,77.30367,124894,IN
Huixquilucan,19.35985,-99.35016,124846,MX
Semnan,35.57691,53.39205,124826,IR
León,42.60003,-5.57032,124772,ES
San Francisco de Macorís,19.29377,-70.25285,124763,DO
Yushu,44.82751,126.54063,124736,CN
Yuanlin,23.95671,120.57608,124725,TW
Santa Tecla,13.67741,-89.28335,124694,SV
Koidu,8.64387,-10.9714,124662,SL
Guarapari,-20.67182,-40.50196,124656,BR
Ciudad Valles,21.99631,-99.01093,124644,MX
Ouahigouya,13.5769,-2.41786,124587,BF
Kashihara-shi,34.50896,135.7929,124521,JP
Ashmūn,30.29735,30.97641,124483,EG
Ağrı,39.71467,43.04015,124483,TR
Leeuwarden,53.20271,5.80973,124481,NL
Bến Tre,10.24147,106.37585,124449,VN
Monza,45.58005,9.27246,124398,IT
New Mirpur City,33.14782,73.75187,124352,PK
Ji Paraná,-10.88528,-61.95167,124333,BR
Chía,4.85876,-74.05866,124309,CO
Pinsk,52.12153,26.06726,124295,BY
Koreatown,34.05779,-118.30091,124281,US
Targówek,52.29185,21.04845,124279,PL
Lecheng,25.128,113.35041,124268,CN
Nancun,36.53278,120.13389,124210,CN
Marand,38.4329,45.7749,124191,IR
As Sinbillāwayn,30.88251,31.46275,124020,EG
Crawley,51.11303,-0.18312,124008,GB
Rudnyy,52.97244,63.11055,124000,KZ
Magangué,9.24202,-74.75467,123982,CO
Itaguaí,-22.85222,-43.77528,123980,BR
Bemowo,52.2546,20.90844,123932,PL
Metz,49.11911,6.17269,123914,FR
Jiupu,41.06667,122.95,123843,CN
Dārjiling,27.03333,88.26667,123797,IN
Baoshan,46.57472,131.39318,123791,CN
Salvaleón de Higüey,18.61501,-68.70798,123787,DO
São Mateus,-18.72011,-39.85891,123752,BR
Butanta,-23.5702,-46.72628,123748,BR
Thaton,16.91867,97.37001,123727,MM
Budapest III. kerület,47.54157,19.04501,123723,HU
Kurichchi,10.96085,76.97379,123667,IN
Lumajang,-8.1335,113.2248,123626,ID
Ise,34.48333,136.7,123533,JP
Hagonoy,14.83413,120.73271,123531,PH
Uruguaiana,-29.75472,-57.08833,123480,BR
Samandağ,36.08012,35.97603,123447,TR
Caraguatatuba,-23.62028,-45.41306,123389,BR
Itaituba,-4.27611,-55.98361,123314,BR
Telde,27.99243,-15.41915,123265,ES
Indramayu,-6.32639,108.32,123263,ID
Relizane,35.73734,0.55599,123255,DZ
Bordj el Kiffan,36.74871,3.19249,123246,DZ
Jalal-Abad,40.94498,72.99313,123239,KG
Kirishima,31.74087,130.76288,123205,JP
Orizaba,18.85195,-97.09957,123182,MX
Bento Gonçalves,-29.17139,-51.51917,123151,BR
Luoyang,23.16244,114.27342,123144,CN
Toba Tek Singh,30.97127,72.48275,123102,PK
Bragança,-1.05361,-46.76556,123082,BR
Parung,-6.42139,106.73306,123078,ID
Honmachi,32.50439,130.59952,123067,JP
Wolfsburg,52.42452,10.7815,123064,DE
Niihama,33.96047,133.30522,123059,JP
Jiaohe,43.72133,127.33473,123018,CN
Tsaritsyno,55.6254,37.65032,123000,RU
Tatuí,-23.35556,-47.85694,122967,BR
Dos Hermanas,37.28287,-5.92088,122943,ES
Ajapnyak,40.19917,44.47056,122800,AM
Tabuk,17.47378,121.46799,122771,PH
Tabuk,17.4084,121.2785,122771,PH
Dam Dam,22.63341,88.42286,122719,IN
Hoima,1.43314,31.35241,122700,UG
Alagoinhas,-12.13556,-38.41917,122688,BR
Az Zubayr,30.39213,47.70175,122676,IQ
Schöneberg,52.49801,13.3443,122658,DE
Beppu,33.27945,131.49751,122643,JP
Hardoī,27.39491,80.13165,122635,IN
Itatiba,-23.00583,-46.83889,122581,BR
Huangzhou,30.45,114.8,122563,CN
Sheepshead Bay,40.59122,-73.94458,122534,US
Ubon Ratchathani,15.23844,104.84866,122533,TH
Puruliya,23.33062,86.36303,122533,IN
Virginia,-28.10391,26.86593,122502,ZA
Brits,-25.63473,27.78022,122497,ZA
Barretos,-20.55722,-48.56778,122485,BR
Beylikdüzü,40.982,28.6399,122452,TR
Recklinghausen,51.61379,7.19738,122438,DE
Xiulin,29.71667,112.4,122411,CN
Zhoucun,36.81667,117.81667,122402,CN
Cherkessk,44.22375,42.04624,122395,RU
Maastricht,50.84833,5.68889,122378,NL
Amherst,42.97839,-78.79976,122366,US
Igarassu,-7.83417,-34.90639,122312,BR
Tekirdağ,40.9781,27.51101,122287,TR
Victorville,34.53611,-117.29116,122225,US
Chishtian,29.79713,72.85772,122199,PK
Burton upon Trent,52.80728,-1.64263,122199,GB
Calumpit,14.91639,120.76583,122187,PH
Lat Phrao,13.80349,100.60749,122182,TH
Livoberezhnyi,47.1093,37.64306,122175,UA
Göttingen,51.53443,9.93228,122149,DE
Titiwangsa,3.17822,101.70312,122096,MY
Phasi Charoen,13.71466,100.43691,122070,TH
Veshnyaki,55.72393,37.81952,122000,RU
Presnenskiy,55.75,37.55,122000,RU
Zābol,31.0306,61.4949,121989,IR
Kaya,13.0883,-1.08368,121970,BF
Xiangcheng,25.46687,100.56248,121959,CN
Dharmavaram,14.41435,77.72035,121874,IN
Gokalpur,28.7029,77.28961,121870,IN
Ādīgrat,14.277,39.462,121800,ET
Carora,10.17283,-70.081,121741,VE
Vallejo,38.10409,-122.25664,121692,US
Mackay,-21.15345,149.16554,121691,AU
Bhadreswar,22.82449,88.33841,121662,IN
Dorūd,33.49218,49.0616,121638,IR
San Pedro de la Paz,-36.83897,-73.10028,121631,CL
Bern,46.94809,7.44744,121631,CH
Nagaon,26.35,92.66667,121628,IN
Lahti,60.98267,25.66151,121622,FI
Vejalpur,22.69021,73.56299,121610,IN
Longshui,29.56555,105.76205,121609,CN
Siracusa,37.07542,15.28664,121605,IT
Mubende,0.55849,31.39489,121600,UG
Stara Zagora,42.43205,25.64262,121582,BG
Ondjiva,-17.06667,15.73333,121537,AO
Alberton,-26.26786,28.12225,121536,ZA
Magelang,-7.47056,110.21778,121526,ID
Gràcia,41.40237,2.15641,121502,ES
Chikmagalūr,13.32231,75.774,121484,IN
Ekibastuz,51.72371,75.32287,121470,KZ
Algeciras,36.13326,-5.45051,121414,ES
Lafayette,30.22409,-92.01984,121374,US
Lianhe,47.13333,129.27426,121367,CN
Chico,39.72849,-121.83748,121345,US
Bhadrak,21.05447,86.5156,121338,IN
North Stamford,41.13815,-73.54346,121230,US
Bergamo,45.69601,9.66721,121200,IT
Ruse,43.84872,25.9534,121168,BG
Sawai Madhopur,26.02301,76.34408,121106,IN
Chơn Thành,11.42821,106.63536,121083,VN
Ambikāpur,23.11892,83.19537,121071,IN
Apalit,14.95333,120.77,121057,PH
Hartford,41.76371,-72.68509,121054,US
Bukittinggi,-0.30907,100.37055,121028,ID
Zyuzino,55.65608,37.56846,121000,RU
Dolisie,-4.19834,12.66664,121000,CG
Sorriso,-12.54528,-55.71139,120985,BR
Ejido,8.54665,-71.24087,120978,VE
Berkeley,37.87159,-122.27275,120972,US
Xilin Hot,43.96667,116.03333,120965,CN
Plaridel,14.88722,120.85722,120939,PH
West Palm Beach,26.71534,-80.05337,120932,US
Kashiwara,34.45,135.76667,120922,JP
Ikoma,34.68333,135.7,120741,JP
Heilbronn,49.13995,9.22054,120733,DE
Trento,46.06787,11.12108,120709,IT
Shahdad Kot,27.84726,67.90679,120687,PK
Ingolstadt,48.76508,11.42372,120658,DE
Toa Payoh New Town,1.33611,103.85,120650,SG
Guará,-15.80976,-47.97202,120641,BR
Lichuan,30.3,108.85,120587,CN
Bangil,-7.59939,112.8186,120551,ID
Bukit Bintang,3.14657,101.71023,120529,MY
Fengcheng,40.45361,124.07167,120514,CN
La Concepción,10.61919,-71.83814,120478,VE
Ulm,48.39841,9.99155,120451,DE
Mandoli,28.70275,77.30995,120417,IN
San Carlos,9.66415,-68.58659,120375,VE
Włocławek,52.64817,19.0678,120339,PL
Allentown,40.60843,-75.49018,120207,US
Satara,17.68589,73.99333,120195,IN
Charsadda,34.14822,71.7406,120170,PK
Bao'an Centre,22.57953,113.9163,120170,CN
Fernando de la Mora,-25.3386,-57.52167,120167,PY
Chūru,28.30415,74.96718,120157,IN
Perugia,43.1122,12.38878,120137,IT
Gangāpur,26.47249,76.71744,120115,IN
Zhujing,30.901,121.15966,120084,CN
Bồ Đề,21.05618,105.86675,120028,VN
Guelma,36.46214,7.42608,120004,DZ
Zhaoyuan,37.36497,120.40997,120000,CN
Solntsevo,55.63711,37.38115,120000,RU
Rustaq,23.39083,57.42444,120000,OM
Orekhovo-Zuyevo,55.81242,38.99155,120000,RU
Nabatîyé et Tahta,33.37889,35.48389,120000,LB
Mariupol,47.09514,37.54131,120000,UA
International City,25.16383,55.40987,120000,AE
Gereida,11.27543,25.14026,120000,SD
Dubai Marina,25.08525,55.14646,120000,AE
Cheremushky,46.43251,30.71151,120000,UA
Cabudwaaq,6.24585,46.2247,120000,SO
Madhyapur Thimi,27.68056,85.3875,119955,NP
Saint-Louis-de-Terrebonne,45.70198,-73.78669,119944,CA
Evansville,37.97476,-87.55585,119943,US
Bonon,6.9268,-6.0489,119938,CI
Bottrop,51.52392,6.9285,119909,DE
Ghotki,28.00437,69.31569,119879,PK
Kwekwe,-18.92809,29.81486,119863,ZW
Malindi,-3.21799,40.11692,119859,KE
Ban I Chang,13.71061,99.89617,119858,TH
Rize,41.02083,40.52194,119828,TR
Almirante Tamandaré,-25.32472,-49.31,119825,BR
Jaranwala,31.3332,73.41868,119785,PK
Palm Bay,28.03446,-80.58866,119760,US
Salto,-23.20083,-47.28694,119736,BR
Ann,19.79537,94.04791,119714,MM
Leiden,52.15833,4.49306,119713,NL
Thon Buri,13.725,100.48511,119708,TH
Ajax,43.85012,-79.03288,119677,CA
Bergedorf,53.48462,10.22904,119665,DE
Pescara,42.4584,14.20283,119554,IT
Modakeke,7.38299,4.26031,119529,NG
Nobeoka,32.58333,131.66667,119521,JP
Naz̧arābād,35.6102,51.1611,119512,IR
Silang,14.21567,120.97137,119475,PH
Amanfrom,5.53532,-0.39827,119467,GH
Moḩammad Shahr,35.763,50.9171,119418,IR
Īz̄eh,31.83027,49.86756,119399,IR
Nazilli,37.91631,28.32225,119370,TR
Daitō,34.71378,135.62033,119367,JP
Hòa Cường,16.04314,108.18209,119363,VN
Lira,2.2499,32.89985,119323,UG
Toledo,-24.71361,-53.74306,119313,BR
Pforzheim,48.88436,8.69892,119313,DE
Salihli,38.48258,28.14774,119311,TR
Port Dickson,2.52462,101.79651,119300,MY
Arabkir,40.20624,44.50365,119300,AM
Berkane,34.92,-2.32,119284,MA
Dordrecht,51.81,4.67361,119260,NL
Battambang,13.10271,103.19822,119251,KH
Offenbach,50.10061,8.76647,119192,DE
Arapongas,-23.41944,-51.42444,119138,BR
Kitami,43.80306,143.89083,119135,JP
Vĩnh Yên,21.30891,105.60489,119128,VN
Madhavaram,13.14819,80.2314,119105,IN
Cagua,10.18634,-67.45935,119033,VE
Fujairah,25.11641,56.34141,118933,AE
Mandimba,-14.3525,35.65056,118922,MZ
Reykjavík,64.13548,-21.89541,118918,IS
Dohad,22.83283,74.25986,118846,IN
Huaraz,-9.52614,-77.52869,118836,PE
Cheltenham,51.90006,-2.07972,118836,GB
Santa Coloma de Gramenet,41.45152,2.2081,118821,ES
Piraquara,-25.44227,-49.06795,118730,BR
Barshi,18.23454,75.69275,118722,IN
Lhasa,29.65,91.1,118721,CN
Bắc Quang,22.48333,104.86667,118690,VN
Xunchang,28.45433,104.71498,118664,CN
Hưng Yên,20.64637,106.05112,118646,VN
Miramar,22.36094,-97.89997,118614,MX
Queenstown,-31.89756,26.87533,118599,ZA
Nanbin,29.9994,108.10913,118597,CN
Khlong Luang,14.06467,100.64578,118551,TH
Ādilābād,19.67203,78.5359,118526,IN
Fargo,46.87719,-96.7898,118523,US
Brugge,51.20892,3.22424,118509,BE
Jhunjhunūn,28.12559,75.39797,118473,IN
Iguala de la Independencia,18.34536,-99.5413,118468,MX
Sarandi,-23.44361,-51.87389,118455,BR
Senador Canedo,-16.70806,-49.09306,118451,BR
Zomba,-15.38596,35.3188,118440,MW
Sepatan,-6.11889,106.575,118439,ID
Malita,6.415,125.61167,118438,PH
Zielona Góra,51.93548,15.50643,118433,PL
Jetpur,21.75482,70.62347,118302,IN
Tsentralno-Miskyi,48.30237,38.03165,118283,UA
Uppal Kalan,17.40577,78.55911,118259,IN
Maghāghah,28.64776,30.841,118223,EG
Pita Kotte,6.8905,79.9015,118179,LK
Guiguinto,14.83333,120.88333,118173,PH
Gudivāda,16.43547,80.99555,118167,IN
Setúbal,38.5244,-8.8882,118166,PT
Torrejón de Ardoz,40.45535,-3.46973,118162,ES
Aizu-Wakamatsu,37.49142,139.94546,118159,JP
Bama,11.52134,13.68952,118121,NG
Ilobu,7.83879,4.48672,118089,NG
Manolo Fortich,8.36972,124.86444,118075,PH
Kiến An,20.80528,106.62556,118047,VN
Jandira,-23.5275,-46.9025,118045,BR
Guaratinguetá,-22.81639,-45.1925,118044,BR
San Rafael,-34.61531,-68.33238,118009,AR
Troparëvo,55.65625,37.48496,118000,RU
Shaoshan,27.91667,112.51667,118000,CN
Nghi Xuân,18.658,105.752,118000,VN
Bārān,25.1,76.51667,117992,IN
Narmadapuram,22.74747,77.72736,117988,IN
Amreli,21.59983,71.21169,117967,IN
Nakhon Pathom,13.8196,100.04427,117927,TH
Manfalūţ,27.3126,30.96987,117925,EG
Kakegawa,34.76667,138.01667,117925,JP
Handa,34.88333,136.93333,117884,JP
Wushan,31.07749,109.87639,117873,CN
Friedrichshain,52.51559,13.45482,117829,DE
Abomey,7.18286,1.99119,117824,BJ
Sokodé,8.98333,1.13333,117811,TG
Araguari,-18.64722,-48.18722,117808,BR
Tarnów,50.01381,20.98698,117799,PL
Bangkok Noi,13.76266,100.47798,117793,TH
Jalingo,8.89367,11.3596,117757,NG
Raposo Tavares,-23.59245,-46.78561,117738,BR
Saanich,48.54964,-123.36931,117735,CA
Ibanda,-0.13398,30.49616,117700,UG
Bairro da Penha,-23.3684,-46.31102,117691,BR
Nyíregyháza,47.95539,21.71671,117689,HU
Sano,36.31667,139.58333,117669,JP
Karatsu,33.4425,129.96972,117663,JP
Achinsk,56.26792,90.50145,117634,RU
Pudukkottai,10.38128,78.82141,117630,IN
Shunyi,40.12175,116.64783,117623,CN
Rotherham,53.43012,-1.35678,117618,GB
Ciudad de Villa de Álvarez,19.26722,-103.73778,117600,MX
Rouiba,36.73829,3.28079,117558,DZ
Banyuwangi,-8.2325,114.35755,117558,ID
Tebingtinggi,3.3285,99.1625,117530,ID
Tigwav,18.43117,-72.86521,117504,HT
Narasaraopet,16.23488,80.04927,117489,IN
Lisala,2.15127,21.51672,117464,CD
Badin,24.656,68.837,117455,PK
Banfora,10.64064,-4.75285,117452,BF
Punta Arenas,-53.16282,-70.90922,117430,CL
Kadoma,-18.33328,29.91534,117381,ZW
Midsayap,7.19083,124.53028,117365,PH
Pyin Oo Lwin,22.03501,96.45683,117303,MM
Clearwater,27.96585,-82.8001,117292,US
Himamaylan,10.09889,122.87056,117286,PH
Independence,39.09112,-94.41551,117255,US
Heroica Guaymas,27.91989,-110.89888,117253,MX
Kedungwuni,-6.97038,109.64794,117249,ID
Ilebo,-4.33111,20.58638,117245,CD
Kristiansand,58.14671,7.9956,117237,NO
Longjing,42.77131,129.42307,117185,CN
Kroonstad,-27.65036,27.23488,117152,ZA
Remscheid,51.17983,7.1925,117118,DE
Billings,45.78329,-108.50069,117116,US
Möng Yang,21.8478,99.67651,117108,MM
Umuarama,-23.76639,-53.325,117095,BR
Čačak,43.89139,20.34972,117072,RS
Ann Arbor,42.27756,-83.74088,117070,US
Los Baños,14.17025,121.24181,117030,PH
Duekoué,6.74202,-7.34918,117023,CI
Higashikurume,35.75202,139.51169,117020,JP
Rishra,22.72394,88.34563,117014,IN
Pinhais,-25.44472,-49.1925,117000,BR
Kyzyl,51.71108,94.43776,116983,RU
Cadiz,36.52672,-6.2891,116979,ES
Dąbrowa Górnicza,50.33394,19.20479,116971,PL
Tacurong,6.6925,124.67639,116945,PH
Fāqūs,30.72816,31.79697,116945,EG
Hōfu,34.05,131.56667,116925,JP
Gabela,-10.85147,14.37993,116903,AO
Serangoon New Town,1.35083,103.87083,116900,SG
Serangoon,1.36278,103.8975,116900,SG
Funza,4.71638,-74.21195,116890,CO
Baripāda,21.93458,86.72852,116849,IN
Kōnosu,36.06868,139.51684,116828,JP
Soreang,-7.03306,107.51833,116780,ID
Smolyanskyi,48.01435,37.73586,116779,UA
Dinaig,7.16985,124.20836,116768,PH
Manp’o,41.15472,126.28944,116760,KP
Muktsar,30.47426,74.5166,116747,IN
El Monte,34.06862,-118.02757,116732,US
Forlì,44.22177,12.04144,116696,IT
Azamgarh,26.06832,83.18358,116644,IN
Santa Maria,-16.03095,-48.02929,116622,BR
Masaka,-0.33379,31.73409,116600,UG
Ahmadpur East,29.14269,71.25771,116579,PK
Cờ Đỏ,10.09377,105.42916,116576,VN
Taldykorgan,45.01556,78.37389,116558,KZ
Moncloa-Aravaca,40.43547,-3.7317,116531,ES
Gulin,28.04223,105.81038,116527,CN
Al Majaz,25.32354,55.38774,116503,AE
Thung Khru,13.62875,100.50964,116473,TH
Barnāla,30.37451,75.5487,116449,IN
Yelahanka,13.10073,77.59632,116447,IN
Pattaya,12.93333,100.88333,116417,TH
Chittorgarh,24.88963,74.62403,116406,IN
Chenggu,33.14917,107.32583,116375,CN
Harlem,40.80788,-73.94542,116345,US
Orléans,47.90248,1.90407,116344,FR
Rouen,49.44313,1.09932,116331,FR
Tinsukia,27.48905,95.35992,116322,IN
Westminster,39.83665,-105.0372,116317,US
Dasha,23.11037,113.4418,116307,CN
Yakeshi,49.28333,120.73333,116284,CN
Ipiranga,-23.59957,-46.61599,116271,BR
Makumbako,-8.85,34.83333,116232,TZ
Khargone,21.82292,75.61394,116150,IN
Mariara,10.29532,-67.7177,116142,VE
Digos,6.74972,125.35722,116122,PH
Tshilenge,-10.96667,22.9,116073,CD
Aïn Beïda,35.79639,7.39278,116064,DZ
Shahre Jadide Andisheh,35.6803,51.0193,116062,IR
Andīsheh,35.74708,51.27739,116062,IR
Alcobendas,40.54746,-3.64197,116037,ES
Kissidougou,9.1848,-10.09987,116019,GN
Taganskiy,55.73333,37.66667,116000,RU
San Tung Chung Hang,22.27875,113.94307,116000,HK
Round Rock,30.50826,-97.6789,115997,US
Noginsk,55.86486,38.44853,115979,RU
Tinaquillo,9.91861,-68.30472,115937,VE
Wilmington,34.23556,-77.94604,115933,US
Cavite City,14.48369,120.89878,115932,PH
Campo Grande,-23.67463,-46.68751,115925,BR
East Harlem,40.79472,-73.9425,115921,US
Formosa,-15.53722,-47.33444,115901,BR
Tandil,-37.3287,-59.1369,115877,AR
Zoetermeer,52.0575,4.49306,115845,NL
São Gonçalo do Amarante,-5.79333,-35.32944,115838,BR
Sri Jayewardenepura Kotte,6.88297,79.90708,115826,LK
Nasushiobara,36.97682,140.06642,115794,JP
Catanduva,-21.13778,-48.97278,115791,BR
Várzea Paulista,-23.21139,-46.82833,115771,BR
Baisha,29.06226,106.1189,115761,CN
Banī Mazār,28.49456,30.80526,115759,EG
Urasoe,26.25902,127.73012,115690,JP
Santana,-23.49032,-46.6387,115689,BR
Yelets,52.61435,38.50935,115688,RU
Suan Luang,13.73028,100.65138,115658,TH
Parla,40.23604,-3.76752,115611,ES
Mỹ Hào,20.91667,106.08333,115608,VN
Anliu,23.69824,115.67953,115560,CN
Ribeirão Pires,-23.71056,-46.41333,115559,BR
Recanto das Emas,-15.90864,-48.06447,115550,BR
Chunga,-15.31737,28.26868,115539,ZM
Novo-Peredelkino,55.64528,37.33583,115536,RU
Baidyabāti,22.78498,88.32586,115504,IN
Okigwe,5.82917,7.35056,115499,NG
Ar Rifā‘,26.13,50.555,115495,BH
Uzhhorod,48.6242,22.2947,115449,UA
Kasese,0.18333,30.08333,115400,UG
Lengshuijiang,27.68806,111.42944,115399,CN
Tianfu,37.26366,122.05228,115370,CN
Arvada,39.80276,-105.08748,115368,US
Otaru,43.18944,141.00222,115333,JP
Tayabas,14.0259,121.5929,115318,PH
Inkisi,-5.13122,15.0541,115317,CD
Iriga City,13.4324,123.4115,115306,PH
Vacoas,-20.29806,57.47833,115289,MU
Beaumont,30.08605,-94.10185,115282,US
Vlorë,40.4696,19.48379,115261,AL
Sanxia,24.93448,121.37139,115185,TW
Provo,40.23384,-111.65853,115162,US
Bastī,26.78817,82.71617,115115,IN
Peoria,40.69365,-89.58899,115070,US
Ezeiza,-34.8544,-58.52474,115021,AR
Xiva,41.38555,60.36408,115000,UZ
Amasya,40.65333,35.83306,114921,TR
Mendoza,-32.88946,-68.84582,114893,AR
Balkh,36.75635,66.8972,114883,AF
Mingshui,36.71667,117.5,114858,CN
Vila Medeiros,-23.48874,-46.57762,114839,BR
Phong Điền,16.58321,107.36438,114820,VN
Wang Thonglang,13.78546,100.61165,114768,TH
Carlsbad,33.15809,-117.35059,114746,US
Mandera,3.93726,41.85688,114718,KE
Qiaotou,36.935,101.67361,114712,CN
Gyumri,40.79305,43.84635,114667,AM
Silopi,37.24379,42.46345,114645,TR
Gangavati,15.4313,76.52933,114642,IN
Ambur,12.79163,78.71644,114608,IN
Gorzów Wielkopolski,52.73371,15.22505,114567,PL
Simões Filho,-12.78444,-38.40389,114559,BR
Giridih,24.18622,86.30875,114533,IN
Phool Nagar,31.2024,73.94857,114530,PK
Quezon,7.73028,125.09889,114521,PH
Aryanah,36.86012,10.19337,114486,TN
Tungipara,22.89983,89.90326,114482,BD
Ichinoseki,38.91667,141.13333,114476,JP
Khenchela,35.43583,7.14333,114472,DZ
Khon Kaen,16.44671,102.833,114459,TH
Odessa,31.84568,-102.36764,114428,US
Catalão,-18.16583,-47.94639,114427,BR
Tando Muhammad Khan,25.12384,68.53677,114406,PK
Springfield,39.80172,-89.64371,114394,US
Somaroboro,-25.34604,28.83431,114369,ZA
Guadalajara de Buga,3.90089,-76.29783,114316,CO
Pamanukan,-6.28417,107.81056,114290,ID
Codó,-4.45528,-43.88556,114275,BR
Pleiku,13.98333,108,114225,VN
Downey,33.94001,-118.13257,114219,US
Yuyao,30.05,121.14944,114177,CN
Hatsukaichi,34.35,132.33333,114173,JP
Tung Chung,22.28783,113.94243,114100,HK
Siirt,37.9293,41.94134,114034,TR
Korolyov,50.2543,28.69129,114034,UA
Korolyov,50.24487,28.70013,114034,UA
Zhaozhou,45.70595,125.26606,114009,CN
Villa Lugano,-34.67907,-58.47263,114000,AR
Ochakovo-Matveyevskoye,55.68432,37.44654,114000,RU
Punta Cardón,11.65806,-70.215,113999,VE
Akishima,35.72085,139.37999,113949,JP
Chililabombwe,-12.36475,27.82286,113876,ZM
Rivière-des-Prairies–Pointe-aux-Trembles,45.64064,-73.58463,113868,CA
Worthing,50.81795,-0.37538,113866,GB
Navojoa,27.07057,-109.44345,113836,MX
Offa,8.14911,4.72074,113830,NG
Tobolsk,58.19807,68.25457,113800,RU
Tōkai,35.02269,136.90887,113787,JP
Wardha,20.73933,78.59784,113759,IN
Wansheng,28.9629,106.92844,113751,CN
Eunápolis,-16.3775,-39.58028,113710,BR
Wayaobu,37.13611,109.65972,113698,CN
Hikone,35.25,136.25,113647,JP
Nagahama,35.38333,136.26667,113636,JP
Pingshan,22.99376,114.71311,113631,CN
Songyuan,45.12902,124.82769,113611,CN
Maba,24.68413,113.59839,113609,CN
Fujimino,35.90196,139.52489,113597,JP
Doncaster,53.52285,-1.13116,113566,GB
Bình Thủy,10.07431,105.73974,113565,VN
Bremerhaven,53.55357,8.57553,113557,DE
Dumaguete,9.30646,123.30769,113541,PH
Budapest XIII. kerület,47.52978,19.08068,113531,HU
Nippes,50.96545,6.95314,113487,DE
Jaén,37.76922,-3.79028,113457,ES
Chengqiao,31.63082,121.39252,113442,CN
Chorzów,50.30582,18.9742,113430,PL
Porz am Rhein,50.88637,7.0583,113415,DE
Lower Hutt,-41.21667,174.91667,113400,NZ
Louga,15.61867,-16.22436,113365,SN
Elmhurst,40.73649,-73.87791,113364,US
Hoàng Mai,19.26758,105.71594,113360,VN
Kamsar,10.65,-14.61667,113350,GN
Yaritagua,10.08081,-69.1242,113343,VE
Itabira,-19.61917,-43.22694,113343,BR
Khwisero,0.17124,34.59466,113294,KE
Costa Mesa,33.64113,-117.91867,113204,US
Miami Gardens,25.94204,-80.2456,113187,US
Chesterfield,53.25,-1.41667,113057,GB
North Peoria,40.71754,-89.58426,113004,US
Shchyolkovo,55.92497,37.97218,113000,RU
Al Fashn,28.82306,30.89903,112999,EG
Fairfield,38.24936,-122.03997,112970,US
Guanabacoa,23.12518,-82.30067,112964,CU
Hammanskraal,-25.40892,28.287,112950,ZA
Ōshū,39.13927,141.1685,112937,JP
Taourirt,34.40731,-2.89732,112908,MA
Paulo Afonso,-9.40611,-38.21472,112870,BR
Ţalkhā,31.0539,31.37787,112851,EG
Neili,24.9725,121.26139,112845,TW
Vihari,30.0445,72.3556,112840,PK
Youkaichi,35.11626,136.19768,112819,JP
Taonan,45.33319,122.78464,112819,CN
Kazo,36.11667,139.6,112792,JP
Santa Lucía Cotzumalguapa,14.33505,-91.02339,112780,GT
Jönköping,57.78145,14.15618,112766,SE
City of Port Phillip,-37.83382,144.93834,112669,AU
Tadepalligudem,16.81467,81.52717,112655,IN
Lansing,42.73253,-84.55553,112644,US
Haikou,24.77985,102.57548,112644,CN
Chanduasi,28.45178,78.78277,112635,IN
Bagaha,27.09918,84.09003,112634,IN
Nefteyugansk,61.09979,72.60349,112632,RU
Reutlingen,48.49144,9.20427,112627,DE
Bushwick,40.69427,-73.91875,112620,US
Upata,8.0162,-62.40561,112617,VE
Shaowu,27.34089,117.4831,112585,CN
Mengmao,24.00139,97.86499,112578,CN
Tangará da Serra,-14.61944,-57.48583,112547,BR
Lawang,-7.8353,112.6947,112540,ID
Itacoatiara,-3.14306,-58.44417,112520,BR
Bouskoura,33.44976,-7.65239,112501,MA
Satu Mare,47.79926,22.86255,112490,RO
Cubatão,-23.895,-46.42528,112476,BR
Kaiyuan,42.53306,124.04028,112462,CN
Kamalia,30.72708,72.64607,112426,PK
Kisii,-0.68174,34.76666,112417,KE
Petržalka,48.12331,17.12866,112380,SK
Ermelino Matarazzo,-23.49472,-46.47389,112333,BR
Achalpur,21.25665,77.51006,112311,IN
Guanare,9.03934,-69.73364,112286,VE
Wuzhishan,18.78229,109.5013,112269,CN
Gravesend,40.5976,-73.96514,112229,US
Rochester,44.02163,-92.4699,112225,US
Gondal,21.96074,70.80255,112197,IN
Farīdpur,23.60612,89.84064,112187,BD
Apopa,13.80722,-89.17917,112158,SV
Carmona,14.3132,121.0576,112140,PH
Laoag,18.1978,120.5957,112117,PH
Elgin,42.03725,-88.28119,112111,US
Dharashiv,18.18158,76.03889,112085,IN
Xigang,38.55258,106.34805,112061,CN
Chóngfú,30.53113,120.4309,112060,CN
Taipa,22.15583,113.55694,112051,MO
Port Blair,11.66613,92.74635,112050,IN
Minatitlán,18.00011,-94.5569,112046,MX
Esuk Oron,4.80293,8.25341,112033,NG
Fürth,49.47593,10.98856,112025,DE
Atbara,17.70217,33.98638,112021,SD
Paulínia,-22.76111,-47.15417,112003,BR
Vicenza,45.54672,11.5475,111980,IT
Ciudad Guzmán,19.70413,-103.46383,111975,MX
Ballarat,-37.56622,143.84957,111973,AU
West Jordan,40.60967,-111.9391,111946,US
Passos,-20.71889,-46.60972,111939,BR
Bagalkot,16.18673,75.69614,111933,IN
Yeoju,37.29583,127.63389,111897,KR
Lomas de Zamora,-34.7574,-58.40279,111897,AR
Dūmā,33.57175,36.4027,111864,SY
Winterthur,47.50564,8.72413,111840,CH
Novokuybyshevsk,53.09709,49.94001,111800,RU
Bou Saâda,35.20855,4.17402,111787,DZ
Marituba,-1.35528,-48.34194,111785,BR
Abnūb,27.26881,31.15232,111785,EG
Qūchān,37.106,58.50955,111752,IR
Kuningan,-6.97583,108.48306,111742,ID
Suriāpet,17.14054,79.62045,111729,IN
Kandy,7.2906,80.6336,111701,LK
Zefta,30.7142,31.24425,111700,EG
Nova Lima,-19.98556,-43.84667,111697,BR
Bangaon,23.04553,88.83084,111693,IN
Araxá,-19.59333,-46.94056,111691,BR
Inglewood,33.96168,-118.35313,111666,US
Kilis,36.71611,37.115,111648,TR
Conselheiro Lafaiete,-20.66028,-43.78611,111596,BR
Terrebonne,45.70004,-73.64732,111575,CA
Set Ka Lay,16.81435,96.11393,111514,MM
Resende,-22.46889,-44.44667,111514,BR
Kyimyindine,16.80852,96.12415,111514,MM
Chelmsford,51.73575,0.46958,111511,GB
Masjed Soleymān,31.9364,49.3039,111510,IR
Marzahn,52.54525,13.56983,111508,DE
Chiquimula,14.8009,-89.54641,111505,GT
Cileunyi,-6.93889,107.75278,111476,ID
Ashoknagar Kalyangarh,22.86416,88.63701,111475,IN
Mongu,-15.24835,23.12741,111450,ZM
Mulhouse,47.75205,7.32866,111430,FR
Al Fqih Ben Çalah,32.50213,-6.68771,111402,MA
Pulilan,14.90167,120.84917,111384,PH
Beau Bassin-Rose Hill,-20.23325,57.46609,111355,MU
Tuscaloosa,33.20984,-87.56917,111338,US
Sogamoso,5.71434,-72.93391,111336,CO
Sainte-Foy,46.78139,-71.29217,111300,CA
Mbale,1.08209,34.17503,111300,UG
São Lourenço da Mata,-8.00222,-35.01833,111249,BR
Montreuil,48.86415,2.44322,111240,FR
Terni,42.56335,12.64329,111189,IT
Deesa,24.25612,72.17928,111160,IN
Navadwīp,23.4067,88.36861,111123,IN
Maran,3.586,102.773,111056,MY
Nandurbar,21.36671,74.24051,111037,IN
Kasuga,33.52594,130.4611,111023,JP
Nsukka,6.85783,7.39577,111017,NG
Nguru,12.87695,10.45536,111014,NG
Mabopane,-25.509,28.064,110972,ZA
Namur,50.4669,4.86746,110939,BE
Encheng,22.18659,112.30424,110921,CN
Turhal,40.3875,36.08111,110884,TR
Gò Vấp,10.81667,106.68333,110850,VN
Bandar-e Anzalī,37.47318,49.45785,110826,IR
Richardson,32.94818,-96.72972,110815,US
Bokhtar,37.83654,68.77762,110800,TJ
Hadejia,12.45347,10.04115,110753,NG
Zhuji,29.71877,120.24233,110721,CN
Perpignan,42.69764,2.89541,110706,FR
Lowell,42.63342,-71.31617,110699,US
Manacapuru,-3.29972,-60.62056,110691,BR
East Independence,39.09556,-94.35523,110675,US
Caen,49.18585,-0.35912,110624,FR
Kyivskyi,49.60902,34.52933,110600,UA
São Pedro da Aldeia,-22.83917,-42.10278,110556,BR
Yenangyaung,20.46504,94.8712,110553,MM
Gresham,45.49818,-122.43148,110553,US
Antioch,38.00492,-121.80579,110542,US
Manzini,-26.49884,31.38004,110537,SZ
St. John's,47.56494,-52.70931,110525,CA
Delicias,41.64928,-0.90757,110520,ES
Masindi,1.67444,31.715,110500,UG
Kfar Saba,32.175,34.90694,110456,IL
Matsutō,36.51667,136.56667,110408,JP
Cambridge,42.3751,-71.10561,110402,US
Sultānpur,26.25788,82.07269,110368,IN
Delhi Cantonment,28.6,77.13333,110351,IN
Firozpur,30.92574,74.61311,110313,IN
Bayugan,8.75611,125.7675,110313,PH
High Point,35.95569,-80.00532,110268,US
Datun,34.80923,116.90174,110258,CN
Manchester,42.99564,-71.45479,110229,US
Geylang,1.31953,103.88689,110201,SG
Kresek,-6.13139,106.37972,110182,ID
Bender,46.83158,29.47671,110175,MD
Mbombela,-25.47512,30.96935,110159,ZA
Rodenkirchen,50.89328,6.99481,110158,DE
Sembawang Estate,1.45083,103.82861,110090,SG
Tubarão,-28.46667,-49.00694,110088,BR
Gabès,33.88146,10.0982,110075,TN
Orkney,-26.98023,26.67272,110052,ZA
Qingnian,36.84092,115.71087,110046,CN
Temecula,33.49364,-117.14836,110003,US
Sengerema,-2.66667,32.65,110000,TZ
Ressano Garcia,-25.44278,31.99528,110000,MZ
Qal‘at Sukkar,31.8632,46.07321,110000,IQ
Noyabrsk,63.19309,75.43728,110000,RU
Mendip,51.2372,-2.6266,110000,GB
Lucapa,-8.41915,20.74466,110000,AO
Kufa,32.05114,44.44017,110000,IQ
An Nu‘mānīyah,32.55621,45.41293,110000,IQ
Bataysk,47.13746,39.75713,109962,RU
Pisa,43.70853,10.4036,109960,IT
Linshui,36.42472,114.20472,109955,CN
Kamagaya,35.76971,140.00238,109932,JP
Sutton Coldfield,52.56667,-1.81667,109899,GB
Hailun,47.44663,126.92475,109881,CN
Maramag,7.76333,125.00528,109864,PH
Kecskemét,46.90618,19.69128,109847,HU
Seversk,56.60056,84.88639,109844,RU
Ciamis,-7.3257,108.3534,109839,ID
Murrieta,33.55391,-117.21392,109830,US
Brovary,50.51809,30.80671,109806,UA
Lak Si,13.88724,100.5792,109770,TH
Wakefield,53.68331,-1.49768,109766,GB
Centennial,39.57916,-104.87692,109741,US
Shilong,23.11444,113.84722,109733,CN
Richmond,37.93576,-122.34775,109708,US
Corona,40.74705,-73.86014,109698,US
Thới Lai,10.06522,105.55863,109684,VN
Sejoumi,36.75583,10.11833,109672,TN
Dchira El Jihadia,30.37345,-9.54761,109564,MA
Didao,45.34725,130.83693,109561,CN
Arsuz,36.41305,35.89033,109550,TR
Pelabuhanratu,-6.9875,106.55139,109523,ID
Marugame,34.28333,133.78333,109513,JP
Habikino,34.55276,135.59097,109479,JP
Arzamas,55.39563,43.8381,109479,RU
Phalaborwa,-23.94299,31.14107,109468,ZA
Walthamstow,51.59067,-0.02077,109424,GB
Pueblo,38.25445,-104.60914,109412,US
Guaianases,-23.54333,-46.41083,109316,BR
Ijebu-Igbo,6.97198,3.99938,109261,NG
Sergiyev Posad,56.31204,38.13869,109252,RU
Talisay,10.7375,122.9666,109204,PH
San Juan,-31.53726,-68.52568,109123,AR
Sehore,23.2,77.08333,109118,IN
Jianchang,27.55831,116.63978,109108,CN
Hulan,45.89326,126.57836,109104,CN
Matagalpa,12.92795,-85.91906,109089,NI
Khlong Toei,13.71669,100.57159,109041,TH
Leninsk-Kuznetsky,54.6567,86.1737,109023,RU
Kiryū,36.4,139.33333,108991,JP
Handeni,-5.43333,38.01667,108968,TZ
Zhongxiang,31.16611,112.58306,108883,CN
Thunder Bay,48.38202,-89.25018,108843,CA
Iwatsuki,35.96474,139.69644,108833,JP
Pearland,29.56357,-95.28605,108821,US
Dehui,44.53674,125.69427,108818,CN
Waterbury,41.55815,-73.0515,108802,US
Greeley,40.42331,-104.70913,108795,US
Boulogne-Billancourt,48.83545,2.24128,108782,FR
Warīsān,25.16744,55.40708,108759,AE
Kalisz,51.76109,18.09102,108759,PL
Baia Mare,47.65729,23.56808,108759,RO
Mascara,35.39664,0.14027,108629,DZ
Uromi,6.7,6.33333,108608,NG
Katumba,-9.23333,33.61667,108558,TZ
Móng Cái,21.52471,107.96619,108553,VN
Vila Maria,-23.51408,-46.58625,108543,BR
Komatsu,36.40263,136.45088,108509,JP
West Covina,34.06862,-117.93895,108484,US
Enterprise,36.02525,-115.24194,108481,US
Bānsbāria,22.95387,88.40098,108474,IN
Girón,7.0682,-73.16981,108466,CO
Baghlān,36.13068,68.70829,108449,AF
Hanjia,29.29524,108.16132,108430,CN
Trincomalee,8.5778,81.2289,108420,LK
La Cité-Limoilou,46.82894,-71.22641,108415,CA
Santiago,16.68808,121.5487,108414,PH
Taibai,30.82482,108.35783,108387,CN
Vedado,23.13767,-82.39339,108369,CU
Dagenham,51.55,0.16667,108368,GB
Xuyong,28.16992,105.43452,108352,CN
North Charleston,32.85462,-79.97481,108304,US
Sohar,24.34745,56.70937,108274,OM
Nehe,48.4793,124.87016,108253,CN
Oktyabrsky,54.48147,53.47103,108200,RU
Tadpatri,14.90832,78.01031,108171,IN
Birnin Kebbi,12.45389,4.1975,108164,NG
Santa Cruz,14.2814,121.4161,108145,PH
Everett,47.97898,-122.20208,108010,US
An Nuhūd,12.7,28.43333,108008,SD
Ŭllyul,38.51389,125.18972,107997,KP
Rijeka,45.32673,14.44241,107964,HR
Douliu,23.70944,120.54333,107924,TW
Luis Eduardo Magalhães,-12.09086,-45.78501,107909,BR
Catbalogan,11.77528,124.88611,107896,PH
College Station,30.62798,-96.33441,107889,US
As Salţ,32.03917,35.72722,107874,JO
Mishima,35.11667,138.91667,107851,JP
Jalpāiguri,26.51667,88.73333,107832,IN
Jalai Nur,49.45,117.7,107828,CN
Tajimi,35.31667,137.13333,107818,JP
Castelar,-34.65142,-58.64074,107786,AR
Pompano Beach,26.23786,-80.12477,107762,US
Coronel,-37.03386,-73.14019,107759,CL
Dusit,13.7775,100.51977,107655,TH
Basingstoke,51.26249,-1.08708,107642,GB
Bandırma,40.35222,27.97667,107631,TR
Maidstone,51.26667,0.51667,107627,GB
Tieli,46.97544,128.04804,107621,CN
Umm Qaşr,30.0362,47.91951,107620,IQ
Santana,-0.03816,-51.17476,107618,BR
Butterworth,5.3991,100.36382,107591,MY
Shaping,22.77019,112.95776,107589,CN
Labé,11.31823,-12.28332,107571,GN
Koszalin,54.19438,16.17222,107450,PL
South Fulton,33.59259,-84.67294,107436,US
Bolzano,46.49067,11.33982,107436,IT
Sherpur,25.01881,90.01751,107419,BD
Obninsk,55.10993,36.61238,107392,RU
Circoiscrizione VI,45.1022,7.70029,107369,IT
Manokwari,-0.86291,134.06402,107325,ID
Girardot City,4.30079,-74.80754,107324,CO
Koblenz,50.35357,7.57883,107319,DE
Itaperuna,-21.205,-41.88778,107246,BR
Siegen,50.87481,8.02431,107242,DE
Hirnytskyi,48.0211,37.96914,107216,UA
Cambé,-23.27583,-51.27833,107208,BR
Mangalagiri,16.43083,80.56815,107197,IN
Thohoyandou,-22.94564,30.48497,107144,ZA
As Suwayq,23.84944,57.43861,107143,OM
Norwalk,33.90224,-118.08173,107140,US
Yên Vinh,18.66667,105.66667,107082,VN
Mitrovicë,42.88333,20.86667,107045,XK
Yevpatoriya,45.20091,33.36655,107040,UA
Pati,-6.7559,111.038,107028,ID
Elista,46.30794,44.25537,106971,RU
Breves,-1.68222,-50.48028,106968,BR
Dera Murad Jamali,28.54657,68.22308,106952,PK
Taungoo,18.94291,96.43408,106945,MM
Bedford,52.13459,-0.46632,106940,GB
Bagong Silangan,14.706,121.108,106886,PH
Kangnyŏng,37.9075,125.51,106827,KP
Catia La Mar,10.60545,-67.03238,106822,VE
Boulder,40.01499,-105.27055,106803,US
Anning,24.92271,102.48496,106795,CN
Rayong,12.68095,101.25798,106737,TH
Sirte,31.20892,16.58866,106705,LY
Cherëmushki,55.66473,37.56135,106587,RU
Broken Arrow,36.0526,-95.79082,106563,US
Daly City,37.70577,-122.46192,106562,US
Açailândia,-4.94667,-47.50472,106550,BR
Cikarang,-6.26111,107.15278,106479,ID
Arlit,18.73694,7.38528,106448,NE
Ba Đồn,17.75353,106.42355,106413,VN
Ranebennur,14.62239,75.62951,106406,IN
Longjiang,47.33601,123.196,106384,CN
Hwado,37.6525,127.3075,106358,KR
Buhe,30.28757,112.22979,106347,CN
Pindiga,9.98433,10.95229,106322,NG
Berdyansk,46.75578,36.78815,106311,UA
Toufen,24.68753,120.90942,106310,TW
Dakhla,23.68477,-15.95798,106277,EH
Paniqui,15.6689,120.5806,106190,PH
Novotroitsk,51.20099,58.31318,106186,RU
Bergisch Gladbach,50.9856,7.13298,106184,DE
Rangamati,22.64317,92.19186,106069,BD
Alchevsk,48.46893,38.81669,106062,UA
Sơn La,21.3256,103.91882,106052,VN
Mingachevir,40.76422,47.06227,106048,AZ
Legnica,51.21006,16.1619,106033,PL
Tokoza,-26.36,28.129,106000,ZA
Sydney,46.1351,-60.1831,105968,CA
Derbent,42.06622,48.28759,105965,RU
Xinghua,32.93917,119.83417,105918,CN
Khurja,28.25382,77.85535,105909,IN
Mati,6.95508,126.21655,105908,PH
Arjawinangun,-6.64528,108.41028,105845,ID
Le Plateau-Mont-Royal,45.52833,-73.58081,105813,CA
Funchal,32.66568,-16.92547,105795,PT
Kishanganj,26.10224,87.95534,105782,IN
Yautepec,18.88188,-99.06715,105780,MX
Jataí,-17.87939,-51.72166,105729,BR
Sergeli,41.19833,69.22222,105700,UZ
Azare,11.67478,10.19069,105687,NG
Nantou,23.91566,120.66387,105682,TW
Ipojuca,-8.39889,-35.06389,105638,BR
Lahad Datu,5.02298,118.32897,105622,MY
Vila Prudente,-23.59255,-46.57278,105590,BR
Nova Serrana,-19.87611,-44.98361,105552,BR
Paragominas,-2.99565,-47.35488,105550,BR
Bukama,-9.20443,25.85475,105530,CD
Ponnāni,10.76695,75.92523,105512,IN
Tanza,14.6753,120.9389,105510,PH
Inzai,35.83479,140.16361,105463,JP
Bhairab Bāzār,24.0524,90.9764,105457,BD
Chengtangcun,35.08357,117.19071,105456,CN
Hindaun,26.73411,77.03519,105452,IN
Jamālpur,25.31258,86.48888,105434,IN
Abū Tīj,27.04514,31.31845,105418,EG
Coatepeque,14.70413,-91.86426,105415,GT
Baraki,36.66655,3.09606,105402,DZ
Sandy Springs,33.92427,-84.37854,105330,US
Burbank,34.18084,-118.30897,105319,US
Taling Chan,13.77698,100.4567,105299,TH
San Justo,-34.68107,-58.56379,105274,AR
Hòa Bình,20.81717,105.33759,105260,VN
Saint-Paul,-21.00961,55.27134,105240,RE
Ourense,42.33669,-7.86407,105233,ES
Nāgaur,27.20201,73.73394,105218,IN
Riacho Fundo II,-15.8981,-48.04671,105210,BR
Green Bay,44.51916,-88.01983,105207,US
Mityana,0.4175,32.02278,105200,UG
Jizan,16.88917,42.55111,105198,SA
Texcoco de Mora,19.51194,-98.88293,105165,MX
Bang Bon,13.66185,100.39567,105161,TH
Nikopol,47.56826,34.39126,105160,UA
Mazyr,52.04162,29.21631,105152,BY
Slovyansk,48.84974,37.59739,105141,UA
Santa Maria,34.95303,-120.43572,105093,US
Maranguape,-3.89083,-38.68556,105093,BR
Assis,-22.66167,-50.41222,105087,BR
San Francisco De Borja,-12.08911,-76.99876,105076,PE
Yidu,36.77121,118.42454,105070,CN
Nancy,48.68439,6.18496,105058,FR
Drammen,59.74389,10.20449,105042,NO
Planaltina,-15.45278,-47.61417,105031,BR
Araguaína,-7.19111,-48.20722,105019,BR
Kuala Krai,5.5313,102.19925,105007,MY
Zhonghe,28.45049,108.98901,105003,CN
Universal City,34.1389,-118.35341,105000,US
Puyang Chengguanzhen,35.70622,115.0279,104994,CN
Ikeda,34.82208,135.4298,104993,JP
Waterloo,43.4668,-80.51639,104986,CA
Ambala Sadar,30.33544,76.86265,104974,IN
Chinautla,14.70289,-90.49983,104972,GT
Ville-Marie,45.49899,-73.57046,104944,CA
Moratalaz,40.40742,-3.64935,104923,ES
Bhiwadi,28.21024,76.86056,104921,IN
Būndi,25.43855,75.63735,104919,IN
Miryalaguda,16.8722,79.56247,104918,IN
Daxing,39.74025,116.32693,104904,CN
Artur Alvim,-23.54015,-46.48581,104864,BR
Yezhou,30.60369,109.72333,104839,CN
Hidalgo del Parral,26.92987,-105.66618,104836,MX
Bāneh,35.9975,45.8853,104799,IR
Saijō,33.91667,133.18333,104791,JP
Lavras,-21.24528,-44.99972,104761,BR
Coronel Fabriciano,-19.51861,-42.62889,104736,BR
Jena,50.92878,11.5899,104712,DE
Wichita Falls,33.91371,-98.49339,104710,US
Brantford,43.1334,-80.26636,104688,CA
Gera,50.88029,12.08187,104659,DE
Tuyên Quang,21.82356,105.21424,104645,VN
Ottakring,48.21667,16.3,104627,AT
Al Fāw,29.97421,48.47309,104569,IQ
Angoche,-16.2325,39.90861,104540,MZ
El Mourouj,36.71364,10.2096,104538,TN
Depok,-7.7625,110.43167,104527,ID
Toride,35.9,140.08333,104524,JP
Mostar,43.34333,17.80806,104518,BA
Kamloops,50.66648,-120.3192,104460,CA
Mazabuka,-15.85601,27.748,104412,ZM
Lakeland,28.03947,-81.9498,104401,US
Pozniaky,50.40259,30.62352,104400,UA
Zhezqazghan,47.79411,67.70628,104357,KZ
Pailou,30.79641,108.3858,104351,CN
Lo Prado,-33.4443,-70.72552,104316,CL
Tizi Ouzou,36.71182,4.04591,104312,DZ
Pulandian,39.39528,121.96694,104277,CN
Helsingborg,56.04673,12.69437,104250,SE
Kot Addu,30.46907,70.96699,104217,PK
Bouaflé,6.99041,-5.7442,104209,CI
Kara,9.55111,1.18611,104207,TG
Clovis,36.82523,-119.70292,104180,US
Kafue,-15.76911,28.18136,104174,ZM
Wuchuan,21.45713,110.76591,104168,CN
Muriaé,-21.13056,-42.36639,104108,BR
Salaqi,40.54139,110.51083,104090,CN
Kalulushi,-12.84151,28.09479,104046,ZM
Lewisville,33.04623,-96.99417,104039,US
Oued Zem,32.8627,-6.57359,104029,MA
Weldiya,11.8277,39.59164,104000,ET
Soyībug,34.07677,74.7057,104000,IN
Kiselëvsk,53.99,86.6621,104000,RU
Izmaylovo,55.78677,37.80165,104000,RU
Jishu,44.31667,126.8,103988,CN
El Kelaa des Srarhna,32.05121,-7.41079,103982,MA
Séguéla,7.96111,-6.67306,103980,CI
Ourinhos,-22.97889,-49.87056,103970,BR
Totonicapán,14.91188,-91.36054,103952,GT
Abreu e Lima,-7.91167,-34.90278,103945,BR
Ad-Damir,17.59898,33.97205,103941,SD
Jagtiāl,18.79473,78.91661,103930,IN
Lida,53.88333,25.29972,103916,BY
Woking,51.31903,-0.55893,103900,GB
Roorkee,29.86632,77.89118,103894,IN
Salzgitter,52.15705,10.4154,103866,DE
Edéa,3.8,10.13333,103861,CM
Yuxi,24.355,102.54222,103829,CN
Lincoln,53.22683,-0.53792,103813,GB
Novo Gama,-16.05917,-48.03944,103804,BR
Poá,-23.52806,-46.34472,103765,BR
Bashan,27.76823,116.05017,103748,CN
Nkpor,6.15038,6.83042,103733,NG
Berbérati,4.26116,15.79216,103713,CF
Bacabal,-4.23246,-44.78164,103711,BR
Tyler,32.35126,-95.30106,103700,US
Tongren,35.51483,102.016,103700,CN
Male,4.17521,73.50916,103693,MV
El Cajon,32.79477,-116.96253,103679,US
Mandaqui,-23.45947,-46.64086,103665,BR
Piacenza,45.05242,9.69342,103607,IT
Gardez,33.59744,69.22592,103601,AF
Zhanaozen,43.34116,52.86192,103598,KZ
Gangu Chengguanzhen,34.73564,105.32632,103589,CN
Teziutlan,19.8173,-97.35992,103583,MX
Kolda,12.8939,-14.94125,103574,SN
Vila Matilde,-23.53936,-46.51788,103558,BR
Udgīr,18.39258,77.11756,103550,IN
San Mateo,37.56299,-122.32553,103536,US
Viseu,40.66165,-7.90905,103502,PT
Nagda,23.45834,75.41759,103501,IN
Moers,51.45342,6.6326,103487,DE
Brandon,27.9378,-82.28592,103483,US
Buzău,45.15,26.83333,103481,RO
Reus,41.15612,1.10687,103477,ES
Prabumulih,-3.43447,104.23056,103470,ID
Itabaiana,-10.685,-37.42528,103440,BR
Francistown,-21.17,27.50778,103417,BW
Isehara,35.39932,139.31019,103401,JP
Queluz,38.75657,-9.25451,103399,PT
Ubá,-21.12,-42.94278,103365,BR
Betūl,21.90056,77.90229,103330,IN
Chikushino-shi,33.49631,130.5156,103311,JP
Akademicheskoe,60.01375,30.39471,103304,RU
Turgutlu,38.49533,27.6997,103292,TR
Taitung,22.75991,121.14457,103260,TW
Kalynivskyi,48.00741,37.85378,103249,UA
San,13.29701,-4.89627,103227,ML
Jahānābād,25.21368,84.9871,103202,IN
Lethbridge,49.69999,-112.81856,103197,CA
Cursino,-23.63143,-46.62072,103171,BR
Velikiye Luki,56.34063,30.54377,103149,RU
Kashipur,29.21399,78.95693,103138,IN
Rialto,34.1064,-117.37032,103132,US
West Bromwich,52.51868,-1.9945,103112,GB
Itanhaém,-24.18306,-46.78889,103102,BR
Ghazīpur,25.58333,83.58526,103095,IN
Tanjung Pandan,-2.73353,107.63477,103062,ID
Santo Antônio de Jesus,-12.96889,-39.26139,103055,BR
Ikere-Ekiti,7.49748,5.23041,103054,NG
Hildesheim,52.15077,9.95112,103052,DE
Bendigo,-36.75818,144.28024,103034,AU
Rantauprapat,2.1,99.83333,103009,ID
Chumakivskyi,47.95671,37.94194,103005,UA
Nkayi,-4.18396,13.2859,103000,CG
Bogorodskoye,55.81353,37.71617,103000,RU
Amaravati,16.514,80.516,103000,IN
Lahān,26.72022,86.48258,102955,NP
Liberec,50.76711,15.05619,102951,CZ
Nagapattinam,10.76377,79.84313,102905,IN
Qurayyat,31.33176,37.34282,102903,SA
Portmore,17.97102,-76.88691,102861,JM
Buxar,25.57548,83.98043,102861,IN
Santa Rosa,-36.61617,-64.28991,102860,AR
Palma Soriano,20.2113,-75.99362,102826,CU
Pushkino,55.99456,37.82897,102816,RU
Khushāb,32.29667,72.3525,102793,PK
Lafiagi,8.85299,5.41641,102779,NG
Caieiras,-23.36417,-46.74056,102775,BR
Orsha,54.51362,30.40365,102759,BY
Xincheng,41.71497,82.93249,102752,CN
Lyon 03,45.76124,4.85184,102725,FR
Belawan,3.7755,98.6832,102707,ID
Piatra Neamţ,46.91667,26.33333,102688,RO
Cabudare,10.02658,-69.26203,102686,VE
Erlangen,49.59099,11.00783,102675,DE
Tepexpan,19.61387,-98.9364,102667,MX
Tivaouane,14.95186,-16.8152,102658,SN
Entebbe,0.05621,32.47949,102600,UG
Davenport,41.52364,-90.57764,102582,US
Darnah,32.76704,22.63669,102581,LY
Dayrūţ,27.55642,30.81057,102570,EG
Whalley,49.17917,-122.86667,102555,CA
Edison,40.51872,-74.4121,102548,US
Wazirabad,32.44324,74.12,102444,PK
Curicó,-34.98279,-71.23943,102438,CL
Kangsŏn,38.93639,125.58111,102436,KP
La Vega,19.22031,-70.53101,102426,DO
Shāhzādpur,24.17687,89.5988,102420,BD
Tulancingo,20.08355,-98.36288,102406,MX
Perdizes,-23.53872,-46.68093,102391,BR
Yono,35.88333,139.63333,102364,JP
Apatzingán,19.08864,-102.35704,102362,MX
Merauke,-8.49958,140.40613,102351,ID
Hillsboro,45.52289,-122.98983,102347,US
Ciutat Vella,41.38022,2.17319,102347,ES
Mormugao,15.38914,73.81491,102345,IN
Seoni,22.08503,79.55037,102343,IN
Mitte,52.52003,13.40489,102338,DE
Sabanalarga,10.63072,-74.92214,102334,CO
Jishou,28.31925,109.73346,102332,CN
Ngong,-1.3527,36.6699,102323,KE
Sebeta,8.91667,38.61667,102300,ET
Artëm,43.35757,132.19137,102300,RU
Tsuyama,35.05215,133.99885,102294,JP
Birigui,-21.28861,-50.34,102277,BR
Aurangābād,24.75204,84.3742,102244,IN
Lampa,-33.2863,-70.87561,102234,CL
Ituiutaba,-18.97428,-49.46212,102217,BR
Ukhta,63.56904,53.69141,102187,RU
Nakhon Si Thammarat,8.43333,99.96667,102152,TH
Japeri,-22.64306,-43.65333,102149,BR
Shuifu,28.63215,104.40783,102143,CN
Kani,35.40435,137.05595,102143,JP
Ōnojō,33.53567,130.47861,102085,JP
Shchukino,55.8,37.45,102000,RU
Brateyevo,55.63755,37.76438,102000,RU
Al Jumayl,32.85286,12.0612,102000,LY
Venlo,51.37,6.16806,101988,NL
Parintins,-2.62833,-56.73583,101956,BR
Mairiporã,-23.31861,-46.58667,101937,BR
Novara,45.44694,8.62118,101916,IT
Wilmersdorf,52.48333,13.31667,101877,DE
Pôr do Sol,-15.85502,-48.12433,101866,BR
Hedong,23.9196,115.7801,101825,CN
Hinganghāt,20.54875,78.83978,101805,IN
Balsas,-7.5325,-46.03556,101767,BR
Zonguldak,41.45139,31.79305,101749,TR
Iğdır,39.92371,44.045,101700,TR
Kawachi-Nagano,34.44108,135.58283,101692,JP
Eastbourne,50.76871,0.28453,101689,GB
Dhamtari,20.70718,81.54874,101677,IN
Delta,49.14399,-122.9068,101668,CA
Pārsābād,39.6482,47.9174,101661,IR
Worcester,52.18935,-2.22001,101659,GB
Las Cruces,32.31232,-106.77834,101643,US
Székesfehérvár,47.18995,18.41034,101600,HU
Lagarto,-10.91722,-37.65,101579,BR
Kindrativskyi,48.30282,38.05475,101565,UA
Bath,51.3751,-2.36172,101557,GB
Sidi Slimane,34.26479,-5.92598,101541,MA
Iida,35.51965,137.82074,101536,JP
Los Puertos de Altagracia,10.71492,-71.52168,101527,VE
South Bend,41.68338,-86.25001,101516,US
Kansk,56.20218,95.71848,101502,RU
Kalmiuskyi,47.11046,37.54375,101498,UA
Chilliwack,49.16638,-121.95257,101491,CA
Argenteuil,48.94788,2.24744,101475,FR
Khanty-Mansiysk,61.00187,69.02728,101466,RU
Isulan,6.62944,124.605,101455,PH
Itaim Bibi,-23.58581,-46.68241,101452,BR
Mbaké,14.79032,-15.90803,101451,SN
Pavlohrad,48.53214,35.86878,101430,UA
Simmering,48.18333,16.43333,101420,AT
Mustafakemalpaşa,40.03815,28.40866,101412,TR
Burayu,9.03528,38.66083,101400,ET
Chilakalūrupet,16.08987,80.16705,101398,IN
Malappuram,11.04199,76.08154,101386,IN
Ébolowa,2.9,11.15,101363,CM
Dartmouth,44.67134,-63.57719,101343,CA
Orihuela,38.08483,-0.94401,101321,ES
Kallang,1.33333,103.86667,101290,SG
Sangju,36.41528,128.16056,101267,KR
Perling,1.48061,103.68381,101263,MY
Witten,51.44362,7.35258,101247,DE
Albany,42.65258,-73.75623,101228,US
Medina Estates,5.6658,-0.16307,101207,GH
Chakwal,32.93286,72.85394,101200,PK
Ngã Bảy,9.81371,105.82096,101192,VN
Colatina,-19.53944,-40.63056,101190,BR
Gillingham,51.38914,0.54863,101187,GB
Suruç,36.97612,38.42533,101178,TR
Teófilo Otoni,-17.8575,-41.50528,101170,BR
Huacheng,24.06703,115.61309,101165,CN
Ocaña,8.23773,-73.35604,101158,CO
Hồng Ngự,10.8,105.35,101155,VN
Daoukro,7.0591,-3.9631,101136,CI
Tokuyama,34.05,131.81667,101133,JP
Ţimā,26.90843,31.43469,101130,EG
Donghae City,37.54389,129.10694,101128,KR
Standerton,-26.93366,29.24152,101101,ZA
Kanoya,31.38333,130.85,101096,JP
Mokopane,-24.19436,29.00974,101090,ZA
Dikirnis,31.08898,31.59478,101082,EG
New Bedford,41.63526,-70.92701,101079,US
Lāhījān,37.20416,50.00919,101073,IR
Leuven,50.87959,4.70093,101032,BE
Mezhdurechensk,53.68993,88.06221,101026,RU
Bānswāra,23.54109,74.4425,101017,IN
Jolo,6.05222,121.00222,101002,PH
Ryazanskiy,55.73333,37.76667,101000,RU
Novyye Cherëmushki,55.7,37.58333,101000,RU
Elbasan,41.11138,20.08224,100903,AL
Ijok,3.31667,101.4,100899,MY
Vista,33.20004,-117.24254,100890,US
Davie,26.06287,-80.2331,100882,US
Errachidia,31.9314,-4.42663,100870,MA
Twifu Praso,5.61411,-1.5502,100851,GH
Red Deer,52.26682,-113.802,100844,CA
Solikamsk,59.66686,56.74267,100812,RU
El Progreso,15.4,-87.8,100810,HN
Chirmiri,23.19073,82.35314,100800,IN
Chikusei,36.316,139.98238,100753,JP
Sungailiat,-1.85442,106.12215,100750,ID
Arezzo,43.46276,11.88068,100734,IT
Újpest,47.56863,19.08456,100694,HU
Calasiao,16.0111,120.36,100686,PH
Glazov,58.14,52.65619,100676,RU
Rosarito,32.36044,-117.04645,100660,MX
Kallithéa,37.95,23.7,100641,GR
Juan Díaz,9.04059,-79.44083,100636,PA
Yên Bái,21.72288,104.9113,100631,VN
Grogol,-7.60111,110.81861,100613,ID
Nāḩiyat al Iskandarīyah,32.8873,44.34619,100600,IQ
Puerto Barrios,15.72724,-88.59787,100593,GT
Bakwa,4.1263,27.39527,100575,CD
Itārsi,22.61477,77.76222,100574,IN
Chinatown,37.7966,-122.40858,100574,US
Si Maha Phot,13.96597,101.51303,100563,TH
Hà Tiên,10.3831,104.48753,100560,VN
Oleksiyivka,50.04516,36.19322,100500,UA
Los Rastrojos,10.02588,-69.24166,100497,VE
Vasco da Gama,15.39585,73.81568,100485,IN
Barakaldo,43.29639,-2.98813,100435,ES
Lianjiang,21.64673,110.28172,100341,CN
Oleksandrivskyi,47.96788,37.80335,100330,UA
Ermelo,-26.53333,29.98333,100324,ZA
Linxi,39.71183,118.44954,100316,CN
Klagenfurt am Wörthersee,46.62472,14.30528,100316,AT
Tiébo,14.63333,-16.23333,100289,SN
Gangtok,27.32574,88.61216,100286,IN
Datia,25.67312,78.45908,100284,IN
Sakado,35.95694,139.38889,100275,JP
Sakata,38.91667,139.855,100273,JP
Ust’-Ilimsk,58.00056,102.66194,100271,RU
Girona,41.98311,2.82493,100266,ES
Renton,47.48288,-122.21707,100242,US
Chust,41.00329,71.23791,100200,UZ
Kalmunai,7.40902,81.83472,100171,LK
Udine,46.0693,13.23715,100170,IT
Xinzhai,36.4,118.61667,100168,CN
Phagwāra,31.22452,75.77387,100146,IN
Izumisano,34.41667,135.31667,100131,JP
Trier,49.75565,6.63935,100129,DE
Ginowan,26.26265,127.76147,100125,JP
Inda Silasē,14.10307,38.28289,100100,ET
Qaşr Bin Ghashīr,32.68333,13.18333,100069,LY
Punta Cana,18.58182,-68.40431,100023,DO
Roanoke,37.27097,-79.94143,100011,US
Tekstil’shchiki,55.70033,37.74271,100000,RU
Tājūrā’,32.88167,13.35056,100000,LY
Sumedang Utara,-6.85,107.91667,100000,ID
Subotica,46.1,19.66667,100000,RS
Shulyavka,50.45356,30.4531,100000,UA
Seri Manjung,4.1987,100.67,100000,MY
Sentul,3.18333,101.68333,100000,MY
Sabt Alalayah,19.5773,41.96357,100000,SA
P’yŏngsŏng,39.24639,125.87194,100000,KP
Nyagatare,-1.2952,30.3226,100000,RW
Model Town,31.48104,74.32563,100000,PK
Kangding,30.00222,101.9569,100000,CN
Jaffa,32.05043,34.75224,100000,IL
Colonia Lindavista,19.49156,-99.12475,100000,MX
Becontree,51.5529,0.129,100000,GB
Bandar Mahkota Cheras,3.0542,101.79844,100000,MY
Alamar,23.15794,-82.27837,100000,CU
Airoli,19.15096,72.99625,100000,IN
Qincheng,27.2127,116.53008,99987,CN
Luckeesarai,25.1765,86.0947,99979,IN
Menghuan,24.43532,98.58375,99970,CN
Śródmieście,52.22904,21.01644,99950,PL
Hāgere Hiywet,8.98333,37.85,99900,ET
San Angelo,31.46377,-100.43704,99893,US
Kambove,-10.87352,26.59746,99884,CD
Bislig,8.21528,126.31639,99872,PH
Xixiang,32.98703,107.764,99867,CN
Kenosha,42.58474,-87.82119,99858,US
Salto,-31.38811,-57.95983,99823,UY
Chanthaburi,12.60961,102.10447,99819,TH
Niagara Falls,43.10012,-79.06627,99818,CA
Dongsheng,39.81609,109.97763,99809,CN
Andria,41.23117,16.29797,99784,IT
Tucupita,9.06263,-62.05208,99778,VE
Clinton Township,42.58698,-82.91992,99753,US
Shikohābād,27.108,78.58661,99678,IN
Villa de Cura,10.03863,-67.48938,99669,VE
Al Jammālīyah,31.18065,31.86497,99641,EG
San Chaung,17.0953,96.0992,99619,MM
Wangkui,46.83214,126.47657,99617,CN
Columbia,39.24038,-76.83942,99615,US
Zelenodolsk,55.84376,48.51784,99600,RU
Al Qūşīyah,27.44023,30.81712,99598,EG
Dschang,5.44397,10.05332,99582,CM
Tucuruvi,-23.47544,-46.60609,99559,BR
Myŏnggan-dong,41.13722,129.49472,99557,KP
Hwasŏng,41.25556,129.49278,99557,KP
Dhahran,26.28864,50.11396,99540,SA
Santiago de Compostela,42.88052,-8.54569,99536,ES
Roubaix,50.69421,3.17456,99507,FR
Manbij,36.52815,37.95495,99497,SY
Olomouc,49.59552,17.25175,99496,CZ
Novoshakhtinsk,47.76037,39.93335,99478,RU
Erie,42.12922,-80.08506,99475,US
Šiauliai,55.93333,23.31667,99462,LT
Kāsganj,27.80882,78.64579,99462,IN
Hualien City,23.97694,121.60444,99458,TW
Campo Mourão,-24.04309,-52.37929,99432,BR
Meihekou,42.52869,125.67876,99419,CN
Santander de Quilichao,3.00945,-76.48494,99354,CO
Xinle,38.34898,114.68531,99347,CN
Acharnés,38.08333,23.73333,99346,GR
Qubo Saeed Khan,27.87437,67.70886,99308,PK
Mafinga,-8.30019,35.29366,99305,TZ
Taman Melawati,3.21083,101.74825,99304,MY
Minyā al Qamḩ,30.51552,31.34629,99284,EG
Bang Rak,13.73058,100.52388,99273,TH
Burao,9.52213,45.53363,99270,SO
Bam,29.106,58.357,99268,IR
Manavgat,36.78672,31.44086,99254,TR
Guercif,34.22568,-3.35361,99238,MA
Sungai Penuh,-2.0561,101.3913,99233,ID
Khambhāt,22.31744,72.61916,99164,IN
Tourcoing,50.72391,3.16117,99160,FR
Saku,36.21667,138.48333,99131,JP
Śródmieście,51.11316,17.08145,99088,PL
Bhola,22.68759,90.64403,99079,BD
Talara,-4.57722,-81.27194,99074,PE
Riberalta,-11.01026,-66.05257,99070,BO
Linghe,36.36417,119.07694,99069,CN
Siverskodonetsk,48.94628,38.48624,99067,UA
Morón,-34.65118,-58.62205,99066,AR
Zárate,-34.09584,-59.02423,99061,AR
Portsmouth Heights,36.82098,-76.36883,99049,US
Kohima,25.67467,94.11099,99039,IN
Richmond Hill,40.69983,-73.83125,98984,US
Choma,-16.80889,26.9875,98974,ZM
Xingcheng,40.61667,120.71667,98968,CN
Bagé,-31.33139,-54.10694,98940,BR
Paoy Paet,13.65805,102.56365,98934,KH
Pandharpur,17.67924,75.33098,98923,IN
Kapurthala Town,31.38011,75.38105,98916,IN
Itoshima,33.54225,130.18421,98877,JP
Sarapul,56.47633,53.79782,98830,RU
Saint-Laurent,45.50008,-73.66585,98828,CA
Zwickau,50.72724,12.48839,98796,DE
Circoiscrizione IV,45.08125,7.63188,98787,IT
Kontagora,10.40319,5.4708,98754,NG
Kaiserslautern,49.443,7.77161,98732,DE
Alief,29.71106,-95.59633,98725,US
Thimphu,27.46609,89.64191,98676,BT
Bocaue,14.79833,120.92611,98649,PH
Votkinsk,57.04867,53.9872,98633,RU
Caldas Novas,-17.74431,-48.62789,98622,BR
Spring Hill,28.47688,-82.52546,98621,US
São Sebastião,-15.90287,-47.77613,98612,BR
Słupsk,54.46405,17.02872,98608,PL
Tatuapé,-23.53729,-46.5666,98601,BR
Renqiu,38.70941,116.10086,98569,CN
Suifenhe,44.39982,131.14775,98561,CN
Mahuva,21.09007,71.76904,98519,IN
Cárdenas,23.03661,-81.20596,98515,CU
Bridgetown,13.10732,-59.62021,98511,BB
Barra do Piraí,-22.47,-43.82556,98501,BR
Compton,33.89585,-118.22007,98462,US
Serov,59.59737,60.58608,98438,RU
Habboûch,33.40729,35.48169,98433,LB
Phong Điền,9.99753,105.6673,98424,VN
Xinshi,31.04704,113.14098,98422,CN
Vĩnh Thạnh,10.22263,105.39841,98399,VN
Landstraße,48.2019,16.38792,98389,AT
Budapest IV. kerület,47.56182,19.08909,98374,HU
League City,29.50745,-95.09493,98312,US
Flint,43.01253,-83.68746,98310,US
Silvassa,20.27386,72.99673,98265,IN
Xinyi,22.37303,110.94746,98259,CN
Al Qaţīf,26.56542,50.0089,98259,SA
Kōnan,35.33165,136.87042,98255,JP
Santa Cruz do Capibaribe,-7.9575,-36.20472,98254,BR
Balāngīr,20.70419,83.49029,98238,IN
Lagos de Moreno,21.35875,-101.93311,98206,MX
Chengzihe,45.33611,131.00489,98188,CN
Thayetmyo,19.32076,95.18272,98185,MM
Penzing,48.2,16.26667,98176,AT
Xishan,27.66667,113.5,98162,CN
Leme,-22.18556,-47.39028,98161,BR
Allen,33.10317,-96.67055,98143,US
Barika,35.38901,5.36584,98141,DZ
Balashov,51.55103,43.17069,98107,RU
Aïn Oussera,35.45139,2.90583,98107,DZ
Arsi Negele,7.3547,38.67465,98100,ET
Dukuhturi,-6.9,109.08333,98074,ID
Iguatu,-6.35944,-39.29861,98064,BR
Fasā,28.9383,53.6482,98061,IR
Mughal Sarāi,25.28307,83.11968,98043,IN
Saint-Jean-sur-Richelieu,45.30713,-73.26259,98036,CA
Nawāda,24.8867,85.54364,98029,IN
Lugo,43.00992,-7.55602,98025,ES
Bhilai Charoda,21.22305,81.45609,98008,IN
Dar‘ā,32.61889,36.10213,97969,SY
Shāmli,29.4497,77.30959,97966,IN
Chitose,42.81944,141.65222,97950,JP
Yeyuan,36.41667,118.5,97936,CN
Trelew,-43.24895,-65.30505,97915,AR
Iserlohn,51.37547,7.70281,97910,DE
Kamyanets-Podilskyi,48.67882,26.58516,97908,UA
Zheleznogorsk,52.34198,35.35917,97900,RU
Kâhta,37.78552,38.6237,97875,TR
Dorchester,42.29732,-71.0745,97826,US
Soligorsk,52.78981,27.53583,97818,BY
Erdenet,49.03333,104.08333,97814,MN
Hyesan-dong,41.3953,128.18727,97794,KP
Temixco,18.85254,-99.22537,97788,MX
Namalombwe,-15.39053,28.18986,97758,ZM
Asan,36.78361,127.00417,97749,KR
Catarman,12.4989,124.6377,97738,PH
Jharsuguda,21.85531,84.00698,97730,IN
Gò Công,10.36667,106.66667,97709,VN
Guanhu,34.42528,117.99528,97705,CN
Itaúna,-20.07528,-44.57639,97669,BR
Tha Raeng,13.86849,100.64534,97658,TH
Sādatpur Gujran,28.72834,77.24817,97641,IN
Meidling,48.16667,16.33333,97624,AT
Oulad Teïma,30.39467,-9.20897,97608,MA
Jiudian,36.9918,120.20412,97604,CN
Gambēla,8.25,34.58333,97600,ET
Hammamet,36.4,10.61667,97579,TN
Chalisgaon,20.45781,75.01596,97551,IN
Rochdale,53.61766,-2.1552,97550,GB
Aguachica,8.30844,-73.6166,97525,CO
Jérémie,18.65,-74.11667,97503,HT
Xinxing,34.77597,105.32216,97483,CN
Herzliya,32.16627,34.82536,97470,IL
Parand,35.47195,50.97547,97464,IR
Rio Largo,-9.47833,-35.85333,97435,BR
Pyinmana,19.7381,96.20742,97409,MM
Villupuram,11.93975,79.49244,97380,IN
Amalner,21.03983,75.05887,97369,IN
Kuje,8.87952,7.22756,97367,NG
Swabi,34.12018,72.46982,97363,PK
Luján,-34.5664,-59.11478,97363,AR
Hadera,32.44192,34.9039,97335,IL
Deventer,52.255,6.16389,97331,NL
Villa Alemana,-33.04823,-71.3729,97320,CL
Brikama,13.27136,-16.64944,97233,GM
Tellicherry,11.74811,75.4929,97201,IN
Zhukovsky,55.59528,38.12028,97200,RU
Naxçıvan,39.20889,45.41222,97200,AZ
Kameoka,35,135.58333,97181,JP
Mission Viejo,33.60002,-117.672,97156,US
Pará de Minas,-19.86028,-44.60833,97139,BR
Cesena,44.1391,12.24315,97137,IT
Manjeri,11.12018,76.11996,97102,IN
Munakata,33.7957,130.55895,97095,JP
Messaad,34.15429,3.50309,97091,DZ
Escalante,10.84028,123.49917,97050,PH
Molenbeek-Saint-Jean,50.8499,4.31248,97037,BE
Fangshan,39.68699,115.99658,97026,CN
Chimaltenango,14.65881,-90.8216,96985,GT
Magway,20.14956,94.93246,96954,MM
Tumbes,-3.55592,-80.44258,96946,PE
Quvasoy,40.29721,71.98026,96900,UZ
Beshariq,40.43583,70.61028,96900,UZ
Bekobod,40.22083,69.26972,96900,UZ
Jinniu,25.80062,100.57435,96883,CN
Vicente Pires,-15.81009,-48.03077,96871,BR
Caotun,23.97699,120.68766,96838,TW
Ariquemes,-9.91333,-63.04083,96833,BR
Vacaville,38.35658,-121.98774,96803,US
Grand-Bassam,5.2118,-3.73884,96797,CI
Binga,2.37351,20.49769,96790,CD
Yasuj,30.66824,51.58796,96786,IR
Villa Mercedes,-33.67571,-65.45783,96781,AR
Ben Guerir,32.24088,-7.95397,96777,MA
Wabu,37.58972,127.22028,96775,KR
Ventura,34.27834,-119.29317,96769,US
Nowshera Cantonment,33.99829,71.99834,96766,PK
Houzhen,36.99136,118.96582,96737,CN
Sumber,-6.76028,108.48306,96725,ID
Highlands Ranch,39.55388,-104.96943,96713,US
Francisco Beltrão,-26.08111,-53.055,96666,BR
Lawton,34.60869,-98.39033,96655,US
Schwerin,53.62937,11.41316,96641,DE
Azimpur,23.7298,90.3854,96641,BD
Beaverton,45.48706,-122.80371,96577,US
Jaworzno,50.20528,19.27498,96541,PL
Corumbá,-19.00917,-57.65333,96520,BR
Zhudong,24.73167,121.09083,96518,TW
Gongguan,21.8,109.6,96492,CN
Pouytenga,12.25162,-0.42565,96469,BF
Estelí,13.09291,-86.35589,96422,NI
Nghĩa Đô,21.05,105.8,96418,VN
Monkayo,7.81528,126.05444,96405,PH
South Gate,33.95474,-118.21202,96401,US
Jounieh,33.98083,35.61778,96315,LB
Caloundra,-26.80346,153.12195,96305,AU
Ceyhan,37.02472,35.8175,96303,TR
Birgaon,21.30758,81.62793,96294,IN
Shibata,37.95,139.33333,96236,JP
Stellenbosch,-33.93462,18.86676,96228,ZA
Bārmer,25.74572,71.39211,96225,IN
Maribor,46.55583,15.64593,96209,SI
Caçapava,-23.10083,-45.70694,96202,BR
Portsmouth,36.83543,-76.29827,96201,US
Muroran,42.31722,140.98806,96197,JP
Gütersloh,51.90693,8.37853,96180,DE
Kāshmar,35.23831,58.46558,96151,IR
Limpio,-25.16611,-57.48562,96143,PY
Saint-Denis,48.93564,2.35387,96128,FR
Khōst,33.33951,69.92041,96123,AF
Avaré,-23.09861,-48.92583,96098,BR
Sparks,39.53491,-119.75269,96094,US
Erechim,-27.63461,-52.2754,96087,BR
Cáceres,39.47649,-6.37224,96068,ES
Nanxi,28.84209,104.97958,96061,CN
General Trias,14.38694,120.88167,96022,PH
Pūth Kalān,28.7116,77.07887,96002,IN
Ramenskoye,55.56341,38.24152,96000,RU
Japekrom,7.5758,-2.78516,96000,GH
Ouislane,33.91406,-5.48969,95995,MA
Hemel Hempstead,51.75368,-0.44975,95961,GB
Queenstown Estate,1.29417,103.8025,95930,SG
Kuniyamuttūr,10.96376,76.95254,95924,IN
Bang Na,13.66744,100.64206,95912,TH
Sardārshahr,28.44062,74.491,95911,IN
Sānand,22.99227,72.38177,95890,IN
Sāhibganj,25.24425,87.63481,95890,IN
Ash-Shaykh Zāyid,30.02,31,95854,EG
Tema New Town,5.65396,0.0264,95837,GH
Vilhena,-12.74056,-60.14583,95832,BR
Lubu,23.17233,112.28298,95820,CN
Jastrzębie Zdrój,49.95542,18.57479,95813,PL
Río Gallegos,-51.6253,-69.25229,95796,AR
Shimada,34.81667,138.18333,95719,JP
Novopolotsk,55.52618,28.59308,95717,BY
Jinsha,32.08982,121.07355,95647,CN
Ciudad Río Bravo,25.98507,-98.08964,95647,MX
Psie Pole,51.14595,17.03519,95615,PL
São Cristóvão,-11.01472,-37.20639,95612,BR
Ŭnch’ŏn-ŭp,38.56556,125.42722,95597,KP
Paramagudi,9.54633,78.5907,95579,IN
Zerakpur,30.65622,76.82093,95553,IN
Shkodër,42.06828,19.51258,95553,AL
Las Rozas de Madrid,40.49292,-3.87371,95550,ES
Yuma,32.72532,-114.6244,95548,US
Ducheng,23.24212,111.5284,95525,CN
Kamisu,35.89685,140.66666,95454,JP
Burdur,37.72028,30.29083,95436,TR
Shenjiamen,29.95763,122.29802,95433,CN
Ōmura,32.92139,129.95389,95397,JP
San Carlos de Bariloche,-41.14557,-71.30822,95394,AR
Inhambane,-23.865,35.38333,95388,MZ
La Habana Vieja,23.13028,-82.35306,95383,CU
Tiruchengode,11.38016,77.89444,95335,IN
Amozoc de Mota,19.04611,-98.045,95322,MX
Brockton,42.08343,-71.01838,95314,US
Owendo,0.29123,9.50465,95313,GA
Mons,50.45413,3.95229,95299,BE
Hương Thủy,16.42184,107.63999,95299,VN
Yotsukaidō,35.65,140.16667,95266,JP
Boli,45.7529,130.58452,95260,CN
Gafsa,34.425,8.78417,95242,TN
Xiaoshan,30.16746,120.25883,95234,CN
Saint-Michel de l'Atalaye,19.37084,-72.33472,95216,HT
Xingguo,34.85861,105.66861,95211,CN
Pagoh,2.1495,102.7704,95202,MY
Saquarema,-22.89889,-42.46985,95201,BR
San Fernando,36.4759,-6.19817,95174,ES
Federal Way,47.32232,-122.31262,95171,US
Dearborn,42.32226,-83.17631,95171,US
Closepet,12.72181,77.28149,95167,IN
Emmiganūr,15.77203,77.48345,95149,IN
Labuan,5.28028,115.2475,95120,MY
Lindi,-9.99709,39.71649,95096,TZ
Lee's Summit,38.91084,-94.38217,95094,US
Daanbantayan,11.24681,124.01462,95080,PH
Vaniyambadi,12.68162,78.62014,95061,IN
Delft,52.00667,4.35556,95060,NL
Kovilpatti,9.17167,77.86989,95057,IN
Asheville,35.60095,-82.55402,95056,US
Zaxo,37.14871,42.68591,95052,IQ
Ushirombo,-3.49194,31.96389,95052,TZ
Aqaba,29.52667,35.00778,95048,JO
Catumbela,-12.43002,13.54677,95034,AO
Frederiksberg,55.67938,12.53463,95029,DK
Kutloanong,-27.83333,26.75,95008,ZA
Biu,10.61285,12.19458,95005,NG
Olupona,7.60039,4.19264,95002,NG
Vostochnoe Degunino,55.8801,37.55758,95000,RU
Romford,51.57515,0.18582,95000,GB
Ozerki,60.03947,30.31128,95000,RU
Novogireyevo,55.75378,37.81885,95000,RU
La Gazelle,36.89479,10.18604,94961,TN
Cereté,8.88479,-75.79052,94935,CO
Roquetas de Mar,36.76419,-2.61475,94925,ES
Spokane Valley,47.67323,-117.23937,94919,US
Kanuma,36.55,139.73333,94903,JP
As Salamīyah,35.01127,37.05324,94887,SY
Parli Vaijnāth,18.85057,76.53163,94863,IN
Bình Minh,10.06821,105.82221,94862,VN
Alkmaar,52.63167,4.74861,94853,NL
Tiko,4.075,9.36005,94836,CM
Wuchang,44.92754,127.16039,94786,CN
Djougou,9.70853,1.66598,94773,BJ
Aracruz,-19.82028,-40.27333,94765,BR
Leskovac,42.99806,21.94611,94758,RS
Behshahr,36.69235,53.55262,94702,IR
Hanamaki,39.38333,141.11667,94691,JP
Tiflet,33.89469,-6.30649,94684,MA
Fordham,40.85927,-73.89847,94678,US
Bibā,28.92406,30.98544,94677,EG
Sanjō,37.61667,138.95,94642,JP
Nemby,-25.3949,-57.53574,94641,PY
Dogonbadan,30.3586,50.7981,94638,IR
Livonia,42.36837,-83.35271,94635,US
Al Qurayn,30.61618,31.73514,94632,EG
Mainpuri,27.22857,79.02882,94619,IN
Jaçanã,-23.46013,-46.5749,94609,BR
Khāmgaon,20.70738,76.56827,94604,IN
Anusawari,13.89466,100.61425,94550,TH
Kāzerūn,29.61919,51.6535,94511,IR
Roswell,34.02316,-84.36159,94501,US
Aksum,14.12109,38.72337,94500,ET
Makrāna,27.04361,74.72445,94487,IN
Yonezawa,37.91,140.11667,94486,JP
Orem,40.2969,-111.69465,94457,US
Allinagaram,10.02737,77.47815,94453,IN
Dunhou,27.05,114.9,94445,CN
Bayan Hot,38.83861,105.66861,94445,CN
Tsentralno-Miskyi,48.06167,37.97157,94417,UA
Ahar,38.4774,47.0699,94348,IR
Ximeicun,24.98773,118.3858,94326,CN
Yuzivskyi,48,37.80006,94228,UA
Daxi,24.88373,121.29043,94222,TW
Azumino,36.28815,137.88705,94222,JP
Novyy Urengoy,66.08333,76.63333,94212,RU
Limerick,52.66472,-8.62306,94192,IE
Boryeong,36.34931,126.59772,94191,KR
Yilan,24.757,121.753,94188,TW
Awsīm,30.12303,31.13571,94174,EG
Gjakovë,42.38028,20.43083,94158,XK
Yishui,35.78472,118.62806,94115,CN
Ruwa,-17.88972,31.24472,94083,ZW
Sông Cầu,13.4556,109.22348,94066,VN
Pendang,5.99516,100.47885,94033,MY
Chomedey,45.53333,-73.75,94030,CA
Paracatu,-17.22222,-46.87472,94023,BR
Fall River,41.70149,-71.15505,94000,US
Cacém,38.76698,-9.29793,93982,PT
Gudiyatham,12.94601,78.87377,93973,IN
Zhongduo,28.8466,108.76416,93928,CN
Hayes,51.51579,-0.4234,93928,GB
Ashiya,34.72807,135.30264,93922,JP
Lawrence,38.97167,-95.23525,93917,US
Dhār,22.59373,75.29774,93917,IN
Jalalpur Jattan,32.64118,74.20561,93883,PK
Gesundbrunnen,52.55035,13.39139,93862,DE
Novoural’sk,57.25483,60.09052,93849,RU
The Woodlands,30.15799,-95.48938,93847,US
Zheleznogorsk,56.25109,93.53142,93834,RU
Bandar Kinrara,3.04926,101.64153,93822,MY
Fangcheng Chengguanzhen,33.25322,113.0012,93808,CN
West Albany,42.68313,-73.77845,93794,US
Norrköping,58.59419,16.1826,93765,SE
Bohicon,7.17826,2.0667,93744,BJ
Daotian,36.83389,118.89778,93728,CN
Yakima,46.60207,-120.5059,93701,US
Kharkivskyi Masyv,50.40848,30.66006,93700,UA
Baijiantan,45.69298,85.13942,93697,CN
Yunnanyi,25.4245,100.689,93671,CN
Shuangliao,43.51067,123.50069,93666,CN
Lajeado,-29.46694,-51.96139,93646,BR
García,25.81201,-100.59874,93641,MX
Quincy,42.25288,-71.00227,93618,US
Aflou,34.11279,2.10228,93585,DZ
Yala,6.53995,101.28128,93558,TH
Dipolog,8.56697,123.33471,93549,PH
Baraut,29.10199,77.26334,93544,IN
Zhaoyuan,45.51971,125.07633,93505,CN
Michurinsk,52.90761,40.4823,93499,RU
Kuala Nerus,5.37293,103.02053,93485,MY
Kribi,2.93725,9.90765,93482,CM
Guadalajara,40.62862,-3.16185,93470,ES
Düren,50.80434,6.49299,93440,DE
České Budějovice,48.97447,14.47434,93426,CZ
Fuwwah,31.20365,30.54908,93392,EG
Yashio,35.82255,139.83905,93363,JP
Flatbush,40.65205,-73.95903,93361,US
Lysychansk,48.90421,38.44094,93340,UA
Monastir,35.77799,10.82617,93306,TN
Harlow,51.77655,0.11158,93300,GB
Dalai,45.5,124.3,93297,CN
Hesperia,34.42639,-117.30088,93295,US
Lere,10.38584,8.57286,93290,NG
La Spezia,44.103,9.82375,93288,IT
Carson,33.83141,-118.28202,93281,US
Barletta,41.31429,16.28165,93279,IT
Modi‘in Makkabbim Re‘ut,31.89385,35.01504,93277,IL
Polatlı,39.57715,32.14132,93262,TR
Tangwu,36.44667,118.85972,93260,CN
Boca Raton,26.35869,-80.0831,93235,US
Jiayue,36.02361,119.17611,93228,CN
Budapest XVIII. kerület,47.44417,19.17595,93225,HU
Santa Monica,34.01949,-118.49138,93220,US
Rubio,7.70156,-72.35551,93197,VE
Praga Północ,52.25443,21.03472,93192,PL
Kalyani,22.9757,88.4337,93184,IN
Changping,40.21612,116.23471,93174,CN
Râmnicu Vâlcea,45.1,24.36667,93151,RO
Inagi,35.63295,139.49967,93151,JP
Ōbu,35.01756,136.94947,93123,JP
Galle,6.0461,80.2103,93118,LK
Stilfontein,-26.84493,26.76829,93110,ZA
Doddaballapura,13.29452,77.53777,93105,IN
Heerlen,50.88365,5.98154,93084,NL
Ozamiz City,8.1481,123.8405,93082,PH
Lorca,37.67119,-1.7017,93079,ES
Itajubá,-22.42556,-45.45278,93073,BR
Qonce,-32.88076,27.39377,93072,ZA
Jinja,0.43902,33.20317,93061,UG
Nouméa,-22.27407,166.44884,93060,NC
Kitakami,39.28333,141.11667,93045,JP
Heho,20.72315,96.82278,93041,MM
Kalaw,20.63459,96.56454,93032,MM
Wonosobo,-7.35889,109.90306,92990,ID
La Marsa,36.87818,10.32466,92987,TN
Kineshma,57.43665,42.12766,92983,RU
Negage,-7.75938,15.2722,92950,AO
Bafra,41.56787,35.90311,92944,TR
Chīrāla,15.82385,80.35219,92942,IN
Wukari,7.87139,9.77786,92933,NG
Krasnogorsk,55.81904,37.32984,92932,RU
San Marcos,33.14337,-117.16614,92931,US
Guaíba,-30.11389,-51.325,92924,BR
Pushkin,59.71417,30.39642,92889,RU
Hastings,50.85568,0.58009,92855,GB
Moa,20.65776,-74.95075,92852,CU
Lianzhou,24.78186,112.3712,92827,CN
Sunyani,7.33991,-2.32676,92825,GH
Malacatán,14.91132,-92.05788,92816,GT
Boyle Heights,34.0339,-118.20535,92785,US
Magadan,59.56274,150.80211,92782,RU
Banco Filipino Homes,14.43379,121.02231,92752,PH
Beni Mered,36.52389,2.86131,92749,DZ
Igbo-Ora,7.43383,3.28788,92719,NG
Cajamar,-23.35611,-46.87694,92689,BR
High Peak,53.36797,-1.84536,92666,GB
Akot,21.0963,77.0588,92637,IN
Kaizuka,34.45,135.35,92632,JP
Palimanan,-6.70694,108.42417,92600,ID
Fatehpur,27.99486,74.95628,92595,IN
Patos,-7.02444,-37.28,92575,BR
Yingqiu,36.52663,118.99285,92564,CN
Plantation,26.13421,-80.23184,92560,US
Grudziądz,53.48411,18.75366,92552,PL
São João da Boa Vista,-21.96917,-46.79806,92547,BR
Gharroli,28.6167,77.33207,92540,IN
Njombe,-9.34917,34.77167,92537,TZ
Rahlstedt,53.60194,10.15667,92511,DE
Semenyih,2.9516,101.843,92491,MY
Maizuru,35.45,135.33333,92465,JP
Selong,-8.6503,116.5318,92464,ID
Concepción,10.4119,-71.68919,92463,VE
Lynn,42.46676,-70.94949,92457,US
Villa María,-32.40751,-63.24016,92453,AR
Ratchaburi,13.53671,99.81712,92448,TH
Pamekasan,-7.1568,113.4746,92447,ID
Clementi Housing Estate,1.31583,103.76472,92420,SG
Sendai,31.81667,130.3,92403,JP
Al Hārithah,30.58481,47.76114,92395,IQ
Esslingen,48.73961,9.30473,92390,DE
Darlington,54.52429,-1.55039,92363,GB
Muğla,37.21807,28.3665,92328,TR
Bang Phlat,13.79425,100.50447,92325,TH
Pandeglang,-6.3084,106.1067,92316,ID
Miami Beach,25.79065,-80.13005,92312,US
Rajpura,30.47856,76.59284,92301,IN
Dongcun,36.77667,121.15972,92282,CN
Lucas do Rio Verde,-13.07127,-55.91479,92256,BR
Sakai,36.1473,136.19408,92210,JP
Vila Formosa,-23.56786,-46.54599,92186,BR
Arden-Arcade,38.6025,-121.37854,92186,US
Pariaman,-0.61898,100.11997,92183,ID
Kudus,-6.8048,110.8405,92156,ID
Ballarpur,19.84696,79.34578,92146,IN
Ereğli,37.51333,34.04672,92117,TR
Westminster,33.75918,-118.00673,92114,US
Alessandria,44.90924,8.61007,92104,IT
Longmont,40.16721,-105.10193,92088,US
Hohoe,7.15181,0.47362,92076,GH
Delmas,-26.1466,28.68322,92046,ZA
Nasinu,-18.07051,178.51313,92043,FJ
Duitama,5.8245,-73.03408,92040,CO
Ponta Porã,-22.53611,-55.72556,92017,BR
Muan,34.99014,126.47899,92009,KR
Danjiangkou,32.54278,111.50861,92008,CN
Paranavaí,-23.07306,-52.46528,92001,BR
Kot Kapūra,30.58061,74.82609,91979,IN
Tepatitlán de Morelos,20.81692,-102.76347,91959,MX
Bai’anba,30.76283,108.43717,91947,CN
Erciş,39.02587,43.35964,91915,TR
Bugulma,54.5378,52.7985,91900,RU
El Shorouk,30.13806,31.61556,91899,EG
Sassari,40.72586,8.55552,91895,IT
Kilosa,-6.83333,36.98333,91889,TZ
Cruzeiro do Sul,-7.62759,-72.67756,91888,BR
Gravatá,-8.20111,-35.56472,91887,BR
Manhuaçu,-20.25806,-42.03361,91886,BR
Caringin,-6.70611,106.82139,91845,ID
Bhandāra,21.16817,79.64885,91845,IN
Santa Barbara,34.42083,-119.69819,91842,US
Pato Branco,-26.22861,-52.67056,91836,BR
Ubatuba,-23.43389,-45.07111,91824,BR
Nisshin,35.13676,137.05238,91795,JP
Higashi-Matsuyama,36.03333,139.41667,91791,JP
Cuamba,-14.80306,36.53722,91780,MZ
Stevenage,51.90224,-0.20256,91774,GB
Pickering,43.90012,-79.13289,91771,CA
Cidade Ocidental,-16.10971,-47.93261,91767,BR
Zhongshu,24.51667,103.76667,91750,CN
Türkmenbaşy,40.02216,52.95517,91745,TM
Southport,53.64581,-3.01008,91703,GB
Huazhou,21.63333,110.58333,91701,CN
Marīvān,35.51829,46.18298,91664,IR
Phú Thọ,21.39963,105.22221,91650,VN
Cáceres,-16.07056,-57.67889,91626,BR
Ratingen,51.29724,6.84929,91606,DE
Porto Amboim,-10.73251,13.76844,91605,AO
Redding,40.58654,-122.39168,91582,US
Xingren,25.43333,105.23333,91579,CN
Cárdenas,18.00135,-93.37559,91558,MX
Grahamstown,-33.30422,26.53276,91548,ZA
Banga,6.42381,124.77603,91536,PH
Longquan,24.67193,102.1613,91534,CN
Kalamariá,40.5825,22.95028,91518,GR
Yatou,37.1566,122.43762,91517,CN
Tanfang,36.69977,118.67087,91460,CN
Kars,40.59825,43.08548,91450,TR
Lingyuan,41.24,119.40111,91418,CN
Surallah,6.37527,124.74521,91412,PH
Lodja,-3.52105,23.6005,91409,CD
Tartu,58.38062,26.72509,91407,EE
Sablayan,12.8346,120.769,91406,PH
Molārband,28.50295,77.31442,91402,IN
Pergamino,-33.89101,-60.57462,91399,AR
Marl,51.65671,7.09038,91398,DE
Bagaha,24.52898,85.06019,91383,IN
Macon,32.84069,-83.6324,91351,US
Bạch Mai,20.98333,105.83333,91308,VN
Tucuruí,-3.76585,-49.67923,91306,BR
Palmerston North,-40.35636,175.61113,91300,NZ
Jirapa,10.53689,-2.70155,91279,GH
Sibolga,1.74016,98.78117,91265,ID
Rayachoti,14.05723,78.75056,91234,IN
Arujá,-23.39611,-46.32083,91157,BR
Al Minshāh,26.4775,31.80394,91149,EG
Daisen,39.44116,140.48961,91143,JP
Nakonde,-9.34213,32.745,91107,ZM
Bethlehem,-28.23078,28.30707,91075,ZA
Alīgūdarz,33.404,49.69179,91041,IR
Niğde,37.96583,34.67935,91039,TR
Newmarket,44.05011,-79.46631,91034,CA
Lünen,51.61634,7.52872,91009,DE
Yaroslavskiy,55.88333,37.71667,91000,RU
Lefortovo,55.76667,37.7,91000,RU
Launceston,-41.43876,147.13467,90953,AU
Ga-Rankuwa,-25.61692,27.99471,90945,ZA
Gaoyou,32.78933,119.44182,90911,CN
Lüleburgaz,41.40173,27.35746,90899,TR
Myitkyina,25.38327,97.39637,90894,MM
Lqoliaa,30.29759,-9.46597,90890,MA
Yulinshi,38.29181,109.73753,90870,CN
Chauk,20.89921,94.81784,90870,MM
Al Badrashayn,29.85,31.26667,90833,EG
Chinhoyi,-17.36667,30.2,90800,ZW
Namyangju,37.63667,127.21417,90798,KR
‘Amrān,15.6594,43.94385,90792,YE
Subulussalam,2.662,97.8827,90751,ID
Imizu,36.76835,137.12572,90742,JP
Meridian,43.61211,-116.39151,90739,US
San Leandro,37.72493,-122.15608,90712,US
Kishorganj,24.43944,90.78291,90690,BD
Mtwapa,-3.93938,39.74877,90677,KE
Emure-Ekiti,7.43636,5.45925,90645,NG
Hanting,36.77083,119.21083,90637,CN
Kattaqo’rg’on Shahri,39.90546,66.26556,90600,UZ
Bohodukhivskyi,47.96688,37.86255,90600,UA
Greenville,35.61266,-77.36635,90597,US
Hradec Králové,50.20923,15.83277,90596,CZ
Tongren,27.71722,109.18528,90593,CN
Körfez,40.76704,29.78275,90580,TR
Mihara,34.4,133.08333,90573,JP
Çankırı,40.59995,33.6153,90564,TR
Eslāmābād-e Gharb,34.1089,46.52988,90559,IR
Chester,53.1905,-2.89189,90524,GB
Retalhuleu,14.53575,-91.67848,90505,GT
Nanaimo,49.16638,-123.94003,90504,CA
Ziway,7.93333,38.71667,90500,ET
Kuznetsk,53.11675,46.60037,90480,RU
Montelíbano,7.97917,-75.4202,90450,CO
Xihe,31.68635,113.46585,90422,CN
Guliston,40.49536,68.77542,90398,UZ
San Juan Bautista,11.01243,-63.94412,90387,VE
Ústí nad Labem,50.6607,14.03227,90378,CZ
Cubal,-13.03865,14.2455,90367,AO
Kadayanallur,9.07277,77.34152,90364,IN
Phra Khanong,13.70185,100.60157,90354,TH
Valparai,10.32691,76.95116,90353,IN
Mandurah,-32.5269,115.7217,90306,AU
New Plymouth,-39.06667,174.08333,90300,NZ
Masvingo,-20.06373,30.82766,90286,ZW
Abū Qurqāş,27.93043,30.83826,90266,EG
Duobao,30.67,112.68952,90257,CN
Kirovo-Chepetsk,58.55091,50.031,90252,RU
Berdsk,54.75352,83.09624,90250,RU
Bougouni,11.41769,-7.48323,90234,ML
Bela Bela,-24.88333,28.28333,90210,ZA
Pleven,43.41791,24.61666,90209,BG
Reconquista,-29.15,-59.65,90184,AR
Huddinge,59.23705,17.98192,90182,SE
Pollachi,10.65825,77.0085,90180,IN
Sishui,35.64889,117.27583,90175,CN
Prosperidad,8.58,125.89639,90162,PH
El Khroub,36.26333,6.69361,90122,DZ
Alabel,6.10179,125.29048,90120,PH
Wajir,1.7471,40.05732,90116,KE
Araripina,-7.57611,-40.49833,90104,BR
Marudi,4.18333,114.31667,90100,MY
Kāvali,14.9163,79.99449,90099,IN
Edmond,35.65283,-97.4781,90092,US
Wembley,51.55242,-0.29686,90045,GB
Airdrie,51.30011,-114.03528,90044,CA
Botoşani,47.75,26.66667,90010,RO
Tual,-5.62878,132.75229,90007,ID
Tatarka,50.46941,30.48649,90000,UA
Roha,18.43687,73.11964,90000,IN
Quissecula,-11.39223,15.09201,90000,AO
Lukyanivka,50.46642,30.47591,90000,UA
Kanata,45.3001,-75.91606,90000,CA
Gantang,27.4375,111.97306,90000,CN
Dubai Silicon Oasis,25.11985,55.38718,90000,AE
Chinatown,40.71649,-73.99625,90000,US
Cela,-11.42173,15.12345,90000,AO
Cafunfo,-8.7672,17.99572,90000,AO
Alvand,36.1893,50.0643,90000,IR
Luomen,34.75417,105.02472,89998,CN
Fort-de-France,14.60365,-61.07418,89995,MQ
Ancona,43.60717,13.5103,89994,IT
Isieke,6.38186,8.03736,89990,NG
Huaidian,33.43333,115.03333,89978,CN
Mancherial,18.87074,79.42863,89935,IN
Kwail-ŭp,38.44611,125.01861,89895,KP
Ponte Rasa,-23.51567,-46.49373,89881,BR
Mogok,22.91766,96.50982,89855,MM
Nampa,43.54072,-116.56346,89839,US
Patrocínio,-18.94389,-46.9925,89826,BR
Saphan Sung,13.77019,100.68531,89825,TH
Point Pedro,9.81667,80.23333,89810,LK
Butajīra,8.11667,38.36667,89800,ET
Avignon,43.94834,4.80892,89769,FR
Gatchina,59.57639,30.12833,89761,RU
Baisha,21.71667,109.68333,89759,CN
Grays,51.47566,0.32521,89755,GB
Itapeva,-23.98222,-48.87556,89728,BR
Olavarría,-36.89384,-60.32319,89721,AR
Masasi,-10.71667,38.8,89700,TZ
Lillestrøm,59.95597,11.04918,89684,NO
Calauan,14.14989,121.3152,89670,PH
Avaniyāpuram,9.88179,78.11255,89635,IN
Nyaunglebin,17.95363,96.72247,89626,MM
Trenton,40.21705,-74.74294,89620,US
Kōka,34.9802,136.15752,89619,JP
Sangyoung,16.80607,96.13355,89618,MM
Maitland,-32.73308,151.5574,89597,AU
Sandy Hills,40.58106,-111.85077,89575,US
Gurupi,-11.72917,-49.06861,89574,BR
Aricanduva,-23.57381,-46.51561,89574,BR
Murādnagar,28.78069,77.49865,89482,IN
Tuggeranong Administrative District,-35.41647,149.06954,89461,AU
Ankleshwar,21.63236,72.99001,89457,IN
Circoiscrizione VII,45.07824,7.69718,89448,IT
Fujin,47.24723,132.02957,89442,CN
Kadiri,14.11168,78.15982,89429,IN
Granada,11.93062,-85.95368,89409,NI
Níkaia,37.96667,23.65,89380,GR
Tân Bình,10.8025,106.66,89373,VN
Katwa,0.08928,29.30858,89352,CD
Mulongo,-7.83486,26.99852,89340,CD
Marseille 13,43.31856,5.40836,89316,FR
Huaicheng,23.91952,112.17629,89294,CN
Shahdol,23.29356,81.3619,89289,IN
Shrirampur,19.62201,74.65699,89282,IN
Kwangyang,34.97528,127.58917,89281,KR
Ŭndŏk,42.51878,130.33479,89244,KP
Miragoâne,18.44599,-73.08957,89202,HT
Hastings,-39.6381,176.84918,89200,NZ
Polangui,13.2923,123.4855,89176,PH
Hongseong,36.6009,126.665,89174,KR
Mahobā,25.2905,79.87533,89170,IN
Micheng,25.34294,100.48725,89144,CN
Kalibo (poblacion),11.70611,122.36444,89127,PH
Mudon,16.25624,97.7246,89123,MM
Lucheng,31.23357,117.28057,89119,CN
Hede,33.7722,120.26176,89107,CN
Kūhdasht,33.53335,47.60999,89091,IR
Chengxiang,31.39798,109.57063,89080,CN
Maladziečna,54.3167,26.854,89068,BY
Biyalā,31.17419,31.2218,89068,EG
Harrogate,53.99078,-1.5373,89060,GB
Banjar,-8.19,114.9675,89040,ID
Bibir Hat,22.68347,91.79058,89030,BD
Sambava,-14.26667,50.16667,89003,MG
Biryulëvo Zapadnoye,55.58766,37.64282,89000,RU
Nusaybin,37.07028,41.21465,88977,TR
Cicurug,-6.78139,106.7825,88965,ID
Nandajie,29.33773,105.89237,88948,CN
Lengshuitan,26.4111,111.59559,88935,CN
Kartasura,-7.55194,110.73778,88927,ID
Calabanga,13.7068,123.2087,88918,PH
Shwebo,22.56925,95.69818,88914,MM
Iga,34.75797,136.13468,88895,JP
Sao Domingos,-23.49337,-46.74761,88884,BR
Talavera de la Reina,39.96348,-4.83076,88856,ES
Hartlepool,54.68554,-1.21028,88855,GB
Ereğli,41.28261,31.41806,88848,TR
Fusagasugá,4.33646,-74.36378,88820,CO
Mangaldan,16.07,120.4025,88818,PH
Newton,42.33704,-71.20922,88817,US
Nuneaton,52.52323,-1.46523,88813,GB
Toms River,39.95373,-74.19792,88791,US
Rāmgarh,23.6303,85.52156,88781,IN
Habiganj,24.38044,91.41299,88760,BD
Wangqing,43.31077,129.76334,88732,CN
Budapest II. kerület,47.51984,19.02218,88729,HU
Rafaela,-31.25285,-61.49078,88713,AR
Carmel,39.97837,-86.11804,88713,US
Xiazhuang,36.44917,119.83556,88710,CN
Contai,21.77985,87.74892,88702,IN
Khan Na Yao,13.82609,100.67933,88678,TH
Hanau am Main,50.13423,8.91418,88648,DE
Montero,-17.33874,-63.25093,88616,BO
Sangrūr,30.24506,75.84488,88615,IN
Dongxing,21.55,107.96667,88607,CN
Chosica,-11.94306,-76.70944,88606,PE
Val Dor,5.25198,100.49046,88600,MY
Campo di Marte,43.77693,11.27707,88588,IT
Chaman,30.91769,66.45259,88568,PK
Alaghsas,17.0187,8.0168,88561,NE
Centro,28.1272,-15.4314,88546,ES
Pardubice,50.04075,15.77659,88520,CZ
Linjiacun,35.99389,119.65028,88509,CN
Zhoujiaba,30.84349,108.36642,88494,CN
Norwalk,41.1176,-73.4079,88485,US
Waukegan,42.36363,-87.84479,88475,US
Deltona,28.90054,-81.26367,88474,US
Takayama,36.13333,137.25,88473,JP
Kandhkot,28.24574,69.17974,88468,PK
La Haute-Saint-Charles,46.89028,-71.37222,88460,CA
Honghe,36.40278,118.91806,88458,CN
Hawthorne,33.9164,-118.35257,88451,US
Montepuez,-13.12556,38.99972,88442,MZ
Nirmal,19.09685,78.34407,88433,IN
Fūlād Shahr,32.48664,51.39673,88426,IR
Al Bahah,20.01288,41.46767,88419,SA
Fukuroi,34.75,137.91667,88395,JP
Bhimdatta,28.96399,80.17715,88381,NP
Klangenan,-6.70944,108.44,88378,ID
El Puerto de Santa María,36.59389,-6.23298,88364,ES
Pakse,15.12022,105.79898,88332,LA
Mobara,35.42583,140.29608,88330,JP
Ben Arous,36.75452,10.22167,88322,TN
Ciénaga,11.00703,-74.24765,88311,CO
Heroica Ciudad de Juchitán de Zaragoza,16.43375,-95.02181,88280,MX
Ifo,6.81491,3.19518,88272,NG
Baixi,28.6997,104.54917,88251,CN
Fort Smith,35.38592,-94.39855,88194,US
Deoband,29.69505,77.67964,88171,IN
North Vancouver,49.31636,-123.06934,88168,CA
Suffolk,36.72836,-76.58496,88161,US
Sugar Land,29.61968,-95.63495,88156,US
Livermore,37.68187,-121.76801,88126,US
Lidu,29.73861,107.29477,88124,CN
Kozan,37.45517,35.81573,88115,TR
Neyyāttinkara,8.39854,77.08586,88104,IN
Tāndā,26.54953,82.65841,88073,IN
Bais,9.59111,123.12278,88050,PH
Hasilpur,29.69221,72.54566,88031,PK
Mogoditshane,-24.62694,25.86556,88004,BW
Nowshera Kalan,34.0191,71.97445,88003,PK
Taikkyi,17.31439,95.96293,88000,MM
Sarov,54.94802,43.31521,88000,RU
Arayat,15.1505,120.7697,87987,PH
Nashua,42.76537,-71.46757,87970,US
Yingchuan,34.16278,113.46389,87961,CN
Qorveh,35.1664,47.80564,87953,IR
Samannūd,30.9616,31.24069,87921,EG
Yingge,24.95608,121.3507,87920,TW
Wakiso,0.40444,32.45944,87900,UG
Kolar,23.16478,77.41893,87882,IN
Idiofa,-4.96589,19.59151,87882,CD
Gusong,28.3133,105.2377,87882,CN
Yozgat,39.82,34.80444,87881,TR
Al-Tabqa,35.83758,38.54828,87880,SY
Reading,40.33565,-75.92687,87879,US
Jhumri Telaiya,24.4349,85.52951,87867,IN
Redditch,52.3065,-1.94569,87847,GB
Surigao,9.789,125.495,87832,PH
Perus,-23.40472,-46.75472,87823,BR
Balkanabat,39.51075,54.36713,87822,TM
Guanambi,-14.22333,-42.78139,87817,BR
Yeysk,46.69263,38.27907,87814,RU
Tagaytay,14.09532,120.93355,87811,PH
Ŏrang,41.44778,129.65556,87757,KP
Arecibo,18.47245,-66.71573,87754,PR
Hanchuan,30.65,113.76667,87737,CN
Takasago,34.76298,134.79229,87722,JP
Aruppukkottai,9.5096,78.09588,87722,IN
Maumere,-8.6199,122.2111,87720,ID
Buzuluk,52.77825,52.25854,87714,RU
Dapitan,8.6561,123.4227,87699,PH
Concord,35.40888,-80.58158,87696,US
Farīdkot,30.67399,74.75579,87695,IN
Tiefu,34.53333,118.03333,87689,CN
Maco,7.36194,125.85528,87680,PH
Makeni,8.88605,-12.04417,87679,SL
San Antonio,-33.59473,-71.60746,87675,CL
Velbert,51.33537,7.04348,87669,DE
Kadugli,11.01111,29.71833,87666,SD
Qiongshan,20.00864,110.35384,87657,CN
Madgaon,15.27501,73.95786,87650,IN
Gitarama,-2.07444,29.75667,87613,RW
Ludwigsburg,48.89731,9.19161,87603,DE
Xiangxiang,27.73333,112.53333,87592,CN
Deqing,30.54485,119.9599,87576,CN
Indio,33.7207,-116.21677,87533,US
Rio Rancho,35.23338,-106.66447,87521,US
Enchanted Hills,35.33676,-106.59296,87521,US
Taroudant,30.47028,-8.87695,87520,MA
Shevchenkivskyi,48.56346,39.33216,87516,UA
Junín,-34.59391,-60.94644,87509,AR
Santa Fe,35.68698,-105.9378,87505,US
Sandy,40.59161,-111.8841,87461,US
Xujiang,26.83945,116.32011,87459,CN
Settsu,34.77819,135.59512,87456,JP
Wonosari,-7.96556,110.60361,87454,ID
Patnos,39.22493,42.85693,87451,TR
Whittier,33.97918,-118.03284,87438,US
Velampālaiyam,11.13764,77.31064,87427,IN
Thượng Cát,21.09342,105.73188,87406,VN
Bantayan,11.1683,123.7223,87394,PH
Midrand,-25.976,28.118,87387,ZA
Maghnia,34.84969,-1.72753,87373,DZ
Canarsie,40.64372,-73.90069,87366,US
Caratinga,-19.78972,-42.13917,87360,BR
Arifwala,30.29058,73.06574,87360,PK
Jamūī,24.92606,86.22531,87357,IN
Qaraçuxur,40.39667,49.97361,87349,AZ
Bishan New Town,1.3504,103.84875,87320,SG
Glyfáda,37.86289,23.75802,87305,GR
Igede-Ekiti,7.6685,5.12627,87282,NG
Kirkland,47.68149,-122.20874,87281,US
Ende,-8.8432,121.6623,87269,ID
Mishan,45.55,131.88333,87257,CN
Lund,55.70584,13.19321,87244,SE
Nenjiang,49.17405,125.21967,87236,CN
Sefrou,33.83186,-4.828,87234,MA
Anjār,23.11316,70.02671,87183,IN
Menifee,33.72835,-117.14642,87174,US
Cornellà de Llobregat,41.35,2.08333,87173,ES
Fulham,51.48026,-0.1993,87161,GB
Londonderry County Borough,54.99721,-7.30917,87153,GB
Paralakhemundi,18.77619,84.09504,87152,IN
Houndé,11.5,-3.51667,87151,BF
Brindisi,40.63215,17.93607,87141,IT
Newport Beach,33.61891,-117.92895,87127,US
Tracy,37.73987,-121.42618,87075,US
Ad Douiem,14.0012,32.3116,87068,SD
Citrus Heights,38.70712,-121.28106,87056,US
Norton,-17.88333,30.7,87039,ZW
Bend,44.05817,-121.31531,87014,US
Saatlı,39.93214,48.36892,87000,AZ
Lerik,38.77388,48.41497,87000,AZ
Gubkin,51.28375,37.5351,87000,RU
Vavoua,7.38194,-6.47778,86977,CI
Brigittenau,48.24275,16.37551,86967,AT
Effium,6.63105,8.05814,86945,NG
Jharia,23.74079,86.41456,86938,IN
Hacienda Santa Fe,20.51806,-103.38056,86935,MX
Kongolo,-5.38532,27.00029,86932,CD
Serra Talhada,-7.99194,-38.29833,86915,BR
Ban Mai,7.20411,100.54508,86899,TH
Sơn Trà,16.06068,108.23256,86890,VN
Cacoal,-11.43861,-61.44722,86887,BR
Menglang,22.56214,99.91029,86877,CN
Campana,-34.16327,-58.95919,86860,AR
Montréal-Nord,45.6016,-73.63063,86857,CA
Louis Trichardt,-23.04385,29.90319,86854,ZA
Kāraikāl,10.91667,79.83333,86838,IN
Canton,42.30865,-83.48216,86825,US
Caguas,18.23412,-66.0485,86804,PR
Kāmthi,21.21615,79.1973,86793,IN
Lehigh Acres,26.62535,-81.6248,86784,US
Hānsi,29.10239,75.96253,86770,IN
Greenburgh,41.03287,-73.84291,86764,US
Kasoa,5.53449,-0.41679,86753,GH
Shizilu,35.17111,118.82889,86749,CN
Batticaloa,7.7102,81.6924,86742,LK
Asnières-sur-Seine,48.91667,2.28333,86742,FR
Nanterre,48.89198,2.20675,86719,FR
Gbawe,5.57692,-0.31038,86718,GH
Tumaco,1.79112,-78.79275,86713,CO
Chaykovskiy,56.76323,54.11256,86712,RU
Rat Burana,13.68219,100.50603,86695,TH
Atlixco,18.90815,-98.43613,86690,MX
Brno střed,49.19343,16.60712,86685,CZ
Ixelles,50.83333,4.36667,86671,BE
Barra do Corda,-5.50556,-45.24333,86662,BR
Mayiladuthurai,11.10354,79.655,86660,IN
Podilskyi,48.50357,32.28035,86652,UA
Jiangshan,36.67806,120.52917,86642,CN
Paraiso,18.40116,-93.21406,86632,MX
Unaí,-16.3575,-46.90611,86619,BR
Vĩnh Tuy,21,105.88333,86618,VN
Gotemba,35.31859,138.94343,86614,JP
Abū an Numrus,29.95,31.2,86601,EG
Bojonegoro,-7.1502,111.8817,86568,ID
Zhaogezhuang,39.76538,118.41191,86555,CN
Toledo,39.8581,-4.02263,86526,ES
Al Farwānīyah,29.2775,47.95861,86525,KW
Anakapalle,17.69134,83.00395,86519,IN
Victorias,10.90154,123.0705,86510,PH
Hamakita,34.8,137.78333,86502,JP
Tulcán,0.8124,-77.71709,86498,EC
Idanre,7.1127,5.1159,86468,NG
Apartadó,7.88299,-76.62587,86438,CO
Bloomington,44.8408,-93.29828,86435,US
West Town,41.89381,-87.67493,86429,US
Anlong,25.1,105.51667,86416,CN
Tagbilaran City,9.65556,123.85219,86411,PH
Puli,23.96639,120.96952,86406,TW
Navegantes,-26.89889,-48.65417,86401,BR
Germantown,39.17316,-77.27165,86395,US
Kitanagoya,35.24702,136.87832,86385,JP
Le Sud-Ouest,45.47187,-73.58986,86347,CA
Gyōda,36.14074,139.46011,86343,JP
Clifton,40.85843,-74.16376,86334,US
Nitra,48.30763,18.08453,86329,SK
Miaoli,24.56427,120.82367,86327,TW
Qamdo,31.1304,97.17982,86280,CN
Cái Răng,10.0009,105.75095,86278,VN
Kampung Manjoi,4.6192,101.0685,86266,MY
Bangkalan,-7.0455,112.7351,86250,ID
Chigorodó,7.66638,-76.68106,86239,CO
Kasihan,-7.82694,110.32917,86234,ID
Viacha,-16.65,-68.3,86218,BO
Maduravoyal,13.0675,80.1632,86195,IN
Ibshawāy,29.35896,30.68061,86186,EG
Kashiwazaki,37.36667,138.55,86183,JP
Lyon 08,45.73626,4.86866,86154,FR
Sārni,22.10317,78.17159,86141,IN
Grimsby,53.56539,-0.07553,86138,GB
Nanfeng,23.72695,111.79723,86129,CN
Ama,35.18307,136.7997,86126,JP
Cannock,52.69045,-2.03085,86121,GB
Duluth,46.78327,-92.10658,86110,US
Moncton,46.09454,-64.7965,86106,CA
Rutoma,-0.56667,30.38333,86100,UG
Champaign,40.11642,-88.24338,86096,US
Borāzjān,29.2699,51.2188,86059,IR
Volos,39.36923,22.94769,86048,GR
Samch’ŏn,38.35944,125.32586,86042,KP
Gbarnga,6.99543,-9.47122,86031,LR
Potiskum,11.71391,11.08108,86002,NG
Tajrīsh,35.8044,51.4256,86000,IR
Lianozovo,55.89783,37.5868,86000,RU
Babushkin,55.86931,37.72966,86000,RU
Ar Rumaylah,25.40338,55.4334,86000,AE
Novi Pazar,43.13667,20.51222,85996,RS
Melilla,35.29369,-2.93833,85985,ES
Poitiers,46.58261,0.34348,85960,FR
Kepong,3.21398,101.64018,85960,MY
Dausa,26.89,76.33584,85960,IN
Keffi,8.84651,7.87354,85911,NG
Usol’ye-Sibirskoye,52.75194,103.64528,85900,RU
Panevėžys,55.73186,24.35983,85885,LT
Lichterfelde,52.4333,13.30762,85885,DE
Zhonggulou,30.82491,108.38413,85873,CN
Parādīp Garh,20.31641,86.6085,85868,IN
Heidelberg,-26.50476,28.35921,85858,ZA
Makoko,6.49611,3.38778,85840,NG
Flensburg,54.78805,9.43722,85838,DE
Longnan,33.39791,104.91703,85826,CN
Peterborough,44.30012,-78.31623,85807,CA
Agua Rasa,-23.56684,-46.57188,85788,BR
Ryūgasaki,35.9,140.18333,85761,JP
Treviso,45.66673,12.2416,85760,IT
Helong,42.53974,128.99722,85756,CN
Near North Side,41.90003,-87.6345,85711,US
Tecomán,18.91614,-103.87713,85689,MX
Valença,-13.37028,-39.07306,85655,BR
Obruchevo,55.6591,37.52291,85616,RU
Adwa,14.16347,38.89924,85600,ET
Esmeraldas,-19.7625,-44.31389,85598,BR
Redenção,-8.02861,-50.03139,85597,BR
Chino,34.01223,-117.68894,85595,US
Arauca,7.08471,-70.75908,85585,CO
El Bayadh,33.68318,1.01927,85577,DZ
Mukachevo,48.44248,22.718,85569,UA
Krasnaya Glinka,53.7383,52.9392,85566,RU
Yokote,39.31691,140.55034,85555,JP
Alhambra,34.09529,-118.12701,85551,US
Svetlanovskiy,60.00276,30.33051,85508,RU
Nanding,36.74833,118.05583,85495,CN
Birni N Konni,13.79599,5.25026,85494,NE
Moriyama,35.06667,135.98333,85485,JP
Attock City,33.76671,72.35977,85479,PK
Ogden,41.223,-111.97383,85444,US
Sóc Sơn,21.25782,105.84894,85431,VN
Lakang,24.66051,97.18923,85423,MM
Versailles,48.80359,2.13424,85416,FR
Guozhen,34.36591,107.35904,85415,CN
Voznesenskyi,47.93161,37.62971,85399,UA
Sandnes,58.85244,5.73521,85386,NO
Khalifah A City,24.42588,54.605,85374,AE
Tārūt,26.5733,50.04028,85371,SA
Los Reyes Acaquilpan,19.36357,-98.97707,85359,MX
Maun,-19.98333,23.41667,85350,BW
Santo Amaro,-23.64542,-46.70394,85349,BR
Torre del Greco,40.78931,14.36806,85332,IT
Al Marj,32.49257,20.82909,85315,LY
Lido di Ostia,41.73212,12.27654,85301,IT
Redwood City,37.48522,-122.23635,85288,US
Sekimachi,35.48333,136.91667,85283,JP
Dengzhou,37.80822,120.75908,85279,CN
Wedding,52.54734,13.35594,85275,DE
Yegor’yevsk,55.37952,39.04122,85200,RU
Shahr-e Jadīd-e Mehestan,35.98907,50.74512,85200,IR
Goiana,-7.56056,-35.0025,85160,BR
Courbevoie,48.89672,2.25666,85158,FR
Bellingham,48.75955,-122.48822,85146,US
Qufu,35.59667,116.99111,85144,CN
Essaouira,31.5125,-9.77,85137,MA
Iwamizawa,43.20028,141.75972,85107,JP
Camboriú,-27.02528,-48.65444,85105,BR
Hingoli,19.71464,77.14238,85103,IN
Gia Nghĩa,12.00423,107.69074,85082,VN
Muñoz,15.71611,120.90306,85061,PH
O'Fallon,38.81061,-90.69985,85040,US
Puerto Maldonado,-12.58946,-69.19948,85024,PE
Santa Inês,-3.66667,-45.38,85014,BR
Vwawa,-9.10806,32.93472,85000,TZ
Thakhèk,17.41027,104.83068,85000,LA
Sintang,0.06667,111.5,85000,ID
Rukban,33.31405,38.70342,85000,JO
Mohammed Bin Zayed City,24.34794,54.55368,85000,AE
Damansara Damai,3.19893,101.59184,85000,MY
Repentigny,45.74222,-73.45008,84965,CA
Gonaïves,19.44755,-72.68928,84961,HT
Sathon,13.7085,100.52619,84916,TH
Bāruni,25.47509,85.96813,84888,IN
Lorena,-22.73083,-45.12472,84855,BR
Hoover,33.40539,-86.81138,84848,US
Créteil,48.79266,2.46569,84833,FR
Jeypore,18.8563,82.5716,84830,IN
Amsterdam-Zuidoost,52.3075,4.97222,84811,NL
Como,45.80819,9.0832,84808,IT
Ílion,38.03333,23.7,84793,GR
Madaripur,23.17097,90.20935,84789,BD
Konotop,51.24032,33.20263,84787,UA
Ciudad Mante,22.74277,-98.97172,84787,MX
Ijuí,-28.38778,-53.91472,84780,BR
Komae,35.63424,139.57546,84772,JP
Laojunmiao,39.83333,97.73333,84769,CN
Cottbus,51.75769,14.32888,84754,DE
Túxpam de Rodríguez Cano,20.95777,-97.40805,84750,MX
Seropédica,-22.74389,-43.7075,84737,BR
Chiguayante,-36.9256,-73.02841,84718,CL
Epe,6.58412,3.98336,84711,NG
El Ejido,36.77629,-2.81456,84710,ES
Nakatsu,33.59811,131.1883,84701,JP
Melbourne,28.08363,-80.60811,84678,US
Gamboru,12.37299,14.2069,84672,NG
Dien Bien Phu,21.38602,103.02301,84672,VN
Tlaxcala,19.31777,-98.23846,84670,MX
Hawr al ‘Anz,25.27744,55.33675,84661,AE
Akhisar,38.91852,27.84006,84659,TR
Danbury,41.39482,-73.45401,84657,US
Sumenep,-7.01152,113.86042,84656,ID
Ushiku,35.96667,140.13333,84651,JP
Katunayaka,7.16992,79.88837,84643,LK
Yeongju,36.82167,128.63083,84625,KR
Pinheiro,-2.52139,-45.0825,84621,BR
Dacheng,19.50927,109.39275,84620,CN
Mianyang,33.15703,106.69445,84606,CN
Tanjay,9.5162,123.158,84593,PH
Bijnor,29.373,78.13636,84593,IN
St Albans,51.75,-0.33333,84561,GB
Fnidek,35.84906,-5.35747,84558,MA
Dhoraji,21.73359,70.45004,84545,IN
East Norwalk,41.10565,-73.39845,84530,US
Gununo,6.92471,37.65263,84510,ET
Āreka,7.06667,37.7,84500,ET
Edinburg,26.30174,-98.16334,84497,US
Vīrappanchathiram,11.35314,77.71253,84453,IN
Sunrise,26.13397,-80.1131,84439,US
Salina Cruz,16.17535,-95.19424,84438,MX
Sant'Ana do Livramento,-30.89083,-55.53278,84421,BR
Dundee,-28.16678,30.23371,84413,ZA
Carrao,-23.55108,-46.53829,84397,BR
Wilhelmshaven,53.5476,8.10395,84393,DE
Qūş,25.91544,32.76287,84386,EG
Nowy Sącz,49.62177,20.69705,84376,PL
Ogaminana,7.59383,6.21798,84373,NG
Akçapınar,38.94728,38.9423,84366,TR
Kasserine,35.16758,8.83651,84365,TN
Chita,35.00267,136.8642,84364,JP
Karakol,42.49047,78.39197,84351,KG
Piet Retief,-27.00706,30.81323,84349,ZA
Dazhong,33.19973,120.4578,84323,CN
Ettadhamen,36.83246,10.10995,84312,TN
Suceava,47.63333,26.25,84308,RO
Heróica Zitácuaro,19.43657,-100.35639,84307,MX
Liaolan,36.67444,119.87528,84306,CN
Bālāghāt,21.8156,80.18845,84261,IN
Trinidad,-14.83223,-64.90335,84259,BO
Phuthaditjhaba,-28.52423,28.81582,84258,ZA
Çerkezköy,41.28629,27.99939,84234,TR
Jinxiang,27.43265,120.60625,84231,CN
Yurga,55.72306,84.88611,84220,RU
Timbuktu,16.77348,-3.00742,84208,ML
Voskresenka,50.48481,30.6032,84200,UA
Quixadá,-4.97139,-39.01528,84168,BR
Hellersdorf,52.53319,13.6088,84103,DE
Al Hindīyah,32.54193,44.22469,84100,IQ
Moju,-1.88389,-48.76889,84094,BR
Dongxia,36.74918,118.58268,84083,CN
Saint-Pierre,-21.3393,55.47811,84077,RE
Techiman,7.59054,-1.93947,84074,GH
Bloomington,39.16533,-86.52639,84067,US
Komendantsky aerodrom,60.00448,30.27523,84052,RU
Kampung Sungai Kajang,3.4161,101.173,84031,MY
Feni,23.0144,91.3966,84028,BD
Udhampur,32.92431,75.13573,84015,IN
Wanju,35.84509,127.14752,84009,KR
Najībābād,29.61194,78.34274,84006,IN
Wako,35.78944,139.62333,83989,JP
Binonga,10.7719,122.9817,83980,PH
Reinickendorf,52.56395,13.33552,83972,DE
Degan,29.27846,106.23157,83950,CN
Xiannü,32.42806,119.56048,83936,CN
Bāghestān,35.64706,51.13378,83934,IR
Ayase,35.43515,139.4256,83913,JP
Idaiyarpālaiyam,11.03937,76.92369,83908,IN
Higashiyamato,35.76298,139.44575,83901,JP
Cicero,41.84559,-87.75394,83886,US
Darhan,49.48667,105.92278,83883,MN
Paris 10 Entrepôt,48.8709,2.3561,83873,FR
Yinma,36.66083,119.4625,83872,CN
Hemet,33.74761,-116.97307,83861,US
Chiclana de la Frontera,36.41976,-6.14367,83831,ES
Cianorte,-23.66333,-52.605,83816,BR
Ocotlán,20.35116,-102.76832,83769,MX
Fredrikstad,59.2181,10.9298,83761,NO
Sliven,42.68607,26.32558,83740,BG
Jardim Paulista,-23.56675,-46.66439,83667,BR
South Shields,54.99859,-1.4323,83655,GB
Derry,54.9981,-7.30934,83652,GB
Belo Jardim,-8.33556,-36.42417,83647,BR
Hilversum,52.22333,5.17639,83640,NL
Lingdong,46.55428,131.14493,83636,CN
Nanzhang Chengguanzhen,31.78394,111.82752,83604,CN
Hamma Bouziane,36.41205,6.59603,83603,DZ
Al Qanāţir al Khayrīyah,30.19327,31.13703,83568,EG
San Pedro,33.73585,-118.29229,83556,US
Cam Lộ,16.80797,106.99405,83544,VN
Ahwatukee Foothills,33.34171,-111.98403,83464,US
Paris 10e Arrondissement,48.87668,2.35904,83459,FR
Galway,53.27245,-9.05095,83456,IE
Kisilevsk,53.99623,86.64847,83431,RU
Tübingen,48.52266,9.05222,83416,DE
Busto Arsizio,45.61128,8.84914,83405,IT
Şabrātah,32.79335,12.48845,83398,LY
Yangp'yŏng,37.48972,127.49056,83367,KR
Ungsang,35.40611,129.16861,83360,KR
Kafr az Zayyāt,30.8248,30.81805,83348,EG
Johns Creek,34.02893,-84.19858,83335,US
La Piedad de Cabadas,20.34107,-102.02251,83323,MX
Mission,26.21591,-98.32529,83298,US
Yamatokōriyama,34.60658,135.77033,83285,JP
Troy,42.60559,-83.14993,83280,US
São Bento do Sul,-26.25028,-49.37861,83277,BR
Marilao,14.75778,120.94833,83276,PH
Buena Park,33.86751,-117.99812,83270,US
Xucheng,20.33025,110.16643,83267,CN
Ihiala,5.85475,6.85944,83265,NG
Harihar,14.51288,75.80716,83219,IN
Chilla Soroda Bāngar,28.59572,77.30189,83217,IN
Kapiri Mposhi,-13.97147,28.66985,83211,ZM
Carpina,-7.85083,-35.25472,83205,BR
Sirsilla,18.38865,78.81048,83186,IN
Ceuta,35.88919,-5.32042,83179,ES
Sinwŏn-ŭp,38.23532,125.76244,83161,KP
Pori,61.48072,21.78518,83157,FI
Owariasahi,35.208,137.03,83144,JP
Margahayukencana,-6.97083,107.5675,83119,ID
Wensu,41.27548,80.23612,83110,CN
Al-Khārijah,25.25,30.55,83108,EG
Al Khārjah,25.45101,30.54653,83108,EG
Bulacan,14.79278,120.87889,83101,PH
San José de Guanipa,8.88724,-64.16512,83092,VE
Picos,-7.07694,-41.46694,83090,BR
Amakusa,32.45861,130.19306,83082,JP
Echizen,35.88571,136.17073,83078,JP
Kimitsu,35.35043,139.87029,83058,JP
Galesong,-5.3166,119.3661,83050,ID
Bambari,5.76795,20.67565,83029,CF
Hecun,36.53333,114.11111,83009,CN
San Fernando,16.61591,120.31663,83003,PH
Mid-City,34.04126,-118.36058,83000,US
Kamigyō-ku,35.02954,135.75666,83000,JP
Ḩawsh ‘Īsá,30.9128,30.29019,82999,EG
Ningyang,35.76417,116.79139,82994,CN
Bingerville,5.35581,-3.88537,82983,CI
Lodwar,3.11988,35.59642,82970,KE
Karauli,26.49831,77.02755,82960,IN
Mānsa,29.98844,75.40167,82956,IN
Uccle,50.80225,4.33943,82929,BE
Prešov,48.99923,21.2355,82927,SK
Jinshi,29.60487,111.87012,82906,CN
Weston-super-Mare,51.34603,-2.97665,82903,GB
Palm Coast,29.58497,-81.20784,82893,US
Yuanping,38.71528,112.7575,82883,CN
Minden,52.28953,8.91455,82879,DE
Charlesbourg,46.899,-71.305,82870,CA
Montego Bay,18.47116,-77.91883,82867,JM
Kraljevo,43.72583,20.68944,82846,RS
Fayetteville,36.06258,-94.15743,82830,US
Sioux City,42.49999,-96.40031,82821,US
Yacuiba,-22.01643,-63.67753,82803,BO
Pontevedra,42.431,-8.64435,82802,ES
Muhanga,-2.02269,29.70691,82797,RW
Shīrvān,37.39669,57.92952,82790,IR
Marj Al Hamam,31.90274,35.84645,82788,JO
Sobradinho II,-15.63361,-47.83478,82785,BR
Ochota,52.22096,20.98526,82774,PL
Havířov,49.77984,18.43688,82768,CZ
La Villa del Rosario,10.3258,-72.31343,82766,VE
Chichawatni,30.5301,72.69155,82762,PK
Shikokuchūō,33.9754,133.54895,82754,JP
Bayeux,-7.125,-34.93222,82742,BR
Atlantis,-33.56668,18.48335,82736,ZA
Aoxi,27.42589,115.83643,82717,CN
Liping,26.23111,109.13139,82710,CN
Pau,43.31117,-0.35583,82697,FR
Rutshuru,-1.18666,29.44669,82680,CD
Kelo,9.30859,15.80658,82677,TD
An Hải,16.06667,108.23333,82635,VN
Sidi Kacem,34.22149,-5.70775,82632,MA
Halifax,53.71667,-1.85,82624,GB
Algorta,43.34927,-3.0094,82624,ES
Torrevieja,37.97872,-0.68222,82599,ES
Changqing,36.5575,116.72722,82598,CN
Jacobina,-11.18143,-40.51372,82590,BR
Malapatan,5.96917,125.28944,82577,PH
Lyon 07,45.74525,4.84197,82573,FR
Dali Old Town,25.68863,100.15894,82566,CN
Sinhyeon,34.8825,128.62667,82560,KR
Xindian,36.7975,118.29444,82555,CN
San Martín,-33.08338,-68.47312,82549,AR
Saint-Hubert,45.50008,-73.41583,82548,CA
Jangipur,24.47001,88.07659,82548,IN
Muş,38.73163,41.48482,82536,TR
Douar Hicher,36.82657,10.08974,82532,TN
Anzhero-Sudzhensk,56.07568,86.02434,82526,RU
Yima,34.73806,111.88389,82509,CN
Lake Forest,33.64697,-117.68922,82492,US
Qiaoguan,36.56444,118.88389,82467,CN
Pernik,42.59671,23.03318,82467,BG
Manono,-7.29862,27.39894,82465,CD
Merced,37.30216,-120.48297,82436,US
Minyat an Naşr,31.12624,31.64313,82429,EG
Sant Boi de Llobregat,41.34357,2.03659,82428,ES
Pozuelo de Alarcón,40.43293,-3.81338,82428,ES
Bagamoyo,-6.44222,38.90422,82426,TZ
Cukai,4.25,103.41667,82425,MY
Parit Sulung,1.976,102.8835,82399,MY
Nangong,37.35464,115.38881,82386,CN
Mbalmayo,3.51667,11.5,82384,CM
Sabaneta,6.15153,-75.61657,82375,CO
Limão,-23.49283,-46.66916,82373,BR
Lüshun,38.8,121.26667,82345,CN
Troitsk,54.09224,61.56756,82338,RU
Mādabā,31.71599,35.79392,82335,JO
Maţāy,28.41866,30.77861,82328,EG
Hengelo,52.26583,6.79306,82311,NL
Reef Al Fujairah City,25.14479,56.24764,82310,AE
Nizip,37.00972,37.79417,82308,TR
Nakhon Sawan,15.70472,100.13717,82305,TH
Três Rios,-22.11667,-43.20917,82300,BR
Colombes,48.91882,2.25404,82300,FR
Lākshām,23.24018,91.12143,82290,BD
Longview,32.5007,-94.74049,82287,US
Les Corts,41.38712,2.13007,82270,ES
Gobindgarh,30.67089,76.30192,82266,IN
Dondo,-19.60944,34.74306,82260,MZ
Maple Ridge,49.21939,-122.60193,82256,CA
Macaíba,-5.85833,-35.35389,82249,BR
Caldas,6.09106,-75.63569,82234,CO
Ōmihachiman,35.12861,136.0976,82233,JP
Budapest VIII. kerület,47.48919,19.07012,82222,HU
Atambua,-9.10611,124.8925,82196,ID
Anguo,34.83056,116.81944,82181,CN
Quixeramobim,-5.19917,-39.29278,82177,BR
Fatsa,41.02886,37.49977,82160,TR
Azov,47.1069,39.41486,82133,RU
Pagbilao,13.96689,121.69835,82132,PH
Bryan,30.67436,-96.36996,82118,US
Ipoti,7.87377,5.07691,82113,NG
Tanashichō,35.72922,139.53813,82112,JP
Shiwan,23.00107,113.077,82031,CN
Arcoverde,-8.41889,-37.05389,82003,BR
Westland,42.3242,-83.40021,82000,US
Edmonton,51.62561,-0.05798,82000,GB
Ishwardi,24.12858,89.06573,81995,BD
Tamworth,52.63399,-1.69587,81964,GB
Limay,14.56194,120.59833,81960,PH
Bolgatanga,10.78556,-0.85139,81958,GH
David,8.42729,-82.43085,81957,PA
Donghe,32.23341,106.30126,81953,CN
Gosport,50.79509,-1.12902,81952,GB
La Dorada,5.44783,-74.66311,81950,CO
Le Tampon,-21.2766,55.51766,81943,RE
Saunda,23.66453,85.32694,81915,IN
Akiruno,35.72854,139.2318,81912,JP
Breña,-12.05605,-77.05295,81909,PE
Moema,-23.59521,-46.66449,81899,BR
Presidencia Roque Sáenz Peña,-26.79095,-60.44132,81879,AR
Maraimalainagar,12.79782,80.02502,81872,IN
Huaiyang,37.76145,114.51703,81861,CN
Coslada,40.42378,-3.56129,81860,ES
Qal‘at Bīshah,20.00054,42.6052,81828,SA
Ashoknagar,24.57578,77.73123,81828,IN
Sesto San Giovanni,45.53329,9.22585,81822,IT
Gwangju,37.41,127.25722,81780,KR
Villingen-Schwenningen,48.06226,8.49358,81770,DE
Agboville,5.92801,-4.21319,81770,CI
Tamanghasset,22.785,5.52278,81752,DZ
Kaspiysk,42.88165,47.63919,81752,RU
Lucca,43.84369,10.50447,81748,IT
Phulwari Sharif,25.57765,85.07246,81740,IN
Babamba,0.18333,27.48333,81740,CD
Tangping,22.03177,111.93537,81729,CN
Ar Rass,25.86944,43.4973,81728,SA
Mhow,22.5589,75.76543,81702,IN
Warwick,41.7001,-71.41617,81699,US
Bartın,41.63583,32.3375,81692,TR
Luzern,47.05048,8.30635,81691,CH
Barkā’,23.67872,57.88605,81647,OM
Concórdia,-27.23417,-52.02778,81646,BR
Al Khānkah,30.21035,31.36812,81646,EG
Kasongo,-4.42741,26.66656,81629,CD
Lakewood,33.85363,-118.13396,81611,US
Guider,9.9333,13.94671,81608,CM
Salmās,38.1973,44.7653,81606,IR
Yirga ‘Alem,6.75,38.41667,81600,ET
An Khê,13.95,108.65,81600,VN
Naqadeh,36.9553,45.388,81598,IR
São Sebastião,-23.76,-45.40972,81595,BR
Timóteo,-19.58106,-42.64953,81579,BR
Scunthorpe,53.57905,-0.65437,81576,GB
Tiznit,29.69742,-9.73162,81569,MA
Uman,48.7501,30.21944,81525,UA
Pacatuba,-3.98417,-38.62028,81524,BR
Yan Nawa,13.69634,100.54212,81521,TH
Tianguá,-3.73222,-40.99167,81506,BR
Kharian,32.81612,73.88697,81435,PK
Beauport,46.85884,-71.19201,81425,CA
Yudong,29.385,106.51944,81408,CN
Malout,30.21121,74.4818,81406,IN
Kadi,23.29908,72.33362,81404,IN
Bulungu,-4.54437,18.60364,81393,CD
Chapadinha,-3.74167,-43.36028,81386,BR
Balqash,46.84546,74.98213,81364,KZ
Guaynabo,18.35745,-66.111,81360,PR
Farmington Hills,42.48531,-83.37716,81330,US
Sarishābāri,24.75127,89.83126,81325,BD
San Tan Valley,33.1911,-111.528,81321,US
Fatehjang,33.56492,72.64281,81321,PK
Mount Pleasant,32.79407,-79.86259,81317,US
Athi River,-1.4563,36.97826,81302,KE
Lambayong,6.51944,125.04444,81288,PH
Konstanz,47.66033,9.17582,81275,DE
Tatebayashi,36.25,139.53333,81274,JP
Mweka,-4.85187,21.5595,81267,CD
Konin,52.22338,18.25121,81258,PL
Nangen,35.41,127.38583,81257,KR
Changning,28.57773,104.92087,81248,CN
Vijalpor,20.92212,72.90945,81245,IN
Pozzuoli,40.84394,14.0952,81231,IT
Reşiţa,45.30083,21.88917,81228,RO
Žilina,49.22315,18.73941,81219,SK
Palakollu,16.5167,81.73,81199,IN
Kabalo,-6.05255,26.9143,81191,CD
Baudhuinville,-7.08408,29.73681,81181,CD
Sokcho,38.20701,128.59181,81164,KR
Xiugu,27.91132,116.77637,81153,CN
Himatnagar,23.59893,72.96602,81137,IN
Lalupon,7.46791,4.06594,81130,NG
Pilar,-34.45867,-58.91398,81120,AR
Al Ḩurshah,32.76472,12.67389,81119,LY
Worms,49.63278,8.35916,81099,DE
Cranston,41.77982,-71.43728,81073,US
Ozersk,55.75556,60.70278,81023,RU
Rockhampton,-23.38032,150.50595,81021,AU
Moabit,52.52635,13.33903,81021,DE
San Timoteo,9.7901,-71.07084,81017,VE
Yessentuki,44.04826,42.85638,81015,RU
São Miguel,-23.49417,-46.43222,81011,BR
Vitry-sur-Seine,48.78716,2.40332,81001,FR
Largo,27.90979,-82.78842,81000,US
Naesŏ,35.24972,128.52,80987,KR
Santa Cecilia,-23.5318,-46.65288,80972,BR
Diyarb Najm,30.75438,31.44016,80954,EG
Dholka,22.72732,72.44128,80945,IN
Feicheng,35.26056,117.9675,80929,CN
Mooca,-23.56135,-46.59641,80880,BR
Aveiro,40.64575,-8.64643,80880,PT
Ravenna,44.41344,12.20121,80868,IT
Shanting,35.07528,117.45778,80843,CN
Rouissat,31.92427,5.35018,80784,DZ
Madido,-15.35454,28.37416,80782,ZM
Klin,56.33169,36.7292,80778,RU
Getxo,43.35689,-3.01146,80770,ES
Buta,2.78582,24.72997,80751,CD
Kotkapura,30.5819,74.83298,80741,IN
East Hastings,49.27169,-123.06186,80740,CA
Homestead,25.46872,-80.47756,80737,US
Junlian,28.17106,104.51162,80708,CN
Lecce,40.35481,18.17244,80695,IT
South Suffolk,36.71709,-76.59023,80690,US
Avondale,33.4356,-112.3496,80684,US
Atakpamé,7.53333,1.13333,80683,TG
Berestovskyi,48.04426,37.87654,80671,UA
Curvelo,-18.75639,-44.43083,80665,BR
Lai Vung,10.25664,105.59329,80649,VN
Mijas,36.59575,-4.63728,80630,ES
Güigüe,10.08344,-67.77799,80627,VE
Bargarh,21.33348,83.61905,80625,IN
Nianzhuang,34.29722,117.77222,80617,CN
Aulnay-sous-Bois,48.93814,2.49402,80615,FR
Tepeji del Río de Ocampo,19.90481,-99.34379,80612,MX
Kharghar,19.04979,73.07024,80612,IN
Kōtari,34.92097,135.70547,80608,JP
Chatham,51.37891,0.52786,80596,GB
Varese,45.82058,8.82511,80588,IT
Tustin,33.74585,-117.82617,80583,US
Santa Catarina Pinula,14.57047,-90.49925,80582,GT
Bustos,14.95806,120.91778,80565,PH
Samā’il,23.29838,57.9531,80538,OM
Casa Verde,-23.50099,-46.65744,80536,BR
Khemis Miliana,36.26104,2.22015,80512,DZ
Ambalantota,6.1196,81.0214,80506,LK
Bakhmut,48.59441,37.99983,80500,UA
Bani Yas City,24.30978,54.62944,80498,AE
Água Rasa,-20.43333,-45.16667,80484,BR
Yingjiang,24.71022,97.93671,80481,CN
Elbistan,38.20591,37.1983,80456,TR
Kondoa,-4.9,35.78333,80443,TZ
Serrinha,-11.66417,-39.0075,80435,BR
Mountain View,37.38605,-122.08385,80435,US
Napa,38.29714,-122.28553,80434,US
Kairāna,29.39541,77.2054,80432,IN
Brajarajnagar,21.81667,83.91667,80403,IN
Zhuanghe,39.70083,122.99111,80384,CN
Hannō,35.85194,139.31806,80361,JP
Bonāb,37.3404,46.0561,80359,IR
Loushanguan,28.1368,106.822,80344,CN
Tallaght,53.2859,-6.37344,80339,IE
Somerville,42.3876,-71.0995,80318,US
Kāmāreddi,18.32001,78.34177,80315,IN
Baoying,33.22917,119.30917,80292,CN
Giugliano in Campania,40.92849,14.20197,80269,IT
Kedungwaru,-8.06667,111.91667,80257,ID
Kendall,25.67927,-80.31727,80241,US
Lawrence,42.70704,-71.16311,80231,US
Dashiqiao,40.63732,122.50251,80223,CN
Budapest XV. kerület,47.56263,19.11681,80218,HU
Panshi,42.93719,126.05743,80200,CN
Palwancha,17.58152,80.67651,80199,IN
Neumünster,54.07399,9.98456,80196,DE
Serpong,-6.31694,106.66417,80193,ID
Meru,0.04626,37.65587,80191,KE
João Monlevade,-19.81,-43.17361,80187,BR
Piotrków Trybunalski,51.40547,19.70321,80128,PL
Purmerend,52.505,4.95972,80117,NL
Vinhedo,-23.02972,-46.97528,80111,BR
Qŭnghirot,43.04333,58.83944,80090,UZ
Alahabad,30.87696,74.05524,80084,PK
Nyeri,-0.42013,36.94759,80081,KE
Cachoeira do Sul,-30.03917,-52.89389,80070,BR
Xichang,21.63333,108.95,80064,CN
Gamagōri,34.83333,137.23333,80063,JP
Manmād,20.25334,74.43755,80058,IN
Srikalahasti,13.75514,79.70143,80056,IN
Huanglou,36.64709,118.60554,80055,CN
Dushan,25.83333,107.53333,80045,CN
Kanyama,-7.51668,24.17404,80043,CD
Vorkuta,67.50867,64.0667,80039,RU
Sangmélima,2.93333,11.98333,80036,CM
El Cafetal,10.46541,-66.82951,80029,VE
Sha Tin Wai,22.37756,114.19753,80000,HK
Rikaze,29.25,88.88333,80000,CN
Hajiawa,36.23579,44.79469,80000,IQ
Fili,55.74819,37.47969,80000,RU
Cung Kiệm,21.18697,106.16076,80000,VN
Ughelli,5.48956,6.00407,79986,NG
Dorsten,51.66166,6.96514,79981,DE
Stockton-on-Tees,54.56848,-1.3187,79957,GB
Tan-Tan,28.43799,-11.10321,79942,MA
Parma,41.40477,-81.72291,79937,US
Miabi,-6.22149,23.39254,79929,CD
Drobeta-Turnu Severin,44.62693,22.65288,79865,RO
New Rochelle,40.91149,-73.78235,79846,US
San José Pinula,14.546,-90.41288,79844,GT
Paco,14.588,120.993,79839,PH
Kottagūdem,17.55106,80.61779,79819,IN
Lynchburg,37.41375,-79.14225,79812,US
Lelystad,52.50833,5.475,79811,NL
Medford,42.32652,-122.87559,79805,US
La Goulette,36.81919,10.30646,79795,TN
Zrenjanin,45.38361,20.38194,79773,RS
Deerfield Beach,26.31841,-80.09977,79768,US
Songlou,34.57231,116.60239,79763,CN
Pongch’ŏn-ŭp,38.12389,126.20472,79740,KP
Bella Vista,-34.5651,-58.69034,79737,AR
San Francisco,8.53556,125.95,79718,PH
Lerdo,25.53611,-103.52485,79669,MX
Taixing,32.16667,120.01361,79655,CN
Kidapawan,7.00833,125.08944,79652,PH
Genteng,-8.36667,114.15,79652,ID
Bolenge,0,18.21667,79648,CD
Amstelveen,52.30083,4.86389,79639,NL
Sathorn,13.74998,100.51682,79624,TH
Bende,5.55874,7.63359,79618,NG
Sylmar,34.30778,-118.44925,79614,US
Kropotkin,45.43722,40.5704,79599,RU
Itumbiara,-18.41917,-49.21528,79582,BR
Polotsk,55.4879,28.7856,79579,BY
Calarcá,4.52949,-75.64091,79569,CO
Oke Mesi,7.81667,4.91667,79563,NG
Kimpese,-5.5615,14.43159,79539,CD
Khrustalnyi,48.13954,38.93715,79533,UA
Kafanchan,9.58126,8.2926,79522,NG
Pleasanton,37.66243,-121.87468,79510,US
Edfu,24.97916,32.87722,79510,EG
Saint-Léonard,45.58773,-73.59501,79495,CA
Tangjiazhuang,39.74326,118.45099,79489,CN
São Roque,-23.52917,-47.13528,79484,BR
Shadrinsk,56.08616,63.63816,79479,RU
Willowdale,43.76672,-79.39909,79440,CA
Huehuetenango,15.32097,-91.47001,79426,GT
Dosso,13.049,3.1937,79406,NE
Bang Sue subdistrict,13.80645,100.53062,79405,TH
Lüdenscheid,51.21977,7.6273,79386,DE
Behbahān,30.5959,50.2417,79327,IR
Zarzis,33.50398,11.11215,79316,TN
Phuket,7.89059,98.3981,79308,TH
Tefé,-3.36841,-64.72054,79278,BR
Sant Cugat del Vallès,41.47063,2.08611,79253,ES
Nawābganj,26.93129,81.19841,79246,IN
Gedangan,-7.39083,112.72667,79230,ID
Cyberjaya,2.92281,101.65718,79200,MY
Yanta,36.24111,115.66722,79196,CN
Belmont Cragin,41.9317,-87.76867,79159,US
Bwizibwera,-0.59167,30.62861,79157,UG
Brooklyn Park,45.09413,-93.35634,79149,US
Gueckedou,8.56744,-10.1336,79140,GN
Gokak,16.16901,74.82393,79121,IN
Ceará-Mirim,-5.63444,-35.42556,79115,BR
Mamou,10.37546,-12.09148,79109,GN
Zhuangyuan,37.30553,120.82747,79106,CN
Tīkamgarh,24.74327,78.83061,79106,IN
Ikom,5.96669,8.70632,79103,NG
Arakkonam,13.08449,79.67053,79080,IN
Wuyang,31.9925,116.24722,79070,CN
Kashihara,34.58333,135.61667,79058,JP
Xiongzhou,25.11667,114.3,79050,CN
Chaigou,36.24889,119.62417,79043,CN
Būmahen,35.72972,51.86884,79034,IR
Matão,-21.60333,-48.36583,79033,BR
Ponorogo,-7.8685,111.462,79026,ID
Bahārestān,32.48814,51.77312,79023,IR
Arāria,26.14934,87.51323,79021,IN
Agulu,6.10045,7.061,79021,NG
Netrakona,24.88352,90.72898,79016,BD
Goodyear,33.43532,-112.35821,79003,US
Kaambooni,-1.63772,41.5866,79000,SO
Catanzaro,38.88247,16.60086,78970,IT
Alfenas,-21.42917,-45.94722,78970,BR
Prince George,53.9166,-122.75301,78943,CA
Mossel Bay,-34.18307,22.14605,78940,ZA
Nakatsugawa,35.48333,137.5,78930,JP
New Westminster,49.20678,-122.91092,78916,CA
Kennewick,46.21125,-119.13723,78896,US
Marburg an der Lahn,50.80904,8.77069,78895,DE
Bistriţa,47.13316,24.50011,78877,RO
Marseille 08,43.27083,5.3821,78837,FR
Cẩm Lệ,16.01771,108.20381,78837,VN
Xinzhou,30.86667,114.8,78767,CN
Shitanjing,39.23417,106.34389,78765,CN
Coffs Harbour,-30.29626,153.11351,78759,AU
Chiang Rai,19.90858,99.8325,78756,TH
Deurne,51.22134,4.46595,78747,BE
Sagaing,21.8787,95.97965,78739,MM
Koch Bihār,26.32539,89.44508,78737,IN
Mooka,36.43333,140.01667,78720,JP
Tumen,42.96562,129.84199,78719,CN
Natori-shi,38.16667,140.88333,78718,JP
Avilés,43.55473,-5.92483,78715,ES
Três Lagoas,-20.78765,-51.70338,78712,BR
Armant,25.61988,32.54305,78695,EG
Kharakvasla,18.43997,73.77545,78684,IN
Gualeguaychú,-33.00777,-58.51836,78676,AR
Thanhlyin,16.78195,96.24678,78667,MM
Isiolo,0.35462,37.58218,78650,KE
Vyborg,60.70763,28.75283,78633,RU
Alameda,37.77099,-122.26087,78630,US
Palencia,42.00955,-4.52406,78629,ES
Curepipe,-20.31628,57.52594,78618,MU
Danané,7.25957,-8.15498,78614,CI
Arona,28.09962,-16.68102,78614,ES
Waliso,8.53417,37.96515,78600,ET
Jurong East,1.32888,103.73995,78600,SG
Tupi,6.33444,124.95278,78599,PH
São João del Rei,-21.13556,-44.26167,78592,BR
Qinggang,29.4677,106.23618,78582,CN
Hengbei,23.87968,115.72546,78575,CN
Honjō,36.2378,139.19023,78569,JP
Bhadohi,25.39526,82.5703,78568,IN
Torrent,39.43705,-0.46546,78543,ES
Circoiscrizione I,45.06639,7.6868,78523,IT
Lins,-21.67861,-49.7425,78503,BR
Carlisle,54.8951,-2.9382,78470,GB
Town 'n' Country,28.01057,-82.57732,78442,US
Bellflower,33.88168,-118.11701,78441,US
Kőbánya,47.48427,19.13913,78414,HU
Yishan,36.22107,118.69663,78408,CN
Kātoya,23.64558,88.13258,78408,IN
Youhao,47.85306,128.83565,78402,CN
Joensuu,62.60118,29.76316,78398,FI
Medininagar,24.03971,84.0658,78396,IN
Wāshīm,20.11128,77.133,78387,IN
Reutov,55.76273,37.86303,78370,RU
Bagbera,22.75948,86.19049,78356,IN
Savarkundla,21.33726,71.3035,78354,IN
Bandar-e Emam Khomeyni,30.43698,49.10288,78353,IR
Toyooka,35.54008,134.82038,78348,JP
Putatan,5.9258,116.06094,78340,MY
Chino Hills,33.9938,-117.75888,78309,US
Bang Kruai,13.805,100.47283,78305,TH
Denov,38.26746,67.89886,78300,UZ
Bloomington,40.4842,-88.99369,78292,US
Basoda,23.85153,77.93652,78289,IN
Santa Cruz del Quiché,15.02995,-91.14876,78279,GT
Daura,11.5541,11.406,78277,NG
Al Ḩayy,32.17419,46.04345,78272,IQ
Bamban,15.27386,120.56683,78260,PH
Pingyi,35.50056,117.63083,78254,CN
Southall,51.50896,-0.3713,78253,GB
Budapest XVII. kerület,47.47997,19.25388,78250,HU
Mogi Mirim,-22.43194,-46.95778,78244,BR
Wulong,29.32431,107.76056,78225,CN
Valvedditturai,9.81667,80.16667,78205,LK
Rheinhausen,51.40055,6.71187,78203,DE
Linping,30.4225,120.29722,78180,CN
Huai Khwang,13.77678,100.579,78175,TH
Sirs al Layyānah,30.4428,30.96975,78168,EG
San Juan,-3.77611,-73.28139,78153,PE
Ilioúpoli,37.93149,23.76779,78153,GR
Zahlé,33.84675,35.90203,78145,LB
Daet,14.1122,122.9553,78142,PH
Daugavpils,55.88333,26.53333,78126,LV
Blue Mountains,-33.71331,150.33065,78121,AU
Rugby,52.37092,-1.26417,78117,GB
Kashiba,34.53472,135.70925,78113,JP
Alafaya,28.5641,-81.2114,78113,US
Wa,10.06069,-2.50192,78107,GH
Vanadzor,40.8074,44.49704,78100,AM
Kouvola,60.86667,26.7,78094,FI
Donggongon,5.90702,116.10146,78086,MY
Szombathely,47.23088,16.62155,78025,HU
Xixiang,22.59306,113.8889,78022,CN
Matala,-14.73272,15.03479,78000,AO
Kuacjok,8.30278,27.98,78000,SS
Alekseyevka,55.63,37.8,78000,RU
Tanuku,16.75438,81.68143,77962,IN
Gurdaspur,32.03933,75.40318,77928,IN
Castrop-Rauxel,51.55657,7.31155,77924,DE
Marsala,37.7992,12.4367,77915,IT
Kizugawa,34.73668,135.83994,77907,JP
Tome,38.70882,141.15578,77897,JP
Bukit Timah,1.328,103.791,77860,SG
Springdale,36.18674,-94.12881,77859,US
Luleå,65.58415,22.15465,77832,SE
Edattala,10.05639,76.38451,77811,IN
Shap Pat Heung,22.4248,114.03581,77775,HK
Marseille 15,43.37224,5.35386,77770,FR
Jardim Botânico,-15.86527,-47.81477,77767,BR
Huankou,34.87,116.66972,77758,CN
Ciranjang-hilir,-6.82,107.25722,77758,ID
Linkou,45.2762,130.27332,77754,CN
Nchelenge,-9.34506,28.73396,77746,ZM
Racine,42.72613,-87.78285,77742,US
Ipiales,0.82501,-77.63966,77729,CO
Roosendaal,51.53083,4.46528,77725,NL
Hakkâri,37.57444,43.74083,77699,TR
Ukunda,-4.2929,39.56404,77686,KE
Bauang,16.53083,120.33306,77670,PH
Nikkō,36.75,139.61667,77661,JP
Hasselt,50.93106,5.33781,77651,BE
Keningau,5.3378,116.1602,77650,MY
Gateshead,54.96209,-1.60168,77649,GB
Huangmei,30.19235,116.02496,77633,CN
Campo Limpo Paulista,-23.20554,-46.7838,77632,BR
Numan,9.46374,12.03062,77617,NG
Hammond,41.58337,-87.50004,77614,US
Ītāy al Bārūd,30.88697,30.66724,77606,EG
Feicheng,36.24861,116.76583,77606,CN
Milpitas,37.42827,-121.90662,77604,US
Ouarzazate,30.91894,-6.89341,77603,MA
Inowrocław,52.79886,18.26387,77597,PL
Ünye,41.14049,37.28851,77585,TR
Bodhan,18.66208,77.88581,77573,IN
Songling,31.1933,120.71758,77566,CN
Bogenhausen,48.15221,11.61585,77542,DE
Jishui,33.73333,115.4,77540,CN
Aalst,50.93604,4.0355,77534,BE
Lubin,51.40089,16.20149,77532,PL
Mechelen,51.02574,4.47762,77530,BE
Shūshtar,32.04972,48.84843,77507,IR
Lisburn,54.52337,-6.03527,77506,GB
Welk’īt’ē,8.28333,37.78333,77500,ET
Bagong Barrio,14.66638,120.99322,77490,PH
Kambar,27.58753,68.00066,77481,PK
Barracas,-34.64966,-58.38341,77474,AR
Nazareth,32.70087,35.29719,77445,IL
Mazatenango,14.53412,-91.50311,77431,GT
Khomeyn,33.63889,50.08003,77425,IR
Shulan,44.41134,126.94827,77420,CN
Balrāmpur,27.42949,82.18545,77396,IN
Tsubame,37.6645,138.92518,77382,JP
Mandela,5.55221,-0.33912,77371,GH
Suva,-18.13683,178.42531,77366,FJ
Jelenia Góra,50.89973,15.72899,77366,PL
Matehuala,23.64824,-100.64334,77328,MX
Gebiley,9.70028,43.62444,77320,SO
Quatre Bornes,-20.26381,57.4791,77308,MU
Fukuchiyama,35.3,135.11667,77306,JP
Mungyeong,36.59458,128.19946,77304,KR
Bāramūla,34.209,74.34285,77276,IN
Paisley,55.83173,-4.43254,77270,GB
Keur Médoune,14.75835,-15.90434,77255,SN
Agua Prieta,31.3224,-109.54251,77254,MX
Pesaro,43.90921,12.9164,77241,IT
Kanasín,20.93485,-89.55822,77240,MX
Cozumel,20.50038,-86.94272,77236,MX
Baicheng,36.32743,119.77875,77235,CN
Lod,31.9467,34.8903,77223,IL
Wawer,52.19656,21.17752,77205,PL
Aş Şuwayrah,32.92556,44.77583,77200,IQ
Akihabara,35.69848,139.77253,77200,JP
Siedlce,52.16772,22.29006,77185,PL
Damiao,34.26411,117.36379,77179,CN
Jiexiu,37.02444,111.9125,77178,CN
South Surrey,49.05,-122.79167,77170,CA
Santa Cruz de Barahona,18.20861,-71.10068,77160,DO
Gary,41.59337,-87.34643,77156,US
Putney,51.46072,-0.21814,77140,GB
Karwar,14.81361,74.12972,77139,IN
Ovalle,-30.60106,-71.19901,77138,CL
Kunitachi,35.6833,139.43848,77130,JP
Scranton,41.40916,-75.6649,77118,US
Şurmān,32.75668,12.57159,77114,LY
Mafikeng,-25.86522,25.64421,77110,ZA
Coyah,9.70643,-13.38465,77103,GN
Pok Fu Lam,22.26861,114.12924,77100,HK
Voskresensk,55.313,38.691,77086,RU
Canaã dos Carajás,-6.52392,-49.85167,77079,BR
Keratsíni,37.9625,23.61972,77077,GR
Baldwin Park,34.08529,-117.9609,77071,US
Dhuliān,24.68127,87.9535,77070,IN
Yên Hòa,21.02185,105.79147,77029,VN
Hunchun,42.86736,130.35689,77028,CN
Nabari,34.61667,136.08333,77022,JP
Kagoro,9.60776,8.39043,77008,NG
Auburn,47.30732,-122.22845,77006,US
Rabkavi-Banhatti,16.47,75.12,77004,IN
Yalta,44.50218,34.16624,77003,UA
Les Rivières,46.81847,-71.272,77000,CA
Hassi Bahbah,35.07109,3.0299,77000,DZ
Dubai Festival City,25.22177,55.35733,77000,AE
Mawāna,29.10288,77.92199,76973,IN
Tsurusaki,33.24528,131.69165,76968,JP
Santa Rosa,-27.87083,-54.48139,76963,BR
Józsefváros,47.48938,19.07292,76957,HU
Gladbeck,51.57077,6.98593,76940,DE
Khlong Chan,13.78126,100.64506,76934,TH
Sarqant,45.41322,79.91713,76919,KZ
Santo Ângelo,-28.29917,-54.26306,76917,BR
Shirpur,21.34821,74.88035,76905,IN
Kiserian,-1.4275,36.6865,76903,KE
Marseille 09,43.25433,5.4057,76868,FR
Zhlobin,52.8926,30.024,76844,BY
Puerto Padre,21.19517,-76.60358,76838,CU
Budge Budge,22.48275,88.18176,76837,IN
Arraiján,8.9398,-79.64038,76815,PA
La Rochelle,46.16308,-1.15222,76810,FR
Kundla,21.34222,71.30633,76809,IN
Fishers,39.95559,-86.01387,76794,US
Shrewsbury,52.71009,-2.75208,76782,GB
Saint Joseph,39.76861,-94.84663,76780,US
Al Maţār al ‘Atīq,25.25138,51.55569,76774,QA
Biguaçu,-27.49417,-48.65556,76773,BR
Moro,26.66317,68.00016,76765,PK
Sandu,19.7894,109.215,76757,CN
Mmabatho,-25.85,25.63333,76754,ZA
Visnagar,23.69855,72.5521,76753,IN
Liangxiang,39.73598,116.13295,76744,CN
Champigny-sur-Marne,48.81642,2.49366,76726,FR
Melong,5.12181,9.96143,76716,CM
Brookes Point,8.77201,117.8371,76715,PH
Kannauj,27.05524,79.9188,76714,IN
Zhaodun,34.3027,117.85699,76691,CN
Luxembourg,49.60982,6.13268,76684,LU
Yenakiyeve,48.23857,38.20403,76673,UA
La Louvière,50.48657,4.18785,76668,BE
Pančevo,44.87177,20.64167,76654,RS
Fenghua,29.65628,121.4064,76653,CN
Colón,9.36025,-79.90019,76643,PA
Khajoori Khas,28.70958,77.2587,76640,IN
Rueil-Malmaison,48.8765,2.18967,76616,FR
Arnsberg,51.38333,8.08333,76612,DE
Neelankarai,12.9495,80.2592,76600,IN
Nagīna,29.44433,78.43646,76593,IN
Caledon,43.86544,-79.99322,76581,CA
Juhaynah,26.67418,31.49686,76555,EG
Biruaca,7.84483,-67.51679,76553,VE
Pharr,26.1948,-98.18362,76538,US
Fuorigrotta,40.83333,14.2,76521,IT
Fylde,53.83333,-2.91667,76500,GB
Badagara,11.59776,75.58142,76493,IN
Fazilka,30.40207,74.02836,76492,IN
Rheine,52.28509,7.44055,76491,DE
Bawku,11.05926,-0.24249,76459,GH
Bunbury,-33.32711,115.64137,76452,AU
Shiki,35.83333,139.58333,76445,JP
Upland,34.09751,-117.64839,76443,US
Crewe,53.09787,-2.44161,76437,GB
Viçosa,-20.75389,-42.88194,76430,BR
Oss,51.765,5.51806,76430,NL
Yuktae-dong,40.02472,128.15972,76427,KP
Yaxing,19.44778,109.26273,76427,CN
Dangkao,11.50881,104.89144,76421,KH
Ciudad Satelite,-16.43085,-71.52921,76410,PE
Fünfhaus,48.19596,16.3183,76396,AT
Antibes,43.58127,7.12487,76393,FR
Crateús,-5.17775,-40.66949,76390,BR
Yangliuqing,39.1375,116.99972,76387,CN
Stoney Creek,43.21681,-79.76633,76382,CA
Folsom,38.67796,-121.17606,76375,US
Modiin Ilit,31.93221,35.04416,76374,IL
Bebedouro,-20.94944,-48.47917,76373,BR
Odendaalsrus,-27.87394,26.69072,76371,ZA
Basoko,1.23909,23.61598,76371,CD
Thawi Watthana,13.78316,100.37805,76351,TH
Electronic City Phase I,12.85492,77.6633,76348,IN
Aira,31.77429,130.59208,76348,JP
Qiuji,33.8,118,76343,CN
Budapest XXI. kerület,47.42215,19.06641,76339,HU
Baytown,29.7355,-94.97743,76335,US
Furukawa,38.57167,140.95556,76312,JP
Latina,41.46614,12.9043,76305,IT
Mineralnye Vody,44.21028,43.13528,76280,RU
Babahoyo,-1.80493,-79.52492,76279,EC
Midyat,37.41908,41.33909,76268,TR
Lae,-6.72333,146.99611,76255,PG
Matara,5.94851,80.53528,76254,LK
Nahāvand,34.19088,48.37446,76250,IR
Manresa,41.72815,1.82399,76250,ES
Ramla,31.92624,34.8635,76246,IL
Tuban,-6.8976,112.0649,76242,ID
Thanh Liệt,20.96667,105.81667,76238,VN
Sakon Nakhon,17.16116,104.14725,76237,TH
Ratnagiri,16.99154,73.31022,76229,IN
Mian Channun,30.44067,72.35679,76226,PK
Mbabane,-26.31667,31.13333,76218,SZ
Kiyose,35.77952,139.53014,76208,JP
Keshod,21.30328,70.24861,76193,IN
Qingquan,30.45113,115.25593,76154,CN
Viersen,51.25435,6.39441,76153,DE
Esteio,-29.86139,-51.17917,76137,BR
San Ramon,37.77993,-121.97802,76134,US
Adzopé,6.10694,-3.86194,76122,CI
Camden,39.92595,-75.11962,76119,US
Bracknell,51.41363,-0.75054,76103,GB
Shibukawa,36.48333,139,76098,JP
Oleksandriya,48.67466,33.11761,76097,UA
Konnagar,22.70508,88.34446,76082,IN
Shirbīn,31.19688,31.5243,76081,EG
Yurihonjō,39.3895,140.05813,76077,JP
Ash Shuhadā’,30.59683,30.89931,76071,EG
Lake Charles,30.21309,-93.2044,76070,US
Chintamani,13.40051,78.05172,76068,IN
Kalamazoo,42.29171,-85.58723,76041,US
Shouxian,34.84648,116.45884,76030,CN
Brick,40.05928,-74.13708,76021,US
Nagornyy,55.65,37.61667,76000,RU
Kebomas,-7.16667,112.6333,75982,ID
Cinisello Balsamo,45.55823,9.21495,75943,IT
Itapema,-27.09028,-48.61139,75940,BR
Arlington Heights,42.08836,-87.98063,75926,US
San Sebastián de los Reyes,40.55555,-3.62733,75912,ES
Plymouth,45.01052,-93.45551,75907,US
Houmt Souk,33.87576,10.85745,75904,TN
Maymana,35.92139,64.78361,75900,AF
Delmenhorst,53.0511,8.63091,75893,DE
Lintong,34.37803,109.20892,75882,CN
La Libertad,-2.233,-80.91039,75881,EC
South Ozone Park,40.6701,-73.81902,75878,US
Doral,25.81954,-80.35533,75874,US
Ciudad Choluteca,13.30569,-87.17882,75872,HN
Pammal,12.975,80.13472,75870,IN
Karangsembung,-6.8487,108.6422,75856,ID
Buchanan,5.87693,-10.04964,75854,LR
Sindhnūr,15.76983,76.75581,75837,IN
Mashtūl as Sūq,30.36056,31.3776,75837,EG
Sankt Gallen,47.42391,9.37477,75833,CH
Kamensk-Shakhtinsky,48.31779,40.25948,75814,RU
Belovo,54.42119,86.29907,75764,RU
Takefu,35.90393,136.16687,75753,JP
Tarub,-6.93333,109.16667,75739,ID
Waterford,42.69303,-83.41181,75737,US
Madhubani,26.35367,86.07169,75736,IN
Kageleke,37.30096,79.60128,75730,CN
Kotido,2.98056,34.13306,75700,UG
Turbat,26.00122,63.04849,75694,PK
Bodināyakkanūr,10.01171,77.34976,75680,IN
Kanjia,36.37227,119.58208,75669,CN
Yinzhu,35.87861,119.97528,75656,CN
Khadki,18.5635,73.85205,75654,IN
Battersea,51.47475,-0.15547,75651,GB
Sapiranga,-29.63806,-51.00694,75648,BR
Chekhov,55.14552,37.46193,75643,RU
Bihać,44.81694,15.87083,75641,BA
Souk El Arbaa,34.68473,-6.00344,75635,MA
Jamjamāl,35.53356,44.8343,75634,IQ
Battaramulla South,6.8964,79.9181,75633,LK
Warabi,35.82188,139.68545,75614,JP
Ibiúna,-23.65639,-47.2225,75605,BR
Kita,13.03885,-9.48817,75598,ML
Gare,48.83337,2.37513,75580,FR
Kryukiv,49.02894,33.43847,75578,UA
Dhrāngadhra,22.99167,71.46793,75578,IN
Al Karama,25.24004,55.30106,75560,AE
Tezpur,26.63333,92.8,75540,IN
Osijek,45.55066,18.6942,75535,HR
Lapa,-23.52355,-46.70726,75533,BR
Piła,53.15145,16.73782,75532,PL
Nevşehir,38.625,34.71222,75527,TR
Evanston,42.04114,-87.69006,75527,US
Kanaker-Zeytun,40.22,44.53833,75500,AM
Três Corações,-21.69694,-45.25333,75485,BR
Ode,7.7899,5.7117,75463,NG
Miki,34.8,134.98333,75450,JP
Manteca,37.79743,-121.21605,75448,US
Schiedam,51.91917,4.38889,75438,NL
Ra'anana,32.1836,34.87386,75421,IL
Döbling,48.25,16.33333,75418,AT
Saint-Maur-des-Fossés,48.79395,2.49323,75402,FR
Srivilliputhur,9.51272,77.63369,75396,IN
Anhanguera,-23.43088,-46.79295,75360,BR
Bariq,18.92966,41.92953,75351,SA
Ulu Tiram,1.6,103.81667,75350,MY
Chaoyang,42.66223,126.0263,75347,CN
Dawbon,16.51634,95.60285,75325,MM
Benipur,26.05509,86.14557,75317,IN
Kai,35.68463,138.50979,75313,JP
Ekpé,6.39209,2.53725,75313,BJ
East Kilbride,55.76412,-4.17669,75310,GB
Wyoming,42.91336,-85.70531,75275,US
Kruševac,43.58,21.33389,75256,RS
Hongch’ŏn,37.6918,127.8857,75251,KR
Kampong Chhnang,12.25,104.66667,75244,KH
Trujillo Alto,18.35467,-66.00739,75243,PR
Shangmei,27.74278,111.29556,75233,CN
Pāloncha,17.60184,80.70509,75224,IN
Igbo-Ukwu,6.01798,7.02027,75224,NG
Mek’ī,8.15,38.81667,75200,ET
Loveland,40.39776,-105.07498,75182,US
Rundu,-17.91796,19.77314,75180,NA
Cheektowaga,42.90339,-78.75475,75178,US
Hove,50.83088,-0.1672,75174,GB
Fuyu,47.79494,124.45773,75147,CN
Lagoa Santa,-19.63006,-43.9009,75145,BR
Virac,13.5848,124.2374,75135,PH
Kings Bridge,40.87871,-73.90514,75132,US
Pedro Juan Caballero,-22.54925,-55.7387,75109,PY
Bismarck,46.80833,-100.78374,75092,US
Kpalimé,6.9,0.63333,75084,TG
Basyūn,30.93976,30.81338,75084,EG
Cipolletti,-38.93392,-67.99032,75078,AR
Okegawa,36,139.55722,75062,JP
Bayreuth,49.94782,11.57893,75061,DE
Kumanovo,42.13279,21.71585,75051,MK
Telêmaco Borba,-24.32389,-50.61556,75042,BR
Katano,34.79329,135.68596,75033,JP
Barbalha,-7.31111,-39.30417,75033,BR
Gela,37.07381,14.24038,75001,IT
Tekstylnyk,47.94594,37.69848,75000,UA
Katoro,-2.99983,31.93261,75000,TZ
Củ Chi,10.97333,106.49325,75000,VN
Barra do Dande,-8.47175,13.37011,75000,AO
Sukagawa,37.28333,140.38333,74992,JP
Spijkenisse,51.845,4.32917,74988,NL
Encarnación,-27.33176,-55.86662,74983,PY
Aprilia,41.59452,12.65419,74977,IT
Xinying,23.30694,120.31056,74972,TW
Perris,33.78252,-117.22865,74971,US
Haninge,59.16775,18.14478,74968,SE
Cruzeiro,-22.57316,-44.97108,74961,BR
Maozhou,22.76361,113.81288,74910,CN
Jaora,23.63783,75.12711,74907,IN
Bethlehem,40.62593,-75.37046,74892,US
Alvand,36.31885,49.16773,74889,IR
Gävle,60.67452,17.14174,74884,SE
Topi,34.07034,72.62147,74867,PK
Molepolole,-24.40659,25.49508,74861,BW
Tura,25.51421,90.20239,74858,IN
Gūdūr,14.15093,79.8521,74851,IN
Albany,31.57851,-84.15574,74843,US
El Tocuyo,9.78709,-69.79294,74829,VE
Hihyā,30.6713,31.58801,74823,EG
Ouro Preto,-20.39484,-43.50517,74821,BR
Huilong,31.81111,121.655,74818,CN
Yotsuya,35.68972,139.71641,74800,JP
Ubud,-8.5098,115.2654,74800,ID
Keren,15.77792,38.45107,74800,ER
Nam Cheong,22.32799,114.15389,74780,HK
Beidao,34.56861,105.89333,74767,CN
Troisdorf,50.80901,7.14968,74749,DE
Moroni,-11.70216,43.25506,74749,KM
Aylesbury,51.81665,-0.81458,74748,GB
Valdemoro,40.19081,-3.67887,74745,ES
Bhalwal,32.26576,72.89809,74744,PK
Ciudad Real,38.98626,-3.92907,74743,ES
Helmond,51.48167,5.66111,74740,NL
Yanggu,36.11056,115.77528,74725,CN
Kowloon West End,22.32848,114.18514,74710,HK
Alicia,16.77936,121.69734,74699,PH
Schaumburg,42.03336,-88.08341,74693,US
Am Timan,11.0433,20.28342,74691,TD
Évosmos,40.67056,22.90833,74686,GR
Parque Do Carmo,-23.57595,-46.46298,74677,BR
Changnyeong,35.54145,128.49506,74668,KR
Vedado del Cotorro,23.05,-82.25,74650,CU
Gobernador Gálvez,-33.03016,-60.64045,74650,AR
Dipalpur,30.66984,73.65306,74640,PK
Jōyō,34.84396,135.80561,74607,JP
Longgang,29.69744,105.71369,74605,CN
Banská Bystrica,48.73947,19.14932,74590,SK
Asbest,57.00816,61.46344,74583,RU
Narnaul,28.04444,76.10833,74581,IN
Sunāmganj,25.06889,91.40243,74570,BD
Cannes,43.55135,7.01275,74545,FR
Gastonia,35.26208,-81.1873,74543,US
Senhor do Bonfim,-10.46139,-40.18944,74523,BR
Irecê,-11.30417,-41.85583,74507,BR
Hyosha,0.69781,29.51863,74502,CD
Brownsville,40.66094,-73.92014,74497,US
Balotra,25.83242,72.24,74496,IN
Union City,37.59577,-122.01913,74494,US
Bismil,37.84514,40.65931,74493,TR
Aramoko-Ekiti,7.70483,5.04054,74491,NG
Katori-shi,35.89767,140.49943,74469,JP
Kharar,30.74632,76.64689,74460,IN
Shancheng,34.79528,116.08167,74459,CN
Bilecik,40.14192,29.97932,74457,TR
Zhangzhai,34.61667,116.95,74433,CN
Calais,50.95194,1.85635,74433,FR
Izumiōtsu,34.5,135.4,74412,JP
Gießen,50.58727,8.67554,74411,DE
Nanma,36.18478,118.15486,74406,CN
Méagui,5.4119,-6.5603,74365,CI
Iţsā,29.2376,30.78944,74357,EG
Huicheng,29.86925,118.43364,74349,CN
Asti,44.90162,8.20751,74348,IT
Foumbot,5.50803,10.6325,74319,CM
Tatsuno,34.83184,134.54338,74316,JP
Bolingbrook,41.69864,-88.0684,74306,US
Yadgir,16.77007,77.13755,74294,IN
Bosaso,11.28421,49.18158,74287,SO
Rāmhormoz,31.27997,49.60351,74285,IR
Kilifi,-3.63045,39.84992,74270,KE
Harda,22.34414,77.09536,74268,IN
Yuanshang,36.76833,120.34556,74253,CN
Ragusa,36.92574,14.72443,74251,IT
Silao,20.94356,-101.42703,74242,MX
Iowa City,41.66113,-91.53017,74220,US
Pilkhua,28.71271,77.656,74212,IN
Seosan,36.78167,126.45222,74208,KR
Tosu,33.36667,130.51667,74196,JP
Khalándrion,38.02369,23.80068,74192,GR
Vélez-Málaga,36.78107,-4.10266,74190,ES
Canindé,-4.35889,-39.31167,74174,BR
Suixi,33.89067,116.77473,74172,CN
Eusébio,-3.89,-38.45056,74170,BR
Layton,41.06022,-111.97105,74143,US
Xinmin,41.99083,122.82528,74139,CN
Missouri City,29.61857,-95.53772,74139,US
Appleton,44.26193,-88.41538,74139,US
Le Kram,36.83578,10.31641,74132,TN
Igbara-Odo,7.50251,5.06258,74121,NG
Zhangzhuang,34.51944,117.00556,74114,CN
Ambājogāi,18.73312,76.38616,74114,IN
Meshgīn Shahr,38.399,47.682,74109,IR
Al Qā’im,34.39251,40.98945,74100,IQ
Shelby,42.67087,-83.03298,74099,US
Fuentes del Valle,19.6325,-99.13861,74087,MX
Imerintsiatosika,-18.98333,47.31667,74085,MG
Béziers,43.34122,3.21402,74081,FR
Kāpas Herd,28.52614,77.08396,74073,IN
San Ramón de la Nueva Orán,-23.13705,-64.32426,74059,AR
Bafia,4.75,11.23333,74050,CM
Gucheng Chengguanzhen,32.26604,111.63476,74038,CN
Xianshuigu,38.985,117.38278,74028,CN
Zaraza,9.35029,-65.32452,74017,VE
Fort Myers,26.62168,-81.84059,74013,US
Inuyama,35.37995,136.94295,73995,JP
Bela,25.92058,81.99629,73992,IN
Ostrowiec Świętokrzyski,50.92936,21.38525,73989,PL
Boynton Beach,26.52535,-80.06643,73966,US
Bocholt,51.83879,6.61531,73943,DE
Yunyang,33.44743,112.71422,73922,CN
Casoria,40.90751,14.293,73918,IT
Msalātah,32.58345,14.03627,73907,LY
Jonesboro,35.8423,-90.70428,73907,US
Majene,-3.5403,118.9707,73883,ID
Kortrijk,50.82803,3.26487,73879,BE
Grajaú,-5.81944,-46.13861,73872,BR
Youssoufia,32.24634,-8.52941,73848,MA
Sipalay,9.75194,122.40417,73847,PH
Rabkavi,16.47567,75.1106,73835,IN
Gbadolite,4.279,21.00284,73835,CD
Pistoia,43.93064,10.92365,73832,IT
Gandia,38.96667,-0.18333,73829,ES
Chimbas,-31.49313,-68.53263,73829,AR
South Lawndale,41.84364,-87.71255,73826,US
Coari,-4.085,-63.14139,73820,BR
Prilep,41.34558,21.5537,73814,MK
Ozubulu,5.95753,6.85305,73812,NG
Vlaardingen,51.9125,4.34167,73798,NL
Ifrane,33.52666,-5.11019,73782,MA
Kyōtanabe,34.8045,135.76681,73753,JP
Bundaberg,-24.86621,152.3479,73747,AU
Aku,6.70902,7.31826,73742,NG
Huayuan,28.28635,117.20656,73732,CN
Caçador,-26.77528,-51.015,73720,BR
Shibīn al Qanāţir,30.31269,31.32018,73711,EG
Goianésia,-15.3175,-49.1175,73707,BR
Lanxi,29.21588,119.47156,73706,CN
Logan Square,41.92337,-87.69922,73702,US
Oudtshoorn,-33.60047,22.19955,73694,ZA
Drohobych,49.35196,23.51121,73682,UA
Detmold,51.93855,8.87318,73680,DE
Bawāna,28.7982,77.03431,73680,IN
Al Buraymī,24.25088,55.79312,73670,OM
Ad Dir‘īyah,24.75187,46.53874,73668,SA
Kasama,36.38333,140.26667,73664,JP
Genhe,50.78333,121.51667,73631,CN
Gresik,-7.15389,112.65611,73629,ID
Birobidzhan,48.793,132.92033,73623,RU
Oyan,8.05,4.76667,73622,NG
Shāhābād,27.6431,79.9402,73606,IN
Walvis Bay,-22.9575,14.50528,73598,NA
Don Carlos,7.68,125.005,73592,PH
Virudhachalam,11.51497,79.32824,73585,IN
Sewon,-7.87639,110.35889,73585,ID
Luocheng,29.38481,104.02862,73581,CN
Kabanjahe,3.1001,98.4908,73581,ID
Rapid City,44.08054,-103.23101,73569,US
Necochea,-38.5545,-58.73961,73557,AR
Chāndpur,29.13489,78.27187,73555,IN
Cao Bằng,22.66568,106.25786,73549,VN
Târgu Jiu,45.05,23.28333,73545,RO
Pirassununga,-21.99611,-47.42583,73545,BR
Nūrābād,34.0734,47.9725,73528,IR
El Hamma,33.89152,9.79629,73512,TN
Jega,12.22336,4.37971,73495,NG
Warner Robins,32.61574,-83.62664,73490,US
Heguan,36.88998,118.57379,73470,CN
Solok,-0.8006,100.6571,73438,ID
Kāsipālaiyam,11.31984,77.70971,73425,IN
Rochester Hills,42.65837,-83.14993,73424,US
Viana,-20.39028,-40.49611,73423,BR
Chibuto,-24.68667,33.53056,73393,MZ
Canary Wharf,51.50519,-0.02085,73390,GB
Sikandarābād,28.45226,77.70004,73379,IN
Asaba,6.19824,6.73187,73374,NG
Chilca,-12.08628,-75.20827,73371,PE
Pardīs,35.74687,51.81222,73363,IR
Ohafia-Ifigh,5.61455,7.81191,73355,NG
Cloverdale,49.10797,-122.7276,73355,CA
Juegang,32.31737,121.18552,73317,CN
Virudunagar,9.58509,77.95787,73273,IN
Bonao,18.94154,-70.41111,73269,DO
Khlong San,13.73086,100.50903,73263,TH
Yoshikawa,35.89232,139.84184,73262,JP
Belek,36.8631,31.06541,73260,TR
Decatur,39.84031,-88.9548,73254,US
Paysandú,-32.3171,-58.08072,73249,UY
Kadiyivka,48.56818,38.64352,73248,UA
Tatvan,38.49221,42.28269,73222,TR
General Roca,-39.03333,-67.58333,73212,AR
Kawit,14.44426,120.90164,73210,PH
Fada N'gourma,12.06157,0.35843,73200,BF
Peterhof,59.88333,29.9,73199,RU
Shostka,51.86296,33.4698,73197,UA
Pierrefonds-Roxboro,45.5019,-73.8417,73194,CA
Taman Senai,1.6006,103.6419,73176,MY
Dazaifu,33.51278,130.52389,73164,JP
Southfield,42.47337,-83.22187,73156,US
Richard-Toll,16.4625,-15.70083,73147,SN
Pattukkottai,10.42358,79.31949,73135,IN
Siemianowice Śląskie,50.32738,19.02901,73121,PL
Negēlē,5.31667,39.58333,73100,ET
Mayagüez,18.20107,-67.13962,73077,PR
Néa Smýrni,37.94504,23.71416,73076,GR
Castro,-24.78927,-50.01225,73075,BR
Ţāmiyah,29.47639,30.96119,73070,EG
Joypur Hāt,25.10147,89.02734,73068,BD
Ishioka,36.18333,140.26667,73061,JP
Majalengka,-6.83611,108.22778,73052,ID
Pusad,19.91274,77.57838,73046,IN
Berdychiv,49.89421,28.58236,73046,UA
Sihanoukville,10.60932,103.52958,73036,KH
Ratchathewi,13.759,100.53358,73035,TH
Santa Isabel do Pará,-1.29861,-48.16056,73019,BR
Jatibarang,-6.47472,108.31528,73010,ID
Beled Hawo,3.9284,41.87997,73000,SO
Shixing,24.94824,114.06572,72996,CN
Koch'ang,35.43333,126.7,72996,KR
Rubí,41.49226,2.03305,72987,ES
Zlín,49.22645,17.67065,72973,CZ
Dongdu,35.85,117.7,72957,CN
Balanga,14.67611,120.53611,72954,PH
Msaken,35.72917,10.58082,72953,TN
San Juan de la Maguana,18.8064,-71.22626,72950,DO
Oyem,1.5995,11.57933,72939,GA
Russas,-4.94028,-37.97583,72928,BR
Rābigh,22.79856,39.03493,72928,SA
Lappeenranta,61.05871,28.18871,72909,FI
Ostrów Wielkopolski,51.65501,17.80686,72898,PL
Saint George,37.10415,-113.58412,72897,US
Padre Las Casas,-38.76081,-72.5982,72892,CL
Rosh Ha‘Ayin,32.09556,34.95664,72881,IL
Pano Aqil,27.85619,69.11111,72881,PK
Caserta,41.07262,14.33231,72844,IT
Yanjia,29.82758,106.99734,72825,CN
Dachnoye,59.84167,30.25583,72822,RU
Bethal,-26.45794,29.46553,72821,ZA
Krathum Baen,13.6533,100.25972,72819,TH
Nanyuki,0.00624,37.07398,72813,KE
New Britain,41.66121,-72.77954,72808,US
Tindivanam,12.234,79.65551,72796,IN
Dongkan,33.99972,119.83083,72789,CN
Chopda,21.24578,75.29946,72783,IN
Minusinsk,53.70117,91.70797,72781,RU
Paine,-33.80796,-70.74109,72759,CL
Almelo,52.35667,6.6625,72725,NL
Thaba Nchu,-29.20932,26.83898,72721,ZA
Cascavel,-4.13306,-38.24194,72720,BR
Selva Alegre,-16.37057,-71.52724,72696,PE
Barra do Garças,-15.89,-52.25667,72694,BR
Hương Trà,16.52539,107.4755,72677,VN
Amparo,-22.70111,-46.76444,72677,BR
Kotri,25.36566,68.30831,72672,PK
Dingcheng,32.12722,115.03944,72663,CN
Georgiyevsk,44.1494,43.47019,72649,RU
Daytona Beach,29.21081,-81.02283,72647,US
Yelabuga,55.76232,52.04425,72643,RU
Franklin,35.92506,-86.86889,72639,US
Naro-Fominsk,55.38752,36.73307,72632,RU
Port Area,14.58945,120.96698,72605,PH
Sitrah,26.15472,50.62056,72601,BH
Wusu,44.43105,84.67623,72587,CN
Rio do Sul,-27.21417,-49.64306,72587,BR
Gaspar,-26.93139,-48.95889,72570,BR
Nutana Sector,52.09998,-106.63709,72564,CA
Talā,30.6798,30.94364,72536,EG
Lanxi,46.25773,126.28065,72528,CN
Guamúchil,25.4587,-108.07732,72500,MX
Tailândia,-2.94722,-48.95306,72493,BR
Miyang,24.40417,103.44278,72485,CN
Ferkessédougou,9.5928,-5.19449,72476,CI
Taliparamba,12.04161,75.35927,72465,IN
Steglitz,52.45606,13.332,72464,DE
Hekinan,34.88333,136.98333,72458,JP
Jiangzhuang,36.49444,119.79417,72453,CN
Beichengqu,40.43944,113.15361,72444,CN
Gongju,36.45556,127.12472,72435,KR
Harunabad,29.61206,73.13802,72432,PK
Alegrete,-29.78306,-55.79194,72409,BR
Arua,3.02013,30.91105,72400,UG
Candeias,-12.66778,-38.55056,72382,BR
Socopó,8.23062,-70.82198,72352,VE
Sangāreddi,17.62477,78.08669,72344,IN
Shumen,43.27064,26.92286,72342,BG
Venado Tuerto,-33.74585,-61.96711,72340,AR
Pālghar,19.69693,72.76543,72335,IN
Maroúsi,38.05,23.8,72333,GR
Kalima,-5.4854,28.21601,72327,CD
Bangkok Yai,13.72319,100.476,72321,TH
Xinzhi,36.49889,111.70472,72303,CN
Turlock,37.49466,-120.84659,72292,US
Finlyandskiy,59.96824,30.36415,72292,RU
Dharapuram,10.73828,77.53223,72291,IN
Tabatinga,-4.23116,-69.93858,72283,BR
Temple,31.09823,-97.34278,72277,US
Abancay,-13.63426,-72.8838,72277,PE
Licheng,31.42813,119.48353,72276,CN
Sobradinho,-15.64713,-47.79315,72273,BR
Adelaide Hills,-34.91119,138.70735,72260,AU
Guanajuato,21.01858,-101.2591,72237,MX
Suva Reka,42.35861,20.825,72229,XK
West Ridge,41.99975,-87.69284,72211,US
K’olīto,7.31667,38.08333,72200,ET
Chiryū,35,137.03333,72193,JP
Ash Shafā,21.07268,40.31842,72190,SA
Apple Valley,34.50083,-117.18588,72174,US
Sagay,10.94472,123.42417,72153,PH
Santo Antônio do Descoberto,-15.93972,-48.255,72127,BR
Sarnia,42.97866,-82.40407,72125,CA
Mysłowice,50.20745,19.16668,72124,PL
Kyosai,34.85028,128.58861,72124,KR
Payyanur,12.0935,75.20249,72111,IN
Ōtawara,36.86667,140.03333,72087,JP
Casa Nova,-9.17419,-40.97514,72086,BR
Nizwá,22.93333,57.53333,72076,OM
Zhoucheng,35.91222,116.31167,72070,CN
Sault Ste. Marie,46.51677,-84.33325,72051,CA
Itapira,-22.43611,-46.82167,72022,BR
Thị Trấn Mạo Khê,21.05858,106.59255,72012,VN
Mariano Roque Alonso,-25.20791,-57.53202,72008,PY
Purley,51.33678,-0.11201,72000,GB
Larnaca,34.9221,33.62794,72000,CY
Bromma,59.34,17.94,72000,SE
Bandar Saujana Utama,3.20663,101.47729,72000,MY
Al Līth,20.14804,40.27224,72000,SA
Lynwood,33.93029,-118.21146,71989,US
La Paz,15.44125,120.72863,71978,PH
Waukesha,43.01168,-88.23148,71970,US
Le Bardo,36.81058,10.13481,71961,TN
Gouda,52.01667,4.70833,71952,NL
Sheopur,25.66472,76.69616,71951,IN
Channapatna,12.65143,77.20672,71942,IN
Bothaville,-27.3887,26.61701,71934,ZA
Araranguá,-28.93575,-49.49538,71922,BR
Goianira,-16.49611,-49.42639,71916,BR
Antalaha,-14.90033,50.27876,71898,MG
Caidian,30.58333,114.03333,71891,CN
Busia,0.46005,34.11169,71886,KE
Canton,40.79895,-81.37845,71885,US
Koyilandy,11.4381,75.69306,71873,IN
Guildford,51.23536,-0.57427,71873,GB
Mbouda,5.62611,10.25421,71867,CM
Afikpo,5.89258,7.93534,71866,NG
Santa Lucía,27.91174,-15.54071,71863,ES
Gulfport,30.36742,-89.09282,71856,US
Panzos,15.39862,-89.64147,71846,GT
Sunzha,43.32059,45.04903,71841,RU
Amatitlán,14.4774,-90.63489,71836,GT
Jaboticabal,-21.25472,-48.32222,71821,BR
Saint John,45.27076,-66.05616,71808,CA
São Sebastião do Paraíso,-20.91694,-46.99139,71796,BR
Farīdpur,28.20997,79.54149,71783,IN
Yüksekova,37.57362,44.28716,71729,TR
Birkhadem,36.71499,3.05002,71722,DZ
Zaandam,52.43854,4.82643,71708,NL
Shakhtarsk,48.05657,38.43826,71700,UA
Nyvky,50.46461,30.40593,71700,UA
Borås,57.72101,12.9401,71700,SE
Mānikganj,23.85768,90.00957,71698,BD
Esbjerg,55.47028,8.45187,71698,DK
Bouar,5.93404,15.59599,71680,CF
Rolândia,-23.30972,-51.36917,71670,BR
Migori,-1.06343,34.47313,71668,KE
Barauni,25.4709,85.976,71660,IN
Yawata,34.87009,135.7027,71656,JP
Apomu,7.35156,4.18335,71656,NG
Minami-Alps,35.616,138.46344,71618,JP
Xiuyan,40.29278,123.27444,71614,CN
Dārayyā,33.45835,36.23256,71596,SY
Delgado,13.72171,-89.16874,71594,SV
Pawtucket,41.87871,-71.38256,71591,US
Chernogorsk,53.82878,91.30953,71582,RU
Lauderhill,26.14036,-80.21338,71579,US
Simele,36.85833,42.8501,71557,IQ
Peckham,51.47403,-0.06969,71552,GB
Indaial,-26.89778,-49.23167,71549,BR
Rock Hill,34.92487,-81.02508,71548,US
Khanabad,36.68304,69.11279,71531,AF
Sragen,-7.42639,111.02222,71522,ID
Luohuang,29.34662,106.43514,71515,CN
Madīnat as Sādāt,30.36742,30.50871,71501,EG
Tākestān,36.07057,49.69571,71499,IR
Dias d'Ávila,-12.6125,-38.29694,71485,BR
Fuengirola,36.53998,-4.62473,71482,ES
Solana,17.6528,121.691,71475,PH
Shangsi,22.15627,107.97953,71468,CN
Valença,-22.24556,-43.70028,71462,BR
Fiditi,7.71393,3.91665,71461,NG
Silver Spring,38.99067,-77.02609,71452,US
Barnsley,53.55,-1.48333,71447,GB
Qarasu,44.20276,80.41639,71446,CN
Tokmok,42.84194,75.30149,71443,KG
Norderstedt,53.70177,9.99328,71439,DE
Yumbo,3.58234,-76.49146,71436,CO
Borongan,11.60806,125.43194,71431,PH
Yukuhashi,33.72873,130.983,71426,JP
Medenine,33.35495,10.50548,71406,TN
Triyuga,26.7919,86.699,71405,NP
Shahrixon,40.71331,72.05706,71400,UZ
Campo Formoso,-10.5075,-40.32139,71377,BR
Upington,-28.44776,21.25612,71373,ZA
Oroquieta,8.4859,123.8048,71373,PH
Trujillo,9.36587,-70.43659,71362,VE
Don Torcuato,-34.49459,-58.62729,71356,AR
Zelenogorsk,56.10921,94.58698,71354,RU
West Gulfport,30.40409,-89.0942,71329,US
Lowestoft,52.47523,1.75167,71327,GB
Krishnagiri,12.51921,78.21382,71323,IN
Parys,-26.9033,27.45727,71319,ZA
Agios Dimitrios,37.93333,23.73333,71294,GR
Sopur,34.28671,74.47228,71292,IN
Yalova,40.65501,29.27693,71289,TR
Winneba,5.35113,-0.62313,71288,GH
Dunkerque,51.0344,2.37681,71287,FR
Szolnok,47.18066,20.19835,71285,HU
Changtu,42.77884,124.09545,71284,CN
Ban Ko Sire,7.88747,98.42575,71284,TH
Växjö,56.87767,14.80906,71282,SE
Huashan,34.63,116.73583,71281,CN
Ilidža,43.83148,18.30697,71277,BA
Lüneburg,53.25122,10.41548,71260,DE
Tôlanaro,-25.03249,46.98329,71258,MG
El Pueblito,20.54006,-100.44093,71254,MX
Flower Mound,33.01457,-97.09696,71253,US
Stargard,53.33672,15.0499,71224,PL
Cremona,45.13325,10.02129,71223,IT
Rāyagada,19.17132,83.41428,71208,IN
Serendah,3.3646,101.6041,71202,MY
Anlu,31.2575,113.67833,71198,CN
Guasave,25.56792,-108.46949,71196,MX
Fernandópolis,-20.28389,-50.24639,71186,BR
Yilan,46.3223,129.56081,71180,CN
Zahirābād,17.68138,77.60743,71166,IN
Sur,22.56667,59.52889,71152,OM
Linjiang,31.09956,108.21964,71149,CN
Carpi,44.78237,10.8777,71148,IT
Khopoli,18.78562,73.34589,71141,IN
San Francisco del Rincón,21.01843,-101.85515,71139,MX
Centreville,38.84039,-77.42888,71135,US
Grazhdanka,60.017,30.417,71128,RU
Ratangarh,28.08137,74.61854,71124,IN
Lafayette,40.4167,-86.87529,71111,US
Moanda,-1.56652,13.1987,71099,GA
Thākurgaon,26.03097,88.46989,71096,BD
Mārkāpur,15.73534,79.26848,71092,IN
Passaic,40.85677,-74.12848,71085,US
Billstedt,53.55,10.13333,71077,DE
Guiping,23.39483,110.07434,71066,CN
Gemlik,40.43094,29.15969,71063,TR
Campo Belo,-23.62808,-46.66791,71058,BR
Tenri,34.58333,135.83333,71052,JP
Riverview,27.86614,-82.32648,71050,US
Kalamassery,10.0614,76.32631,71038,IN
Sougueur,35.18568,1.49612,71036,DZ
Redlands,34.05557,-117.18254,71035,US
Orita-Eruwa,7.55632,3.44107,71027,NG
Zográfos,37.97574,23.76911,71026,GR
Missoula,46.87215,-113.994,71022,US
Rancho Cordova,38.58907,-121.30273,71017,US
Farshūţ,26.05501,32.16274,71013,EG
Celle,52.62264,10.08047,71010,DE
Prymorskyi,47.07098,37.49973,71008,UA
Bolpur,23.66278,87.69695,70998,IN
Panjim,15.49574,73.82624,70991,IN
Rānāghāt,23.17623,88.56667,70984,IN
Pacajus,-4.1725,-38.46056,70983,BR
Horizonte,-4.09802,-38.486,70983,BR
Tanabe,33.73333,135.36667,70972,JP
Doba,8.66389,16.85324,70942,TD
Hongwŏn,40.02528,127.95583,70923,KP
Aubervilliers,48.91667,2.38333,70914,FR
Wilmington,39.74595,-75.54659,70898,US
Al Ghanāyim,26.87524,31.32963,70884,EG
Kuandian,40.72861,124.78472,70867,CN
Gwadar,25.12163,62.32541,70852,PK
Musashimurayama,35.74242,139.42635,70829,JP
Shenzhen City Centre,22.53589,114.0771,70826,CN
Vila Nova de Gaia,41.12401,-8.61241,70811,PT
Aïn Temouchent,35.29749,-1.14037,70810,DZ
Uwajima,33.22375,132.56001,70809,JP
Ejura,7.38558,-1.35617,70807,GH
Mīnāb,27.13104,57.08716,70790,IR
Poyang,28.99242,116.66754,70787,CN
Yongfeng,27.45493,112.16943,70783,CN
Lahraouyine,33.54138,-7.52848,70783,MA
Kopeysk,55.11686,61.61807,70780,RU
Eha Amufu,6.65915,7.75961,70779,NG
Södertälje,59.19554,17.62525,70777,SE
Fatehābād,29.51525,75.45554,70777,IN
Bāpatla,15.90422,80.46743,70777,IN
Gongchangling,41.11667,123.45,70761,CN
Beypore,11.17151,75.80611,70751,IN
Bir el Ater,34.74488,8.06024,70749,DZ
Jimo,36.38972,120.46222,70733,CN
Malumfashi,11.78935,7.62061,70709,NG
Cổ Đô,21.27964,105.36404,70706,VN
Janaúba,-15.8025,-43.30889,70699,BR
Koppal,15.34522,76.15478,70698,IN
Buenavista,8.97694,125.40889,70691,PH
Al Qanāyāt,30.61927,31.46165,70687,EG
Pala,9.3646,14.90725,70677,TD
Tongyeong,34.84957,128.42779,70641,KR
Badvel,14.7451,79.06288,70626,IN
Antanifotsy,-19.65,47.31667,70626,MG
Dialakorodji,12.70354,-7.96463,70619,ML
Sherwood Park,53.51684,-113.3187,70618,CA
Dādri,28.55257,77.55403,70609,IN
Kurortnyy,60.16562,29.908,70589,RU
Chingford,51.63033,0.00051,70583,GB
Dinslaken,51.56227,6.7434,70573,DE
Samar,48.62893,35.2589,70550,UA
Thenkasi,8.96003,77.31525,70545,IN
New Braunfels,29.703,-98.12445,70543,US
Pabianice,51.66446,19.35473,70542,PL
Altamura,40.82664,16.54952,70539,IT
Suratgarh,29.3215,73.89979,70536,IN
Berekum,7.4534,-2.58404,70536,GH
Santa María Chimalhuacán,19.42155,-98.95038,70519,MX
Mariano,8.83333,125.11667,70516,PH
Brumado,-14.20361,-41.66528,70510,BR
Auraiya,26.46517,79.50918,70508,IN
Lamezia Terme,38.96255,16.30938,70501,IT
Vol’sk,52.04172,47.38267,70500,RU
Nungua,5.60105,-0.07713,70483,GH
Bailundo,-9.57499,15.99442,70481,AO
Halmstad,56.67446,12.85676,70480,SE
Cherry Hill,39.93484,-75.03073,70475,US
Mykytivskyi,48.31421,38.00378,70474,UA
Baiquan,47.60659,126.08231,70472,CN
Beloretsk,53.96206,58.39996,70468,RU
Palani,10.45034,77.5209,70467,IN
Benidorm,38.53816,-0.13098,70450,ES
Contramaestre,20.29879,-76.24511,70438,CU
Nabeul,36.45606,10.73763,70437,TN
Pattoki,31.02021,73.85333,70436,PK
Ishimbay,53.44769,56.03873,70421,RU
Alamata,12.416,39.55971,70400,ET
Capanema,-1.19583,-47.18083,70394,BR
Pagar Alam,-4.02506,103.24694,70386,ID
Grande Prairie,55.16667,-118.80271,70385,CA
Linares,24.85798,-99.56768,70378,MX
Bayramaly,37.61852,62.16715,70376,TM
Jiangyan,32.50611,120.14278,70375,CN
Maidenhead,51.52279,-0.71986,70374,GB
Shiguai,40.70583,110.28556,70357,CN
Faro,37.01869,-7.92716,70347,PT
Maebaru-chūō,33.55916,130.20148,70339,JP
Eniwa,42.89357,141.576,70331,JP
Flagstaff,35.19807,-111.65127,70320,US
Rittō,35.02745,135.99971,70312,JP
Chivacoa,10.15951,-68.89453,70298,VE
Farroupilha,-29.225,-51.34778,70286,BR
Anan,33.91667,134.65,70285,JP
Martil,35.61662,-5.27522,70274,MA
Danao,10.52083,124.02722,70270,PH
Gniezno,52.53481,17.58259,70269,PL
Alphen aan den Rijn,52.12917,4.65546,70251,NL
Kadirli,37.37389,36.09611,70248,TR
Goya,-29.13995,-59.26343,70245,AR
Châu Đốc,10.7,105.11667,70239,VN
Phaya Thai,13.78005,100.54275,70238,TH
Şirvan,39.93778,48.929,70220,AZ
Schweizer-Reneke,-27.18871,25.32931,70214,ZA
Adler,43.42896,39.92391,70200,RU
Dimbokro,6.64678,-4.70519,70198,CI
Confederation,52.13912,-106.70356,70192,CA
Fuyang,30.05333,119.95194,70183,CN
Faranah,10.04036,-10.74343,70181,GN
Haining,30.53629,120.68638,70171,CN
Doğubayazıt,39.54694,44.08417,70171,TR
Alcalá de Guadaira,37.33791,-5.83951,70155,ES
Shankou,21.6,109.71667,70153,CN
Chapayevsk,52.9771,49.7086,70147,RU
Stafford,52.80521,-2.11636,70145,GB
Mauban,14.191,121.7309,70135,PH
Tsurugashima,35.95996,139.40283,70117,JP
Nallūr,11.1003,77.39136,70115,IN
Taungdwingyi,20.0065,95.54531,70094,MM
Inaruwa,26.60675,87.1478,70093,NP
Indang,14.19528,120.87694,70092,PH
Muncie,40.19338,-85.38636,70087,US
Mineiros,-17.56944,-52.55111,70081,BR
Pan’an,34.75472,105.11167,70072,CN
Bamberg,49.89873,10.90067,70047,DE
Khāliş,33.80809,44.53343,70046,IQ
Ayvalık,39.31927,26.69341,70002,TR
Woodland Hills,34.16834,-118.60592,70000,US
Vikindu,-7.00667,39.29849,70000,TZ
Uxbridge,51.5489,-0.48211,70000,GB
Rabwah,31.75511,72.91403,70000,PK
Mira Mesa,32.9156,-117.14392,70000,US
Linh Đàm,20.96441,105.83054,70000,VN
Fordon,53.14821,18.17036,70000,PL
Dainava (Kaunas),54.91525,23.96831,70000,LT
Baikonur,45.61667,63.31667,70000,KZ
Raha,-4.838,122.7209,69980,ID
Duyên Hải,9.63497,106.49237,69961,VN
Weston,26.10037,-80.39977,69959,US
Imola,44.35916,11.7132,69953,IT
Aigáleo,37.98333,23.68333,69946,GR
Izmayil,45.35058,28.83751,69932,UA
Mengcheng Chengguanzhen,33.26611,116.56605,69916,CN
San Joaquín,10.26061,-67.79348,69894,VE
Abhar,36.1468,49.218,69889,IR
Xinhe,36.925,119.59306,69884,CN
Moquegua,-17.19747,-70.93587,69882,PE
Shima,28.98773,105.92441,69881,CN
Güira de Melena,22.79613,-82.50667,69879,CU
Chamrajnagar,11.92312,76.93949,69875,IN
Mertoyudan,-7.52,110.22639,69871,ID
Votuporanga,-20.42278,-49.97278,69863,BR
Consolación del Sur,22.50419,-83.51442,69857,CU
Mīthepur,28.4974,77.31856,69837,IN
Vaasa,63.096,21.61577,69819,FI
Segamat,2.5148,102.8158,69816,MY
Rājbirāj,26.53968,86.74796,69803,NP
Ciro,7.83333,38.23333,69800,ET
Mérignac,44.84247,-0.64512,69791,FR
Bondowoso,-7.91346,113.82145,69783,ID
Satpayev,47.90409,67.54112,69782,KZ
Santa Cruz de Mara,10.79269,-71.68505,69781,VE
Māngrol,21.12268,70.11484,69779,IN
Kahror Pakka,29.6243,71.91437,69743,PK
Dehdasht,30.79337,50.56508,69726,IR
Kaura Namoda,12.59371,6.58648,69725,NG
Basavakalyan,17.87445,76.94972,69717,IN
Planeta Rica,8.4115,-75.58508,69708,CO
Āsosa,10.06667,34.53333,69700,ET
Las Piedras,-34.7302,-56.21915,69682,UY
Kladno,50.14734,14.10285,69664,CZ
Pul Pehlad,28.49938,77.29104,69657,IN
Chālūs,36.655,51.4204,69638,IR
Tacarigua,10.08621,-67.91982,69636,VE
Bairro Parque Nossa Senhora do Carmo,-23.40598,-46.31611,69630,BR
Khāsh,28.22107,61.21582,69603,IR
Fengping,24.39735,98.5177,69586,CN
Brossard,45.45008,-73.46583,69575,CA
Chāībāsa,22.55038,85.80249,69565,IN
Dougnane,14.95856,-16.86999,69556,SN
Tournai,50.60715,3.38932,69554,BE
Yokota,35.75,139.38333,69550,JP
Linares,-35.84667,-71.59308,69535,CL
Rhondda,51.65896,-3.44885,69506,GB
Karonga,-9.93333,33.93333,69486,MW
Frederick,39.41427,-77.41054,69479,US
Fuefuki,35.63526,138.63853,69463,JP
Frontera,26.92814,-101.45212,69462,MX
Minamiarupusu,35.60855,138.46473,69459,JP
Villa Carlos Paz,-31.4183,-64.49008,69451,AR
Pasco,46.23958,-119.10057,69451,US
Mobārakeh,32.34612,51.50205,69449,IR
Thanlyin,16.76887,96.24503,69448,MM
Dobrich,43.56491,27.83138,69434,BG
Chengxian Chengguanzhen,33.74775,105.73294,69427,CN
Pittsburg,38.02798,-121.88468,69424,US
Luquembo,-10.73912,17.71766,69420,AO
Núi Thành,15.43194,108.65946,69406,VN
Sayyān,15.17177,44.32442,69404,YE
Tripunittura,9.94283,76.33331,69390,IN
Alenquer,-1.94167,-54.73833,69377,BR
Bongabon,15.6321,121.1448,69376,PH
Gujar Khan,33.25411,73.30433,69374,PK
Kungsholmen,59.33183,18.04118,69363,SE
Xininglu,44.33957,84.90425,69361,CN
Kot Malik Barkhurdar,30.20379,66.98723,69359,PK
Chuhar Kana,31.75,73.8,69321,PK
Ridgewood,40.7001,-73.90569,69317,US
Palatine,42.1103,-88.03424,69308,US
Kampung Baru Balakong,3.02938,101.74714,69302,MY
Toyoake,35.038,136.99931,69295,JP
Bitola,41.03226,21.33553,69287,MK
Ambovombe,-25.17838,46.08722,69265,MG
Shājāpur,23.42637,76.27775,69263,IN
Anseong,37.01083,127.27028,69255,KR
Xuantan,29.20856,105.56974,69250,CN
Jiehu,35.54278,118.455,69245,CN
Bargny,14.69707,-17.23015,69242,SN
Ōdate,40.27178,140.55756,69237,JP
Verdun,45.46005,-73.57058,69229,CA
Suwałki,54.11175,22.93087,69222,PL
Mettupalayam,11.29971,76.93485,69213,IN
North Richland Hills,32.8343,-97.2289,69204,US
San Leonardo,15.363,120.9639,69180,PH
Valdefuentes,40.49367,-3.6359,69176,ES
Union City,40.77955,-74.02375,69156,US
Kissimmee,28.30468,-81.41667,69152,US
Linjiang,41.80694,126.90778,69149,CN
Hunedoara,45.75,22.9,69136,RO
Las Cumbres,9.09211,-79.53895,69102,PA
San Carlo All'Arena,40.86511,14.26291,69094,IT
Khlong Kum,13.78843,100.68033,69071,TH
Sunām,30.12883,75.79943,69069,IN
Tantou,26.03033,119.59739,69050,CN
Bhawānipatna,19.90717,83.16697,69045,IN
Sōja,34.67534,133.75091,69030,JP
Mindelo,16.89014,-24.98042,69013,CV
Ostend,51.21551,2.927,69011,BE
Nganjuk,-7.6051,111.9035,69011,ID
Sint-Niklaas,51.16509,4.1437,69010,BE
Chicoutimi,48.41963,-71.06369,69004,CA
Calauag,13.9575,122.288,68999,PH
Xiaoshi,41.29711,124.12092,68994,CN
Ziauddin Pur,28.70873,77.27654,68993,IN
Boconó,9.25385,-70.25105,68990,VE
Magalang,15.2151,120.6596,68988,PH
Jamkhandi,16.50461,75.29146,68938,IN
Bogale,16.29415,95.39742,68938,MM
Güines,22.83727,-82.02641,68935,CU
Walnut Creek,37.90631,-122.06496,68910,US
Royal Tunbridge Wells,51.13321,0.26256,68910,GB
Ad Dilinjāt,30.82796,30.53552,68901,EG
Koson,39.0375,65.585,68900,UZ
Darnytskyi Masyv,50.44311,30.62759,68900,UA
Cantaura,9.30571,-64.35841,68885,VE
Granada,3.54625,-73.70687,68876,CO
Inongo,-1.9275,18.2881,68852,CD
Hoorn,52.6425,5.05972,68852,NL
Libon,13.2997,123.4386,68846,PH
Basmat,19.32872,77.15746,68846,IN
Assen,52.99667,6.5625,68836,NL
Chulucanas,-5.0925,-80.1625,68835,PE
Tuymazy,54.60638,53.71179,68829,RU
Taj Pul,28.49482,77.30587,68796,IN
Enugu-Ukwu,6.17146,7.00525,68785,NG
Cordova,35.15565,-89.7762,68779,US
Moriya,35.93333,140,68777,JP
Itō,34.96667,139.08333,68773,JP
Yachimata,35.65,140.31667,68769,JP
Venâncio Aires,-29.60639,-52.19194,68763,BR
Ponferrada,42.54664,-6.59619,68736,ES
Jinjiang,19.72878,110.00851,68720,CN
Lupon,6.89814,126.00961,68717,PH
Gion,34.43333,132.46667,68713,JP
Idah,7.11345,6.73866,68703,NG
Yunmen,30.08274,106.32376,68698,CN
Lys’va,58.10737,57.81063,68660,RU
Knysna,-34.03627,23.04713,68659,ZA
Wushan,34.72083,104.88583,68643,CN
Kayamkulam,9.18173,76.50093,68634,IN
Mount Vernon,40.9126,-73.83708,68628,US
Dharmapuri,12.1277,78.15794,68619,IN
Heishan,41.68917,122.11278,68603,CN
Conroe,30.31188,-95.45605,68602,US
Borisoglebsk,51.36892,42.09804,68597,RU
Obonoma,4.71131,6.79084,68584,NG
Dothan,31.22323,-85.39049,68567,US
Sosnovyy Bor,59.8996,29.08574,68563,RU
Feodosiya,45.03199,35.38153,68562,UA
Porto Nacional,-10.70806,-48.41722,68555,BR
Aschaffenburg,49.97704,9.15214,68551,DE
Bouïra,36.37489,3.902,68545,DZ
Chinchiná,4.9825,-75.60361,68512,CO
Budapest XVI. kerület,47.51482,19.17028,68484,HU
Tsuruga,35.653,136.06331,68482,JP
Hämeenlinna,60.99596,24.46434,68473,FI
Northridge,34.22834,-118.53675,68469,US
Waterloo,42.49276,-92.34296,68460,US
Tanauan,14.08627,121.14975,68456,PH
Pengcheng,36.43111,114.17,68442,CN
Wenjiang,28.38812,104.56339,68433,CN
Al Balyanā,26.23648,32.00387,68413,EG
Rivas-Vaciamadrid,40.32605,-3.51089,68405,ES
Sheki,41.19194,47.17056,68400,AZ
Nakivale Refugee Camp,-0.74064,30.99632,68400,UG
Maple Grove,45.07246,-93.45579,68385,US
Baranoa,10.79408,-74.9164,68383,CO
Shima,24.44647,117.81216,68375,CN
Aparri,18.3566,121.6406,68368,PH
Bīsalpur,28.29253,79.80472,68355,IN
Peruíbe,-24.32,-46.99833,68352,BR
Mingguang,32.78017,117.96378,68351,CN
Ninghai,29.28917,121.42472,68330,CN
Framingham,42.27926,-71.41617,68318,US
San Isidro,-12.09655,-77.04258,68309,PE
Sabae,35.94647,136.18498,68302,JP
Oriximiná,-1.76556,-55.86611,68294,BR
Al Faḩāḩīl,29.0825,48.13028,68290,KW
Saldanha,-33.01167,17.9442,68284,ZA
Adrar,27.87429,-0.29388,68276,DZ
Issia,6.49224,-6.58558,68263,CI
Dolgoprudnyy,55.94958,37.50183,68259,RU
Formiga,-20.46444,-45.42639,68248,BR
Söke,37.7482,27.40614,68230,TR
Altagracia de Orituco,9.86005,-66.38139,68207,VE
Nghĩa Lộ,21.6,104.51667,68206,VN
Attili,16.7,81.6,68196,IN
Wimbledon,51.42212,-0.20805,68187,GB
Ina,35.82756,137.95378,68177,JP
Redondo Beach,33.84918,-118.38841,68166,US
Corby,52.49637,-0.68939,68164,GB
Aïn Harrouda,33.63737,-7.44971,68161,MA
Notre-Dame-de-Grâce,45.47675,-73.61432,68152,CA
Langarūd,37.19548,50.15263,68148,IR
Guiglo,6.54368,-7.4935,68113,CI
Cadereyta Jiménez,25.58896,-100.00156,68111,MX
Majadahonda,40.47353,-3.87182,68110,ES
Bossier City,32.51599,-93.73212,68094,US
Cumbum,9.73647,77.2847,68090,IN
Morón,10.48715,-68.20078,68084,VE
Neubrandenburg,53.55735,13.26105,68082,DE
Artemisa,22.81366,-82.75814,68073,CU
Valle de Santiago,20.3914,-101.19222,68058,MX
Stamford Hill,51.56872,-0.07334,68050,GB
Sanlúcar de Barrameda,36.77808,-6.3515,68037,ES
Bir el Djir,35.72,-0.545,68032,DZ
Bungoma,0.5635,34.56055,68031,KE
Macenta,8.54351,-9.47099,68020,GN
Munnar,10.08818,77.06239,68000,IN
Dorogomilovo,55.75,37.56667,68000,RU
Balanbale,5.76897,45.76297,68000,SO
Panipat Taraf Makhdum Zadgan,29.41607,76.98831,67998,IN
Cadereyta,25.58333,-99.98333,67994,MX
Bourges,47.08333,2.4,67987,FR
Yorba Linda,33.88863,-117.81311,67973,US
Nābha,30.37577,76.15292,67972,IN
Ardeşen,41.19064,40.97935,67965,TR
Chaihe,44.7598,129.67826,67963,CN
Budyonnovsk,44.78389,44.16583,67962,RU
Bihāt,25.42534,86.02083,67952,IN
Minggang,32.45861,114.04861,67945,CN
Tangzhai,34.43278,116.59111,67936,CN
Xunyang,32.82389,109.36528,67929,CN
Barberton,-25.78842,31.05319,67927,ZA
Samāstipur,25.86222,85.77953,67925,IN
Calbayog City,12.0668,124.5962,67921,PH
Belogorsk,50.91239,128.51238,67911,RU
Hashima,35.329,136.68051,67909,JP
Kāranja,20.48273,77.48857,67907,IN
Stróvolos,35.14867,33.33384,67904,CY
Campiña,38.21896,-2.98069,67904,ES
Yanghe,38.27852,106.24776,67901,CN
Gode,5.95056,43.55186,67900,ET
Concepción del Uruguay,-32.48463,-58.23217,67895,AR
San Mateo Atenco,19.26757,-99.53214,67890,MX
Angat,14.9285,121.03,67862,PH
Woodbury,44.92386,-92.95938,67855,US
San Fernando,-8.39818,-74.53774,67844,PE
Conceição do Coité,-11.56389,-39.28278,67825,BR
Dongfeng,42.67387,125.52885,67820,CN
Roman,46.92119,26.92646,67819,RO
Sītāmarhi,26.59357,85.4906,67818,IN
Bârlad,46.23175,27.66907,67818,RO
Blagoevgrad,42.01457,23.09804,67810,BG
Deva,45.88333,22.9,67802,RO
Xo‘jayli Shahri,42.40881,59.44544,67800,UZ
Kamuli,0.94722,33.11972,67800,UG
Rājsamand,25.07145,73.8798,67798,IN
Huamak,13.7578,100.64737,67798,TH
Kaga,36.3,136.33333,67793,JP
Tamano,34.51745,133.94574,67786,JP
Quillota,-32.88341,-71.24882,67779,CL
Eau Claire,44.81135,-91.49849,67778,US
Jiang’an,28.73335,105.0683,67776,CN
Saraburi,14.53333,100.91667,67763,TH
Ishim,56.11254,69.48722,67762,RU
Zhenlai,45.84963,123.19791,67760,CN
Velsen-Zuid,52.46,4.65,67758,NL
Waldorf,38.62456,-76.93914,67752,US
Dessau,51.83864,12.24555,67747,DE
Malkāpur,20.88555,76.19932,67740,IN
La Carlota,10.4242,122.9212,67740,PH
Santo Domingo Tehuantepec,16.32463,-95.24104,67739,MX
Shuangfengqiao,29.71859,106.62712,67717,CN
Forest Hills,40.71621,-73.85014,67714,US
Apac,1.97556,32.53861,67700,UG
Dāmghān,36.1679,54.34292,67694,IR
Mococa,-21.46778,-47.00472,67681,BR
Hwadae,40.83806,129.49694,67677,KP
Songjianghe,42.1859,127.47895,67672,CN
Ede,52.03333,5.65833,67670,NL
Davis,38.54491,-121.74052,67666,US
Subic,14.8787,120.23194,67664,PH
Şırnak,37.51393,42.45432,67662,TR
Tsushima,35.16667,136.71667,67658,JP
Yan Besar,5.7989,100.37264,67653,MY
Pālang,23.21824,90.35076,67652,BD
Modāsa,23.46253,73.29857,67648,IN
Glen Burnie,39.16261,-76.62469,67639,US
Arenella,40.85734,14.2228,67634,IT
Banepā,27.6327,85.52201,67629,NP
Agbor,6.25375,6.1942,67610,NG
Camarillo,34.21639,-119.0376,67608,US
Jaisalmer,26.91763,70.90387,67604,IN
Luorong,24.40583,109.60861,67593,CN
Tomé-Açu,-2.41889,-48.15222,67585,BR
Kovel,51.21548,24.70077,67575,UA
Victoria,28.80527,-97.0036,67574,US
Trapani,38.0176,12.53617,67531,IT
Paignton,50.43565,-3.56789,67520,GB
Guidonia Montecelio,41.99362,12.72238,67516,IT
Rosales,15.89444,120.63278,67510,PH
Lüeyang Chengguanzhen,33.33205,106.15496,67496,CN
Tejen,37.38338,60.50545,67488,TM
Gaithersburg,39.14344,-77.20137,67456,US
Babati,-4.21667,35.75,67445,TZ
Shorkot,31.91023,70.87757,67439,PK
Wenling,28.37524,121.38416,67433,CN
Chaguanas,10.51667,-61.41667,67433,TT
Buldāna,20.52933,76.18457,67431,IN
Montemorelos,25.18909,-99.82865,67428,MX
Liepāja,56.50474,21.01085,67421,LV
Ezza-Ohu,6.44094,8.08432,67414,NG
Dhenkānāl,20.65744,85.59693,67414,IN
Ixtapa-Zihuatanejo,17.64344,-101.55212,67408,MX
Rossendale,53.68456,-2.2769,67400,GB
Fuqing,25.7294,119.37469,67397,CN
Urun-Islāmpur,17.05,74.26667,67391,IN
Caohe,30.2297,115.43346,67370,CN
Eskilstuna,59.36661,16.5077,67359,SE
Jacksonville,34.75405,-77.43024,67357,US
Kiyosu,35.21667,136.83333,67352,JP
Kostyantynivka,48.52728,37.70594,67350,UA
Gopālganj,26.46734,84.44041,67339,IN
Gaoliu,36.8,118.5,67339,CN
City of Isabela,6.70407,121.97117,67336,PH
Bongaigaon,26.47703,90.55815,67322,IN
Xinzhou,19.71446,109.31146,67316,CN
Zadar,44.11578,15.22514,67309,HR
Sangamner,19.56784,74.21154,67309,IN
San Luis,20.18809,-75.85031,67293,CU
Caicara del Orinoco,7.63501,-66.16815,67277,VE
Pingzhuang,42.03722,119.28889,67273,CN
South San Francisco,37.65466,-122.40775,67271,US
Sousa,-6.75917,-38.22806,67259,BR
Shahdadpur,25.92539,68.6228,67249,PK
Kstovo,56.1475,44.19865,67242,RU
Shiojiri,36.1,137.96667,67241,JP
Lippstadt,51.67369,8.34482,67219,DE
Oum el Bouaghi,35.87541,7.11353,67201,DZ
Tomaszów Mazowiecki,51.53131,20.00855,67197,PL
Tianliu,37,118.78333,67165,CN
Minchinabad,30.16356,73.56858,67164,PK
Ödemiş,38.2278,27.96955,67153,TR
Lushar,36.48416,101.56328,67153,CN
Köpenick,52.4455,13.57455,67148,DE
Wanggou,34.67147,116.49213,67140,CN
Fengkou,30.08268,113.33346,67139,CN
Néa Ionía,38.0357,23.75733,67134,GR
Iranduba,-3.28472,-60.18611,67114,BR
Hāveri,14.79354,75.40448,67102,IN
Dolores Hidalgo,21.15611,-100.9325,67101,MX
Shajing Town,22.73846,113.80755,67093,CN
Kenner,29.99409,-90.24174,67091,US
Melati,-7.73333,110.36667,67090,ID
Santa Cruz Xoxocotlán,17.02958,-96.73518,67086,MX
Washington,54.9,-1.51667,67085,GB
Aalen,48.83777,10.0933,67085,DE
Jackson Heights,40.75566,-73.88541,67067,US
Saint-Nazaire,47.27506,-2.2179,67054,FR
Fukutsu,33.783,130.49114,67033,JP
Przemyśl,49.78498,22.76728,67013,PL
Estepona,36.42764,-5.14589,67012,ES
Nunukan,4.13841,117.6507,67006,ID
Mannargudi,10.66626,79.45064,66999,IN
Nizhyn,51.04772,31.88844,66983,UA
Rockville,39.084,-77.15276,66980,US
Liuhe,42.28473,125.74544,66975,CN
Jackson,35.61452,-88.81395,66975,US
Embu-Guaçu,-23.83222,-46.81139,66970,BR
Târgovişte,44.92543,25.4567,66965,RO
Lincoln Park,41.9217,-87.64783,66959,US
Kashima-shi,35.96536,140.64474,66950,JP
Abū al Maţāmīr,30.91018,30.17438,66946,EG
Yuba City,39.14045,-121.61691,66941,US
Hanyin Chengguanzhen,32.89139,108.50472,66926,CN
Tataouine,32.92967,10.45177,66924,TN
Jhālāwār,24.59633,76.16499,66919,IN
Solna,59.36004,18.00086,66909,SE
Aleksin,54.50484,37.06697,66885,RU
Portland,43.65737,-70.2589,66881,US
Sidi Aïssa,35.88548,3.77236,66856,DZ
Palo Alto,37.44188,-122.14302,66853,US
Saiki,32.95,131.9,66851,JP
Wacheng Neighborhood,33.78333,114.51667,66848,CN
Seinäjoki,62.79446,22.82822,66848,FI
Tarn Taran,31.45191,74.92777,66847,IN
Neuwied,50.4336,7.47057,66805,DE
Napier,-39.4926,176.91233,66800,NZ
Ferrol,43.48451,-8.23293,66799,ES
Casas Adobes,32.32341,-110.9951,66795,US
Bajos de Haina,18.41538,-70.03317,66784,DO
Point Cook,-37.91482,144.75088,66781,AU
Marysville,48.05176,-122.17708,66773,US
Duoba,36.65795,101.53374,66767,CN
Siddipet,18.10483,78.84858,66737,IN
Unna,51.53795,7.68969,66734,DE
Shaozhuang,36.74701,118.31655,66728,CN
Dambulla,7.86,80.65167,66716,LK
Trang,7.55633,99.61141,66713,TH
Baní,18.27971,-70.33181,66709,DO
Sayhāt,26.48345,50.04849,66702,SA
Tēpī,7.2,35.45,66700,ET
Parnas,60.06964,30.3487,66693,RU
Bakıxanov,40.41894,49.96693,66686,AZ
Chiyoda,35.68449,139.75056,66680,JP
Karlskrona,56.16156,15.58661,66675,SE
Dinalupihan,14.87827,120.45221,66670,PH
Bellampalli,19.05577,79.493,66660,IN
South Jordan,40.56217,-111.92966,66648,US
Focșani,45.7,27.18333,66648,RO
Santa Cruz,15.7654,119.9092,66647,PH
Tailai,46.39004,123.40849,66623,CN
Quartu Sant'Elena,39.22935,9.25004,66620,IT
Lishi,29.07888,106.262,66620,CN
La Mohammedia,36.67446,10.15633,66593,TN
Jidd Ḩafş,26.21861,50.54778,66588,BH
Chengyang,35.57944,118.83278,66588,CN
Aluche,40.39191,-3.75669,66588,ES
Sanchazi,42.08167,126.60028,66576,CN
Fort McMurray,56.72676,-111.38103,66573,CA
Ben Gardane,33.13783,11.21965,66567,TN
Kurihara,38.75,141,66565,JP
Daxu,34.28239,117.55266,66563,CN
Fīrūzābād,28.84459,52.57151,66558,IR
Oshkosh,44.02471,-88.54261,66555,US
Ramos Arizpe,25.53928,-100.94742,66554,MX
Aflao,6.11982,1.19012,66546,GH
Shabqadar,34.21599,71.5548,66541,PK
Qaraqash,37.27246,79.73438,66541,CN
Barbil,22.10194,85.37752,66540,IN
Cabedelo,-6.98111,-34.83389,66519,BR
Taihe,30.09949,106.0489,66506,CN
Lençóis Paulista,-22.59861,-48.80028,66505,BR
North Little Rock,34.76954,-92.26709,66504,US
Koratla,18.82154,78.71186,66504,IN
Lianyuan,27.68833,111.66417,66501,CN
Goba,7.01667,39.98333,66500,ET
Stalowa Wola,50.58286,22.05334,66495,PL
Mansehra,34.33023,73.19679,66486,PK
Sokaraja,-7.45806,109.28806,66482,ID
Smila,49.23295,31.88427,66475,UA
Bayside,40.76844,-73.77708,66455,US
Bununka Kunda,13.42722,-16.68528,66449,GM
Wuxi,26.5844,111.859,66442,CN
Vicálvaro,40.4,-3.6,66439,ES
Folkestone,51.08169,1.16734,66429,GB
Qipan,34.24469,118.22113,66419,CN
Plauen,50.4973,12.13782,66412,DE
San Antonio del Táchira,7.8112,-72.44437,66392,VE
Rishīkesh,30.10778,78.29255,66390,IN
Kungur,57.41435,56.97157,66389,RU
Kituku,-7.58157,30.20604,66378,CD
Castelldefels,41.27794,1.97033,66375,ES
Goyerkāta,26.69984,89.02565,66358,IN
Klintsy,52.76033,32.23905,66336,RU
Tōgane,35.55,140.36667,66332,JP
Tangxiang,29.70226,105.72363,66325,CN
Neryungri,56.65836,124.72499,66320,RU
Huinan,42.6225,126.26139,66315,CN
Bayonne,40.66871,-74.11431,66311,US
Brixton,51.46593,-0.10652,66300,GB
Hounslow,51.46839,-0.36092,66292,GB
Besbes,36.70222,7.84722,66287,DZ
Eagan,44.80413,-93.16689,66286,US
Beimeng,36.60444,119.49556,66277,CN
Leninogorsk,54.5971,52.45124,66263,RU
Cataguases,-21.38917,-42.69667,66261,BR
Bergen op Zoom,51.495,4.29167,66256,NL
Delray Beach,26.46146,-80.07282,66255,US
Algueirão,38.79764,-9.3437,66250,PT
Loures,38.83091,-9.16845,66231,PT
Sosnovka,60.01667,30.35,66227,RU
Saint-Marc,19.11136,-72.70078,66226,HT
Rajin,42.25559,130.28308,66224,KP
Granby,45.40008,-72.73243,66222,CA
Marondera,-18.18527,31.55193,66204,ZW
Gama,-8.5675,13.47639,66202,AO
Luoyang,24.95938,118.683,66188,CN
Mandamarri,18.96506,79.47475,66176,IN
Jesus Maria,-12.06982,-77.04495,66171,PE
Muling,44.91647,130.51707,66170,CN
Viladecans,41.31405,2.01427,66168,ES
Castellammare di Stabia,40.70211,14.48685,66164,IT
Cheria,35.27306,7.75194,66160,DZ
Kasungu,-13.03333,33.48333,66152,MW
Huanren,41.26472,125.36667,66147,CN
Qionghu,28.84122,112.35505,66145,CN
I‘zāz,36.58662,37.04628,66138,SY
Thái Hòa,18.92031,104.97441,66127,VN
Camucuio,-14.11667,13.25,66112,AO
Gamping Lor,-7.79556,110.32639,66110,ID
Nikki,9.94009,3.21075,66109,BJ
Tanjong Malim,3.681,101.5198,66103,MY
Beruniy,41.69111,60.7525,66090,UZ
Huanan,46.23624,130.54642,66087,CN
Tissemsilt,35.60722,1.81081,66084,DZ
Gukovo,48.06212,39.9355,66079,RU
Sagunto,39.68333,-0.26667,66070,ES
Morón,22.10774,-78.62667,66060,CU
Liberdade,-23.56338,-46.63228,66056,BR
Zamość,50.72314,23.25196,66034,PL
Puliyankudi,9.17489,77.39799,66034,IN
Xiaolingwei,32.03244,118.854,66031,CN
Ambilobe,-13.2,49.05,66029,MG
Johnson City,36.31344,-82.35347,66027,US
Kitamoto,36.03322,139.53775,66022,JP
Gwa,17.59369,94.57996,66015,MM
Ţurayf,31.672,38.663,66014,SA
Calapan,13.4117,121.1803,66008,PH
Kherson,46.63695,32.61458,66000,UA
Johor Jaya,1.5392,103.8092,66000,MY
Ganshui,28.74222,106.71111,65994,CN
Dale City,38.63706,-77.31109,65969,US
Silvan,38.13708,41.00817,65956,TR
Namyang-nodongjagu,42.95389,129.85722,65956,KP
Shujaabad,29.88092,71.29344,65952,PK
Lesosibirsk,58.23544,92.48351,65945,RU
Cedar Park,30.5052,-97.82029,65945,US
Soma,39.18554,27.60945,65934,TR
Jablah,35.36211,35.92759,65915,SY
Waterfront Communities-The Island,43.63388,-79.3772,65913,CA
Niitsu-honchō,37.80024,139.1224,65910,JP
Lahat,-3.78514,103.54279,65906,ID
Tanabe,34.82242,135.76604,65903,JP
Rotorua,-38.13874,176.24516,65901,NZ
Duramē,7.23333,37.88333,65900,ET
Yaoji,34.06667,117.81667,65897,CN
Itapetinga,-15.24889,-40.24778,65897,BR
Qiantang,30.18424,106.3165,65894,CN
Vilanova i la Geltrú,41.22392,1.72511,65890,ES
Mengyin,35.70694,117.92639,65889,CN
Parkchester,40.83899,-73.86041,65876,US
Palín,14.40358,-90.69659,65873,GT
Lichtenburg,-26.152,26.15968,65863,ZA
Tatabánya,47.59247,18.38099,65849,HU
Atascocita,29.99883,-95.1766,65844,US
Jietou,25.4274,98.65324,65843,CN
Saint Cloud,45.5608,-94.16249,65842,US
Ellicott City,39.26733,-76.79831,65834,US
Xiangcheng Chengguanzhen,33.84703,113.4778,65833,CN
Palāsa,18.77257,84.41012,65833,IN
Bayiji,34.26667,117.68333,65830,CN
Finchley,51.60096,-0.19518,65812,GB
Laguna Niguel,33.52253,-117.70755,65806,US
Polewali,-3.4324,119.3435,65800,ID
Chegutu,-18.13021,30.14074,65800,ZW
Myŏngch’ŏn,41.07056,129.42917,65797,KP
Saint Charles,38.78394,-90.48123,65794,US
Harlingen,26.19063,-97.6961,65774,US
Shangkou,36.96556,118.88306,65770,CN
Polevskoy,56.44222,60.18778,65770,RU
Pavia,45.19205,9.15917,65734,IT
Montenegro,-29.68861,-51.46111,65721,BR
Maués,-3.38361,-57.71861,65714,BR
Ligezhuang,36.35778,120.14278,65714,CN
Mitoyo,34.21052,133.6746,65713,JP
Gohāna,29.13777,76.70247,65708,IN
Pulivendla,14.42139,78.22502,65706,IN
Wrexham,53.04664,-2.99132,65692,GB
Quwaysinā,30.56482,31.15777,65690,EG
Chengalpattu,12.69184,79.97661,65689,IN
Dashitou,43.30667,128.51139,65683,CN
Rovaniemi,66.49897,25.68867,65670,FI
San Ildefonso,15.0809,120.941,65669,PH
San Miguel,15.1423,120.97568,65661,PH
Huanghua,35.88917,119.45778,65646,CN
Kędzierzyn-Koźle,50.34984,18.22606,65636,PL
Tulcea,45.1787,28.80501,65624,RO
Qingyang,37.49583,121.25806,65622,CN
Wadgaon Kolhati,19.84307,75.236,65620,IN
Babu,24.41667,111.51667,65603,CN
Souq Sebt Oulad Nemma,32.2973,-6.70301,65601,MA
Barreirinhas,-2.75556,-42.82591,65589,BR
Lādnūn,27.65312,74.39993,65575,IN
Ioánnina,39.66341,20.85187,65574,GR
Wufeng,24.0637,120.698,65567,TW
Fleetwood,49.16667,-122.8,65565,CA
Bom Jesus da Lapa,-13.255,-43.41806,65550,BR
Piripiri,-4.27333,-41.77694,65538,BR
Yebaishou,41.3975,119.64083,65536,CN
Huaiyuan Chengguanzhen,32.95893,117.16566,65530,CN
San Clemente,33.42697,-117.61199,65526,US
West Lynchburg,37.4032,-79.17808,65517,US
Iganga,0.60917,33.46861,65500,UG
Peñaflor,-33.60627,-70.87649,65495,CL
Al Manşūrah,25.26807,51.53219,65493,QA
Middletown,40.39428,-74.11709,65490,US
Burām,10.85826,25.15921,65473,SD
Dār Kulayb,26.06861,50.50389,65466,BH
Afgooye,2.1381,45.1212,65461,SO
Torremolinos,36.62035,-4.49976,65448,ES
Sattahip,12.66644,100.90073,65444,TH
Sokhumi,43.00697,40.9893,65439,GE
Supaul,26.11527,86.59509,65437,IN
Narok,-1.08083,35.87111,65430,KE
São Félix do Xingu,-6.64472,-51.995,65418,BR
Framingham Center,42.29732,-71.43701,65413,US
Xincheng,33.63333,115.18333,65411,CN
Itapoã,-15.74937,-47.7686,65408,BR
Colmar,48.08078,7.35584,65405,FR
Ārān Bīdgol,34.05751,51.48291,65404,IR
Głogów,51.66361,16.0845,65400,PL
Tendō,38.35361,140.36972,65393,JP
Torquay,50.46198,-3.52522,65388,GB
Bāqershahr,35.53164,51.4048,65388,IR
Bianzhuang,34.84861,118.04472,65381,CN
Pankow,52.56926,13.40186,65375,DE
Aïn M’Lila,36.03687,6.57219,65371,DZ
Meleuz,52.96467,55.93277,65362,RU
Ban Khoan,20.35008,100.09022,65348,LA
Tultepec,19.685,-99.12806,65338,MX
Suyangshan,34.39278,117.75556,65333,CN
Kumertau,52.76493,55.78785,65321,RU
Gangārāmpur,25.40138,88.52978,65316,IN
Ramanathapuram,9.37158,78.83077,65314,IN
Herten,51.59638,7.14387,65306,DE
Schenectady,42.81424,-73.93957,65305,US
Jagraon,30.78783,75.47391,65305,IN
Perai,5.38333,100.38333,65301,MY
Urgut Shahri,39.41902,67.26118,65300,UZ
Sinnar,19.84505,73.99866,65299,IN
Hepingjie,42.05972,126.91583,65298,CN
Haveli Lakha,30.45097,73.69371,65289,PK
Salamá,15.1021,-90.31906,65275,GT
Kopargaon,19.88239,74.47605,65273,IN
Skhirate,33.8527,-7.03171,65272,MA
Acaraú,-2.88556,-40.12,65264,BR
Nioko I,12.39501,-1.43861,65263,BF
Tulungagung,-8.0657,111.9025,65262,ID
Liuxin,34.36861,117.115,65258,CN
Capelle aan den IJssel,51.92917,4.57778,65255,NL
Gushikawa,26.35937,127.86735,65251,JP
Ouricuri,-7.8825,-40.08167,65245,BR
Caoqiao,34.3405,118.11038,65243,CN
Manhiça,-25.40222,32.80722,65240,MZ
Alīpur Duār,26.4835,89.52286,65232,IN
Belize City,17.49952,-88.19756,65222,BZ
Rechytsa,52.3617,30.3916,65213,BY
Lala Musa,32.70138,73.95746,65197,PK
Slavyansk-na-Kubani,45.25145,38.12129,65196,RU
Longshan,24.60089,98.70418,65192,CN
Craigieburn,-37.6,144.95,65178,AU
Irpin,50.52175,30.25055,65167,UA
Villa de Vallecas,40.36695,-3.60146,65162,ES
Januária,-15.47949,-44.3652,65150,BR
Fengrun,39.82664,118.13822,65150,CN
Pinheiros,-23.56729,-46.69232,65145,BR
Cheyenne,41.13998,-104.82025,65132,US
Lalmonirhat,25.91719,89.44595,65127,BD
Aquiraz,-3.90139,-38.39111,65116,BR
Tandur,17.24849,77.57698,65115,IN
Ouezzane,34.79584,-5.57849,65088,MA
Kalush,49.02398,24.37206,65088,UA
Villasis,15.90167,120.58833,65086,PH
Estância,-11.26833,-37.43833,65078,BR
Itaberaba,-12.5275,-40.30694,65073,BR
Broomfield,39.92054,-105.08665,65065,US
Ames,42.03471,-93.61994,65060,US
Park Slope,40.6701,-73.98597,65047,US
Shawnee,39.04167,-94.72024,65046,US
Mecheria,33.54453,-0.28117,65043,DZ
Kunyang,27.66583,120.56583,65009,CN
Wrzeszcz,54.37648,18.60753,65000,PL
Vynohradar,50.51429,30.42452,65000,UA
Reseda,34.20112,-118.53647,65000,US
Patuakhali,22.36833,90.3458,65000,BD
Ganda,-13.01592,14.63502,65000,AO
Cricklewood,51.5567,-0.21549,65000,GB
Chokolivka,50.42444,30.44732,65000,UA
Borshchahivka,50.4316,30.3899,65000,UA
Bāzārak,35.31292,69.51519,65000,AF
Bāzār-e Yakāwlang,34.73525,66.97379,65000,AF
Itauguá,-25.39258,-57.35421,64997,PY
Guildford,49.19167,-122.8,64985,CA
Pampatar,11.00085,-63.79298,64983,VE
Conway,35.0887,-92.4421,64980,US
Embu,-0.53987,37.45743,64979,KE
Sumusţā al Waqf,28.92095,30.85367,64965,EG
Tianzhuang,36.79583,119.73667,64957,CN
Villa del Rosario,7.83389,-72.47417,64951,CO
East Orange,40.76732,-74.20487,64949,US
Khulm,36.69736,67.69826,64933,AF
Gitega,-3.42708,29.92463,64904,BI
Sodegaura,35.41368,140.02135,64901,JP
Busia,0.46588,34.09221,64900,UG
Bodītī,6.96667,37.86667,64900,ET
Oas,13.2593,123.4963,64890,PH
Kolonnawa,6.9329,79.8848,64887,LK
Loughborough,52.76667,-1.2,64884,GB
Herford,52.11457,8.67343,64879,DE
Lingao,19.90873,109.68717,64874,CN
Hita,33.3213,130.94098,64874,JP
Portage Park,41.95781,-87.76506,64841,US
Igarapé Miri,-1.975,-48.95972,64831,BR
Tongaat,-29.57366,31.11552,64829,ZA
Skokie,42.03336,-87.73339,64821,US
Shikang,21.76667,109.31667,64818,CN
Bezerros,-8.23333,-35.79694,64809,BR
Massa,44.03541,10.13927,64783,IT
Grevenbroich,51.09102,6.5827,64779,DE
Čair,42.01528,21.44111,64773,MK
Tecate,32.566,-116.63187,64764,MX
Valverde,40.50024,-3.67877,64757,ES
Dishnā,26.12242,32.46749,64744,EG
Khatauli,29.27844,77.73302,64731,IN
Weimar,50.9803,11.32903,64727,DE
Bertioga,-23.85444,-46.13861,64723,BR
Hwawŏn,35.80167,128.50083,64718,KR
Fenggang,27.54566,116.21456,64715,CN
Vīrarāghavapuram,13.07306,80.10778,64698,IN
Ahlat,38.7489,42.48007,64695,TR
West Bloomfield Township,42.56891,-83.38356,64690,US
Asahi,35.71667,140.65,64690,JP
Tamarac,26.21286,-80.24977,64681,US
Yendi,9.44272,-0.00991,64676,GH
Monte Mor,-22.94667,-47.31583,64662,BR
Siuri,23.90806,87.52773,64659,IN
Rāipur,23.0391,90.76808,64652,BD
Itaitinga,-3.96944,-38.52806,64650,BR
Meulaboh,4.14402,96.12664,64646,ID
Dondo,-9.68456,14.42788,64643,AO
Dondo,-9.05,15.31667,64643,AO
Malanville,11.86819,3.38327,64639,BJ
Rivera,-30.90534,-55.55076,64631,UY
Youngstown,41.09978,-80.64952,64628,US
Taunton,51.01494,-3.10293,64621,GB
Tomigusuku,26.18583,127.68192,64612,JP
Talavera,15.5883,120.9192,64610,PH
Chacao,10.49581,-66.85367,64609,VE
Guasdualito,7.24241,-70.73235,64608,VE
Crotone,39.08077,17.12764,64603,IT
Lodi,38.1302,-121.27245,64596,US
La Línea de la Concepción,36.16809,-5.34777,64595,ES
North Hollywood,34.17223,-118.37897,64587,US
Picheng,34.46667,117.96667,64585,CN
Greenville,34.85262,-82.39401,64579,US
Renzhao,36.63861,120.20361,64569,CN
Kotikawatta,6.9269,79.9095,64565,LK
Haskovo,41.93415,25.55557,64564,BG
Puerto Madryn,-42.76848,-65.03827,64555,AR
Mailsi,29.80123,72.17398,64545,PK
Fujioka,36.24624,139.07204,64539,JP
Muncar,-8.43333,114.33333,64537,ID
Bīna,24.17161,78.18755,64529,IN
Koboko,3.41364,30.95994,64500,UG
Taman Senawang Indah,2.691,101.989,64497,MY
Pālitāna,21.52519,71.82309,64497,IN
Changli,39.70647,119.1603,64476,CN
Yanagawa,33.16667,130.4,64475,JP
Afragola,40.92298,14.30935,64470,IT
Preaek Prasab,12.35367,106.03562,64466,KH
Akşehir,38.3575,31.41639,64446,TR
Sahuayo de Morelos,20.057,-102.7164,64431,MX
Chaumu,27.16955,75.72226,64417,IN
Bandar Seri Begawan,4.89035,114.94006,64409,BN
Kaihua,23.3695,104.27721,64404,CN
Yunmeng Chengguanzhen,31.06251,113.76545,64390,CN
Tikhoretsk,45.85307,40.11874,64387,RU
Gelang Patah,1.4484,103.5873,64375,MY
Bantul,-7.88806,110.32889,64360,ID
Waterlooville,50.88067,-1.0304,64350,GB
Yangzhou,33.22192,107.54267,64349,CN
Sandefjord,59.13118,10.21665,64345,NO
Rossosh’,51.1209,38.5116,64323,RU
Imaichi,36.71667,139.68333,64323,JP
Shakargarh,32.26361,75.16008,64304,PK
Maison Blanche,48.82586,2.3508,64302,FR
Gimbi,9.17031,35.83491,64300,ET
Sheptytskyi,50.39403,24.23935,64297,UA
Tamana,32.94716,130.57446,64292,JP
Enrique B. Magalona,10.87879,122.97707,64290,PH
Kaposvár,46.36667,17.8,64280,HU
Mansfield,32.56319,-97.14168,64274,US
Hālol,22.50321,73.47242,64265,IN
T’aet’an-ŭp,38.08822,125.2983,64258,KP
Taloqan,36.73605,69.53451,64256,AF
Ongjin,37.93472,125.36194,64247,KP
Tuapse,44.10083,39.08326,64234,RU
Kodār,16.9985,79.9656,64234,IN
Alba Iulia,46.06667,23.58333,64227,RO
Kerpen,50.86991,6.69691,64226,DE
Skanes,35.7749,10.79464,64222,TN
Santa Cruz,36.97412,-122.0308,64220,US
Pico Rivera,33.98307,-118.09673,64218,US
Bāngarda Chhota,22.74354,75.81448,64213,IN
Tshela,-4.99707,12.9484,64210,CD
Madera,36.96134,-120.06072,64208,US
Vacaria,-28.51222,-50.93389,64197,BR
Qinggang,46.69833,126.0921,64182,CN
Uga,5.93576,7.0793,64179,NG
Fria,10.36676,-13.58253,64169,GN
Tādepalle,16.48333,80.6,64149,IN
Koulikoro,12.86273,-7.55985,64128,ML
Tirupattur,12.49239,78.56804,64125,IN
Janesville,42.68279,-89.01872,64123,US
Surubim,-7.83306,-35.75472,64120,BR
Ali Mendjeli,36.2459,6.5671,64120,DZ
Boryspil,50.35269,30.95501,64117,UA
West Des Moines,41.57721,-93.71133,64113,US
Villa Elisa,-25.3676,-57.59274,64099,PY
Aleksandrov,56.39733,38.71404,64088,RU
Narutochō-mitsuishi,34.19933,134.60932,64082,JP
Santiago,-13.52728,-71.9843,64075,PE
Sibi,29.54299,67.87726,64069,PK
Molina de Segura,38.05456,-1.20763,64065,ES
Ihnāsīyah,29.09285,31.02043,64058,EG
Mutengene,4.0913,9.3144,64054,CM
Chinnachowk,14.47516,78.8354,64053,IN
Bishnupur,23.0738,87.31991,64041,IN
Paterna,39.50263,-0.44079,64023,ES
Āmūr,18.79284,78.27666,64023,IN
Palaió Fáliro,37.92812,23.70105,64021,GR
Wik’ro,13.79525,39.60303,64000,ET
Kotlovka,55.65928,37.60404,64000,RU
Polomolok,6.22167,125.06398,63987,PH
Baheri,28.77416,79.4974,63953,IN
Nawalgarh,27.85161,75.27384,63948,IN
Tupã,-21.93472,-50.51361,63928,BR
Paranoá,-15.77553,-47.78117,63923,BR
Montebello,34.00946,-118.10535,63921,US
Ānaiyūr,9.96152,78.1118,63917,IN
Kunnamkulam,10.64667,76.06695,63903,IN
Tulangan Utara,-7.4737,112.6505,63889,ID
Bognor Regis,50.78206,-0.67978,63885,GB
Ambanja,-13.669,48.453,63884,MG
Colón,22.72064,-80.90492,63882,CU
San Antonio de Los Altos,10.38853,-66.95179,63873,VE
Rāghogarh,24.44318,77.19768,63873,IN
Tohāna,29.71332,75.90441,63871,IN
Kangar,6.4414,100.19862,63869,MY
Valence,44.9256,4.90956,63864,FR
Newtownabbey,54.65983,-5.90858,63860,GB
Cosenza,39.2989,16.25307,63852,IT
Quimper,47.99597,-4.09795,63849,FR
Pateros,14.5391,121.0726,63840,PH
Thành Phố Uông Bí,21.03433,106.77049,63829,VN
Dengbu,28.2084,116.81717,63814,CN
Jampur,29.64235,70.59518,63791,PK
Machakos,-1.52233,37.26521,63767,KE
Kulai,1.6561,103.6032,63762,MY
Fulda,50.55162,9.67518,63760,DE
Yangcun,39.36389,117.06028,63756,CN
Zhicheng,31.00751,119.90851,63753,CN
Shendi,16.6915,33.4341,63746,SD
Magong,23.5654,119.58627,63745,TW
Horad Zhodzina,54.0985,28.3331,63744,BY
Mpika,-11.83431,31.45287,63740,ZM
Boké,10.93217,-14.29055,63736,GN
Georgetown,30.63269,-97.67723,63716,US
Mangai,-4.02328,19.53385,63713,CD
As Safīrah,36.07696,37.37251,63708,SY
Lulou,34.71667,116.76667,63704,CN
Hull,45.42761,-75.71056,63702,CA
‘Alemaya,9.39334,42.00967,63700,ET
Kanchanaburi,14.00412,99.54832,63699,TH
Bongor,10.28088,15.37425,63699,TD
Jatani,20.15975,85.70742,63697,IN
Chokwé,-24.53333,32.98333,63695,MZ
Alpharetta,34.07538,-84.29409,63693,US
Fujiidera,34.5676,135.5974,63688,JP
Arni,12.66771,79.28529,63671,IN
Shimodate,36.3,139.98333,63666,JP
Genk,50.965,5.50082,63666,BE
Yambol,42.48243,26.50006,63656,BG
Kilju,40.96417,129.32778,63652,KP
Chik Ballāpur,13.43512,77.72787,63652,IN
Lorain,41.45282,-82.18237,63647,US
Baihecun,22.11321,107.23592,63629,CN
Dédougou,12.4636,-3.46075,63617,BF
Bowling Green,36.99032,-86.4436,63616,US
Nong Khai,17.87847,102.742,63609,TH
Guanyin,29.09926,104.39416,63606,CN
Flatlands,40.62122,-73.93486,63601,US
Dundalk,39.25066,-76.52052,63597,US
Capão da Canoa,-29.74556,-50.00972,63594,BR
New Halfa,15.33021,35.59854,63589,SD
Dormagen,51.09683,6.83167,63582,DE
Zarechnyy,53.20356,45.19227,63579,RU
Užice,43.85861,19.84878,63577,RS
Buckley,53.16667,-3.08333,63576,GB
Mabai,23.01279,104.45081,63569,CN
Benevides,-1.36139,-48.24472,63567,BR
Leszno,51.84034,16.57494,63565,PL
Bergheim,50.95572,6.63986,63558,DE
Nago,26.61502,127.98543,63554,JP
El Mgarsa,33.81682,10.9923,63528,TN
Ganta,7.235,-8.98444,63523,LR
Jelutong,5.38998,100.31885,63507,MY
Samut Sakhon,13.54753,100.27362,63498,TH
Eden Prairie,44.85469,-93.47079,63496,US
Jitra,6.26812,100.42167,63489,MY
Slatina,44.43333,24.36667,63487,RO
North Bergen,40.80427,-74.01208,63484,US
Zayed City,23.65416,53.70522,63482,AE
Pittwater,-33.66623,151.30171,63482,AU
Most,50.50301,13.63617,63474,CZ
Korydallós,37.98468,23.64711,63445,GR
Great Yarmouth,52.60831,1.73052,63434,GB
Buin,-33.73257,-70.74281,63419,CL
El Prat de Llobregat,41.32784,2.09472,63418,ES
Nanlong,31.35333,106.06309,63405,CN
Mitcham,51.40322,-0.16831,63393,GB
Dhubri,26.01856,89.98564,63388,IN
Florence-Graham,33.96772,-118.24438,63387,US
Youxi,29.20936,106.14428,63386,CN
Waltham,42.37649,-71.23561,63378,US
Borsad,22.40788,72.89817,63377,IN
Budapest XX. kerület,47.43674,19.10093,63371,HU
Feltham,51.4462,-0.41388,63368,GB
Siddharthanagar,27.5,83.45,63367,NP
Garbsen,52.41371,9.5899,63355,DE
Zagné,6.21016,-7.48284,63341,CI
Pavlovo,55.9686,43.0912,63338,RU
Mirassol,-20.81917,-49.52111,63337,BR
Margate,51.38132,1.38617,63322,GB
Githunguri,-1.29996,36.99047,63319,KE
Githunguri,-1.05754,36.77625,63319,KE
Dārāb,28.75171,54.54065,63319,IR
Kenge,-5.76521,13.65711,63317,CD
Xiazhuang,34.91611,118.63889,63285,CN
Mercedes,-34.65072,-59.43143,63284,AR
West Hartford,41.76204,-72.74204,63268,US
Ban Napè,18.3053,105.0718,63268,LA
Ōjima,35.68917,139.83282,63254,JP
Mila,36.45028,6.26444,63251,DZ
Padre Hurtado,-33.56839,-70.80584,63250,CL
Cajazeiras,-6.89028,-38.55528,63239,BR
Buduburam,5.52314,-0.47718,63217,GH
Gorno-Altaysk,51.96056,85.91892,63214,RU
Changcheng,36.09056,119.45167,63208,CN
Shanwang,36.5454,118.711,63195,CN
Ambarawa,-7.26333,110.3975,63193,ID
Lugano,46.01008,8.96004,63185,CH
Kuşadası,37.86014,27.25713,63177,TR
Gadwāl,16.23504,77.79556,63177,IN
Tetovo,42.00989,20.97138,63176,MK
Hod HaSharon,32.15934,34.8932,63175,IL
Żory,50.04523,18.70062,63174,PL
Godean,-7.76972,110.29389,63164,ID
Rogers,36.33202,-94.11854,63159,US
Medicine Hat,50.03928,-110.67661,63138,CA
Lushnjë,40.94194,19.705,63135,AL
Qurayyāt,23.26298,58.92014,63133,OM
Fredericton,45.94541,-66.66558,63116,CA
Pidugurālla,16.47926,79.88632,63103,IN
Melipilla,-33.68909,-71.21528,63100,CL
Novaya Balakhna,56.48989,43.60114,63083,RU
Limón,9.99074,-83.03596,63081,CR
Collado-Villalba,40.63506,-4.00486,63074,ES
Botou,38.07366,116.56667,63045,CN
Orion,14.62056,120.58167,63044,PH
Uiwang,37.36528,126.94778,63040,KR
Vaslui,46.63333,27.73333,63035,RO
Carol City,25.94065,-80.2456,63031,US
Pubal,37.29167,127.50778,63026,KR
Agnibilékrou,7.13113,-3.20415,63015,CI
Liuku,25.8505,98.85567,63013,CN
Los Andes,-32.83369,-70.59827,63009,CL
Florida,21.52536,-78.22579,63007,CU
Baoqing,46.32452,132.1897,62991,CN
Nkwerre,5.75917,7.10384,62973,NG
Mong Kok,22.31935,114.17136,62967,HK
Al Bājūr,30.43046,31.03679,62961,EG
Shizhai,34.80556,116.63889,62956,CN
Halton Hills,43.6403,-79.93146,62951,CA
Encinitas,33.03699,-117.29198,62930,US
Sheikhpura,25.13994,85.84096,62927,IN
Jinggou,36.28176,119.55185,62917,CN
Māhdāsht,35.7282,50.8134,62910,IR
Auchi,7.06756,6.2636,62907,NG
Graaff Reinet,-32.25215,24.53075,62896,ZA
Bełchatów,51.36883,19.35671,62896,PL
Campo Bom,-29.67889,-51.05333,62886,BR
Sirsi,14.62072,74.83554,62882,IN
Sambrial,32.47835,74.35338,62874,PK
Nipāni,16.399,74.38285,62865,IN
Sorgun,39.81012,35.18596,62862,TR
Fanlou,34.48091,116.85248,62859,CN
Nasugbu,14.06694,120.63181,62857,PH
Brighouse-City Centre,49.16667,-123.13333,62855,CA
Pueblo Nuevo,40.42629,-3.63546,62840,ES
Kannur,11.86752,75.35763,62836,IN
East Village,40.72927,-73.98736,62832,US
Tagajō-shi,38.3,141,62827,JP
Butare,-2.59667,29.73944,62823,RW
Trnava,48.37773,17.58603,62806,SK
Randers,56.4607,10.03639,62802,DK
Caltanissetta,37.49025,14.06216,62797,IT
Ashford,51.14648,0.87376,62787,GB
Haverhill,42.7762,-71.07728,62765,US
Changle,21.83333,109.41667,62763,CN
Sumbawa Besar,-8.49317,117.42024,62753,ID
Robāţ Karīm,35.4846,51.0829,62753,IR
Gus’-Khrustal’nyy,55.61171,40.65023,62746,RU
Pesqueira,-8.35778,-36.69639,62722,BR
Bāri,26.64661,77.61634,62721,IN
Jupiter,26.93422,-80.09421,62707,US
Nokha,27.56155,73.47141,62699,IN
Dovzhansk,48.08964,39.65243,62691,UA
Puerto Peñasco,31.31716,-113.53799,62689,MX
Buynaksk,42.81802,47.12684,62689,RU
Tiquipaya,-17.33801,-66.21579,62675,BO
Icó,-6.40111,-38.86222,62642,BR
Semporna,4.48178,118.61119,62641,MY
Svetlogorsk,52.6329,29.7389,62602,BY
Çubuk,40.23861,33.03222,62602,TR
Krasnoturinsk,59.7666,60.2086,62600,RU
Council Bluffs,41.26194,-95.86083,62597,US
Phitsanulok,16.82481,100.25858,62584,TH
Belebey,54.10774,54.11741,62582,RU
Pedro Leopoldo,-19.61806,-44.04306,62580,BR
Nyunzu,-5.95609,28.01649,62565,CD
Wellington,26.65868,-80.24144,62560,US
Vinukonda,16.0531,79.73964,62550,IN
Sale,53.42519,-2.32443,62550,GB
Tonypandy,51.62202,-3.45544,62545,GB
Miaojie,25.31232,100.27983,62540,CN
Kaitong,44.80913,123.08108,62537,CN
West Coon Rapids,45.15969,-93.34967,62528,US
Colón,8.03125,-72.26053,62513,VE
Portel,-1.93556,-50.82111,62503,BR
Zhangjiachuan,34.98756,106.20902,62497,CN
Drancy,48.92578,2.44533,62488,FR
Pingnan,23.5418,110.38929,62483,CN
Acton,51.50901,-0.2762,62480,GB
Kosong,38.37881,128.4676,62446,KR
Ntoum,0.39051,9.76096,62445,GA
Shiroi,35.8,140.06667,62441,JP
North Miami,25.89009,-80.18671,62435,US
Pervomaysk,48.04478,30.84784,62426,UA
Noisy-le-Grand,48.84979,2.56266,62420,FR
Fochville,-26.48862,27.49387,62416,ZA
Renukūt,24.21641,83.0358,62413,IN
Mohammadia,35.58861,0.06861,62410,DZ
Érd,47.39489,18.91361,62408,HU
Hamilton,39.3995,-84.56134,62407,US
Villeneuve-d'Ascq,50.61669,3.16664,62400,FR
Dêqên,29.96178,90.71875,62400,CN
San Francisco Tesistán,20.79729,-103.47712,62397,MX
Songyang,34.45549,113.03194,62375,CN
Salgueiro,-8.07417,-39.11917,62372,BR
Grao de Murviedro,39.64167,-0.23889,62368,ES
Yucheng,34.92889,116.46528,62365,CN
Benslimane,33.61601,-7.12153,62352,MA
North Port,27.04422,-82.23593,62345,US
Marechal Deodoro,-9.71028,-35.895,62341,BR
La Seyne-sur-Mer,43.10322,5.87816,62330,FR
Camocim,-2.90222,-40.84111,62326,BR
Shuikou,23.98372,115.89581,62321,CN
Tulare,36.20773,-119.34734,62315,US
Ras Tanura,26.70742,50.06735,62314,SA
Humaitá,-7.51651,-63.03105,62312,BR
Kogon Shahri,39.72746,64.55466,62300,UZ
Nagari,13.32139,79.58557,62253,IN
Escada,-8.35917,-35.22361,62252,BR
Abepura,-2.5964,140.6324,62248,ID
Sopron,47.68501,16.59049,62246,HU
Rzhev,56.26289,34.3289,62246,RU
Coon Rapids,45.11997,-93.28773,62240,US
Berat,40.70583,19.95222,62232,AL
Chistopol’,55.36612,50.64399,62200,RU
Camaquã,-30.85111,-51.81222,62200,BR
Asaka,40.64153,72.23868,62200,UZ
Levallois-Perret,48.89389,2.28864,62178,FR
Huaral,-11.495,-77.20778,62174,PE
Inhulets,47.7301,33.25189,62173,UA
Boituva,-23.28333,-47.67222,62170,BR
Viareggio,43.86693,10.2502,62169,IT
Nioki,-2.72037,17.69001,62153,CD
Chidambaram,11.39933,79.69144,62153,IN
Tanba,35.16034,135.03914,62152,JP
Tinongan,10.215,123.03528,62146,PH
Zarechnyy,53.13333,46.58333,62139,RU
Millcreek,40.68689,-111.87549,62139,US
Shuangyang,43.52259,125.65948,62137,CN
Nianzishan,47.51344,122.88788,62131,CN
La Habra,33.93196,-117.94617,62131,US
Blaine,45.1608,-93.23495,62124,US
Dabwāli,29.94906,74.73832,62113,IN
Sibsāgar,26.98427,94.63784,62104,IN
Asakusa,35.71691,139.79575,62092,JP
Narwāna,29.59903,76.11927,62090,IN
Yangambi,0.76755,24.43973,62082,CD
Tikhvin,59.63937,33.52967,62075,RU
Sagua la Grande,22.80667,-80.07556,62073,CU
Auburn,32.60986,-85.48078,62059,US
Minglanilla,10.24498,123.7964,62058,PH
Okha,22.46756,69.07002,62052,IN
Kiffa,16.62073,-11.40208,62051,MR
Pingyin,36.28306,116.44528,62050,CN
Lār,27.68336,54.34172,62045,IR
Floriano,-6.76694,-43.0225,62036,BR
Sanghar,26.04694,68.94917,62033,PK
Korogwe,-5.15,38.48333,62032,TZ
Downtown,49.27784,-123.12794,62030,CA
Nova Odessa,-22.7775,-47.29583,62019,BR
Łomża,53.17806,22.05935,62019,PL
Bin Xian,45.74274,127.46053,62017,CN
Kempas,1.5489,103.6965,62011,MY
Angyalföld,47.54765,19.07973,62006,HU
Meshkīn Dasht,35.74988,50.94376,62005,IR
Smederevo,44.66436,20.92763,62000,RS
Seremban 2,2.68982,101.90766,62000,MY
Rossosh’,50.19645,39.56631,62000,RU
Qingshuping,27.38083,112.02056,62000,CN
Mīzan Teferī,6.99865,35.58879,62000,ET
Erzsébetváros,47.50207,19.07218,62000,HU
Irun,43.33904,-1.78938,61983,ES
Lake Elsinore,33.66808,-117.32726,61981,US
Zhaobaoshan,29.9695,121.68753,61979,CN
Hushitai,41.94175,123.50266,61979,CN
Piranshahr,36.701,45.1413,61973,IR
Petrodvorets,59.89565,29.80145,61973,RU
Kuchāman,27.14745,74.85655,61969,IN
Miyoshi,35.08971,137.08998,61952,JP
Nīmbāhera,24.62166,74.67999,61949,IN
Labinsk,44.63604,40.7357,61945,RU
Tenkodogo,11.78442,-0.37184,61936,BF
Zhangji,34.1375,117.37556,61929,CN
Picpus,48.84258,2.40014,61920,FR
Marseille 14,43.34447,5.38004,61920,FR
Maputsoe,-28.8866,27.89915,61916,LS
Asker,59.83333,10.43721,61906,NO
Huoqiu Chengguanzhen,32.35473,116.2939,61904,CN
Mudu,31.25597,120.51857,61902,CN
Zalaegerszeg,46.83695,16.84401,61898,HU
Fengyi,25.58399,100.31181,61890,CN
Nandu,22.8525,110.82333,61881,CN
Pisco,-13.71029,-76.20538,61869,PE
Siddhapur,23.91783,72.37212,61867,IN
Bāmyān,34.82156,67.82734,61863,AF
Longfeng,30.38793,109.50706,61862,CN
Taoluo,35.27389,119.37028,61852,CN
Bassar,9.25025,0.78213,61845,TG
Moca,19.39289,-70.52347,61834,DO
Zamora,41.50633,-5.74456,61827,ES
Iskitim,54.64261,83.30353,61827,RU
Kiryat Gat,31.60998,34.76422,61817,IL
Carazinho,-28.28389,-52.78639,61804,BR
Porirua,-41.13333,174.85,61800,NZ
Diphu,25.84341,93.43116,61797,IN
Attur,11.59414,78.60143,61793,IN
Darāw,24.40796,32.92324,61790,EG
Beni Enzar,35.26,-2.93,61786,MA
Revda,56.80239,59.93774,61785,RU
Long Mỹ,9.68141,105.57226,61781,VN
Lobnya,56.02714,37.46793,61772,RU
Kōshi,32.89271,130.77567,61772,JP
Yingshang Chengguanzhen,32.62945,116.27013,61771,CN
Tempelhof,52.46667,13.4,61769,DE
San Andrés Tuxtla,18.4487,-95.21327,61769,MX
Carmichael,38.61713,-121.32828,61762,US
Songkhla,7.19882,100.5951,61758,TH
Kokstad,-30.54723,29.42412,61751,ZA
Kampong Cham,11.99339,105.4635,61750,KH
Scarborough,54.27966,-0.40443,61749,GB
Rāyadrug,14.69971,76.85241,61749,IN
Xiangzhou,36.16444,119.41889,61748,CN
Yamato-Takada,34.51667,135.75,61744,JP
Rāth,25.59474,79.5666,61728,IN
Ngozi,-2.9075,29.8306,61716,BI
Al Shamkhah City,24.39268,54.70779,61710,AE
Lakshmīpur,22.9443,90.83005,61703,BD
Yangiyŭl,41.11202,69.0471,61700,UZ
Yongning,22.76101,108.48359,61690,CN
Wesel,51.6669,6.62037,61685,DE
Penápolis,-21.41972,-50.0775,61679,BR
Vyksa,55.32058,42.17402,61664,RU
Cortazar,20.48362,-100.96237,61658,MX
Tríkala,39.55493,21.76837,61653,GR
Kolea,36.63888,2.76845,61643,DZ
Kāmyārān,34.79535,46.93682,61642,IR
Chambéry,45.56628,5.92079,61640,FR
Kolding,55.4904,9.47216,61638,DK
Extremoz,-5.70556,-35.30722,61635,BR
Xinye,32.52875,112.36514,61633,CN
Cheruvannur,11.19033,75.82833,61614,IN
Budapest XIX. kerület,47.45293,19.14943,61610,HU
Dmitrov,56.34485,37.52041,61607,RU
Ueno-ebisumachi,34.75856,136.13108,61598,JP
Sibay,52.71793,58.66667,61590,RU
Lishu,43.30727,124.33371,61584,CN
Oroqen Zizhiqi,50.56667,123.71667,61582,CN
Taylor,42.24087,-83.26965,61568,US
La Fría,8.21523,-72.24888,61568,VE
Béja,36.72564,9.18169,61568,TN
Alcoy,38.70545,-0.47432,61552,ES
Cayenne,4.9381,-52.33455,61550,GF
Hujra Shah Muqim,30.74168,73.82327,61546,PK
Hasuda,35.97113,139.6491,61540,JP
Gaya,11.88435,3.44919,61533,NE
Xianju,28.8547,120.73168,61532,CN
Aş Şaff,29.56472,31.28111,61531,EG
Malaybalay,8.1575,125.12778,61524,PH
Mora,11.04611,14.14011,61523,CM
Vriddhāchalam,11.5183,79.32411,61498,IN
Korosten,50.9512,28.63859,61496,UA
Karlstad,59.3793,13.50357,61492,SE
Nieuwegein,52.02917,5.08056,61489,NL
Burnsville,44.76774,-93.27772,61481,US
Andradina,-20.89611,-51.37944,61473,BR
Tamba,35.17483,135.03101,61471,JP
Bārh,25.48339,85.70928,61470,IN
Jianguang,28.19377,115.7836,61469,CN
Monterey Park,34.06251,-118.12285,61468,US
Widnes,53.3618,-2.73406,61464,GB
Djibo,14.09864,-1.62665,61462,BF
Euclides da Cunha,-10.5075,-39.01583,61456,BR
Kispest,47.4515,19.14017,61453,HU
Issy-les-Moulineaux,48.82104,2.27718,61447,FR
Morada Nova,-5.10667,-38.3725,61443,BR
Dongning,44.08436,131.11841,61440,CN
Aketi,2.73877,23.78326,61437,CD
Dashi,30.09372,106.22227,61426,CN
Stryi,49.26103,23.84845,61404,UA
Kempten (Allgäu),47.72674,10.31389,61399,DE
Mdiq,35.68313,-5.32871,61398,MA
Castro Valley,37.6941,-122.08635,61388,US
Abū Ḩummuş,31.09311,30.31418,61388,EG
Mariana,-20.37778,-43.41611,61387,BR
Shāhāda,21.54538,74.47106,61376,IN
Tunasan,14.37917,121.0525,61374,PH
Sig,35.52832,-0.19369,61373,DZ
San Salvador Tizatlalli,19.26028,-99.59083,61367,MX
Coroatá,-4.13,-44.12417,61351,BR
Arrecife,28.96302,-13.54769,61351,ES
Savona,44.30905,8.47715,61345,IT
Mushie,-3.01728,16.92238,61336,CD
Irvington,40.73232,-74.23487,61323,US
Sindelfingen,48.7,9.01667,61311,DE
Výronas,37.96105,23.753,61308,GR
Neuilly-sur-Seine,48.8846,2.26965,61300,FR
Mojo,8.58679,39.12111,61300,ET
Tianchang,37.99806,114.01556,61292,CN
Mizusawa,39.13333,141.13333,61281,JP
Dabra,25.88572,78.33221,61277,IN
Veenendaal,52.02863,5.55891,61271,NL
Mateare,12.23512,-86.42809,61234,NI
La Chorrera,8.87763,-79.78007,61232,PA
Kuroiso,36.96667,140.05,61230,JP
Tauá,-6.00306,-40.29278,61227,BR
Nova Mutum,-13.82889,-56.08222,61223,BR
Schwäbisch Gmünd,48.79947,9.79809,61216,DE
Rocklin,38.79073,-121.23578,61213,US
Slawi,-6.9816,109.1407,61206,ID
Gaalkacyo,6.76972,47.43083,61200,SO
Apatity,67.58267,33.41339,61186,RU
Chichibu,35.99028,139.07639,61159,JP
Kesennuma,38.90112,141.57746,61147,JP
Caicó,-6.45833,-37.09778,61146,BR
Runcorn,53.34174,-2.73124,61145,GB
Udumalaippettai,10.58806,77.24779,61133,IN
Utica,43.1009,-75.23266,61100,US
Dembī Dolo,8.53333,34.8,61100,ET
Gubat,12.92056,124.12306,61095,PH
Dar Naim,18.10808,-15.92666,61089,MR
Xifeng,42.73722,124.72222,61087,CN
Datong,32.62082,117.06319,61085,CN
Punta de Mata,9.69131,-63.60921,61080,VE
Horsens,55.86066,9.85034,61074,DK
Malden,42.4251,-71.06616,61068,US
Biga,40.22806,27.24222,61066,TR
Hashimoto,34.31667,135.61667,61063,JP
National City,32.67811,-117.0992,61060,US
Novoaltaysk,53.41426,83.94108,61050,RU
Pecangaan,-6.6978,110.7107,61046,ID
Bury,53.6,-2.3,61044,GB
Valjevo,44.27513,19.89821,61035,RS
Dewsbury,53.69076,-1.62907,61035,GB
Nanhu,35.48778,119.34583,61034,CN
Yicheng,31.70472,112.25611,61027,CN
Svobodnyy,51.37498,128.1401,61017,RU
Bangor,54.66079,-5.66802,61011,GB
Ban Tha Kham,13.6375,100.44128,61011,TH
Itoman,26.12647,127.66918,61007,JP
Villa Poeta José Gálvez Barrenechea,-12.21312,-76.90522,61000,PE
Sal’sk,46.47494,41.54159,61000,RU
Felege Neway,6.3,36.88333,61000,ET
Stupino,54.89735,38.06796,60999,RU
Fier-Çifçi,40.71667,19.56667,60995,AL
Parit,4.48333,100.91667,60988,MY
Kampong Sidam,5.53333,100.56667,60983,MY
Granollers,41.60797,2.28773,60981,ES
Fano,43.84052,13.01665,60978,IT
Financial District,40.70789,-74.00857,60976,US
Chinch'ŏn,36.85667,127.44333,60964,KR
Tiptūr,13.2563,76.47768,60957,IN
Sahaswān,28.07227,78.75082,60953,IN
Zeist,52.09,5.23333,60949,NL
