{"type":"FeatureCollection","name":"ne_10m_time_zones","crs":{"type":"name","properties":{"name":"urn:ogc:def:crs:OGC:1.3:CRS84"}},"features":[{"type":"Feature","properties":{"objectid":2,"scalerank":6,"featurecla":"Timezone","name":"-10","map_color6":4,"map_color8":4,"note":null,"zone":-10,"utc_format":"UTC-10:00","time_zone":"UTC-10:00","iso_8601":"2012-05-30T18:33:50-10:00","places":"Arctic Ocean","dst_places":null,"tz_name1st":null,"tz_namesum":0},"bbox":[-157.525965,70.205589,-142.440514,90],"geometry":{"type":"Polygon","coordinates":[[[-142.465073,74.900139],[-142.463108,74.446252],[-142.461143,73.992366],[-142.459179,73.538479],[-142.457214,73.084592],[-142.455249,72.630705],[-142.453284,72.176819],[-142.451319,71.722932],[-142.449355,71.269045],[-142.44739,70.815158],[-142.445425,70.361272],[-142.440514,70.227301],[-142.488035,70.238357],[-142.676865,70.270472],[-143.159242,70.324906],[-143.54109,70.333449],[-143.678607,70.329765],[-143.922932,70.305071],[-144.241878,70.284399],[-144.435266,70.253348],[-144.75577,70.209893],[-144.814514,70.205589],[-144.971853,70.234112],[-145.116606,70.248918],[-145.33328,70.293585],[-145.538909,70.347815],[-145.749743,70.37707],[-145.852576,70.381932],[-146.009426,70.381037],[-146.185504,70.3926],[-146.477717,70.396421],[-146.769929,70.400243],[-146.903838,70.399175],[-147.073271,70.39007],[-147.175674,70.393836],[-147.286383,70.411643],[-147.422211,70.459196],[-147.548404,70.489014],[-147.747567,70.515255],[-147.939389,70.550551],[-148.255638,70.57206],[-148.319111,70.588278],[-148.469261,70.645482],[-148.549115,70.667859],[-148.97823,70.7409],[-149.119351,70.756049],[-149.243631,70.759428],[-149.371174,70.755925],[-149.668665,70.725064],[-149.940049,70.717362],[-150.185772,70.696253],[-150.521389,70.715825],[-150.81039,70.71183],[-150.983995,70.699105],[-151.160677,70.670108],[-151.196433,70.668427],[-151.390166,70.731748],[-151.48251,70.750722],[-151.59572,70.76628],[-151.602934,70.852578],[-151.818216,70.984545],[-151.916738,71.013875],[-152.021751,71.036462],[-152.237682,71.0693],[-152.390091,71.086292],[-152.75027,71.10336],[-153.183362,71.134511],[-153.299215,71.135908],[-153.415912,71.131375],[-153.689117,71.099795],[-154.023067,71.101389],[-154.135805,71.158216],[-154.36287,71.241593],[-154.444525,71.263518],[-154.598784,71.290648],[-154.737457,71.327726],[-154.859032,71.346384],[-154.990289,71.357042],[-155.11014,71.3594],[-155.270395,71.354153],[-155.681934,71.408704],[-155.744353,71.422377],[-155.793791,71.468382],[-155.885924,71.515846],[-155.970097,71.547187],[-156.068644,71.573677],[-156.192412,71.596472],[-156.313437,71.610075],[-156.440545,71.61624],[-156.570604,71.614084],[-156.707928,71.601376],[-156.858383,71.574744],[-157.016418,71.533759],[-157.207599,71.472263],[-157.350928,71.418312],[-157.480173,71.35989],[-157.525965,71.330904],[-157.52562,71.378265],[-157.52562,71.62777],[-157.52562,72.095232],[-157.52562,73.030155],[-157.52562,73.497616],[-157.52562,73.965078],[-157.52562,74.43254],[-157.52562,74.900001],[-157.52562,75.354547],[-157.52562,75.809092],[-157.52562,76.263638],[-157.52562,76.718183],[-157.52562,77.172728],[-157.52562,77.627274],[-157.52562,78.081819],[-157.52562,78.536365],[-157.52562,78.99091],[-157.52562,79.445456],[-157.52562,79.900001],[-157.52562,80.354547],[-157.52562,80.809092],[-157.52562,81.263638],[-157.52562,81.718183],[-157.52562,82.627274],[-157.52562,83.081819],[-157.52562,83.536365],[-157.52562,83.99091],[-157.52562,84.445456],[-157.52562,84.900001],[-157.52562,85.363637],[-157.52562,85.827274],[-157.52562,86.29091],[-157.52562,86.754546],[-157.52562,87.218182],[-157.52562,87.681819],[-157.52562,88.145455],[-157.52562,88.609091],[-157.52562,89.072727],[-157.52562,89.536364],[-157.52562,90],[-157.084585,90],[-156.643551,90],[-156.202516,90],[-155.320447,90],[-154.879412,90],[-154.438377,90],[-153.997343,90],[-153.556308,90],[-153.115273,90],[-152.674239,90],[-152.233204,90],[-151.792169,90],[-151.351135,90],[-150.9101,90],[-150.469065,90],[-150.02803,90],[-149.586996,90],[-149.145961,90],[-148.704926,90],[-148.263892,90],[-147.822857,90],[-147.381822,90],[-146.940788,90],[-146.058718,90],[-145.617684,90],[-145.176649,90],[-144.735614,90],[-144.29458,90],[-143.853545,90],[-143.41251,90],[-142.971476,90],[-142.530441,90],[-142.528434,89.536368],[-142.526427,89.072736],[-142.524419,88.609104],[-142.522412,88.145472],[-142.520405,87.68184],[-142.518398,87.218208],[-142.516391,86.754575],[-142.514384,86.290943],[-142.512376,85.827311],[-142.510369,85.363679],[-142.508362,84.900047],[-142.504428,83.990965],[-142.502461,83.536423],[-142.500494,83.081882],[-142.498527,82.627341],[-142.49656,82.1728],[-142.494593,81.718258],[-142.492626,81.263717],[-142.490659,80.809176],[-142.488692,80.354634],[-142.486725,79.900093],[-142.484757,79.445552],[-142.482788,78.991011],[-142.48082,78.536469],[-142.478852,78.081928],[-142.476883,77.627387],[-142.474915,77.172846],[-142.472946,76.718304],[-142.470978,76.263763],[-142.46901,75.809222],[-142.465073,74.900139]]]}},{"type":"Feature","properties":{"objectid":2,"scalerank":6,"featurecla":"Timezone","name":"-10","map_color6":4,"map_color8":4,"note":null,"zone":-10,"utc_format":"UTC-10:00","time_zone":"UTC-10:00","iso_8601":"2012-05-30T18:33:50-10:00","places":"United States (Aleutian Islands)","dst_places":"United States (Aleutian Islands)","tz_name1st":null,"tz_namesum":0},"bbox":[169.999662,48,180,59.501864],"geometry":{"type":"Polygon","coordinates":[[[179.999674,59.501864],[179.999989,59.298837],[179.99999,58.809615],[179.99999,58.320392],[179.999991,57.83117],[179.999991,57.341948],[179.999992,56.852726],[179.999993,56.363503],[179.999993,55.874281],[179.999994,55.385059],[179.999994,54.895836],[179.999995,54.406614],[179.999995,53.917392],[179.999996,53.42817],[179.999997,52.938947],[179.999997,52.449725],[179.999998,51.960503],[179.999998,51.471281],[179.999999,50.982058],[179.999999,50.492836],[180,50.003614],[180,49.602891],[180,49.202168],[180,48.801446],[180,48.400723],[180,48],[179.555038,48.221914],[179.110077,48.443828],[178.653222,48.696139],[178.216166,48.920498],[177.771353,49.148013],[177.333909,49.370998],[176.91041,49.586169],[176.47942,49.804397],[175.996838,50.047944],[175.587111,50.254011],[175.147861,50.474171],[174.693693,50.701139],[174.261119,50.916482],[173.813767,51.138624],[173.354429,51.365843],[172.967056,51.55717],[172.52132,51.776162],[172.062751,52.000737],[171.73446,52.161261],[171.339437,52.353686],[170.799881,52.615122],[170.487378,52.765677],[169.999662,52.999932],[170.273997,53.191951],[170.547356,53.382545],[170.819738,53.571715],[171.091062,53.75942],[171.361572,53.945579],[171.631106,54.130355],[171.899663,54.313624],[172.167,54.49547],[172.43336,54.675892],[172.827207,54.941146],[173.226173,55.208327],[173.488057,55.382889],[173.748964,55.555986],[174.008651,55.727619],[174.267117,55.897786],[174.524362,56.066448],[174.9285,56.330041],[175.288855,56.563767],[175.590778,56.758309],[175.792115,56.887949],[176.056766,57.05718],[176.290004,57.206311],[176.501431,57.340427],[176.782358,57.518692],[177.037569,57.679419],[177.269342,57.825295],[177.542945,57.996317],[177.750466,58.125956],[178.03058,58.299786],[178.225569,58.420718],[178.50145,58.590642],[178.937977,58.858222],[179.413568,59.147857],[179.727875,59.338014],[179.999674,59.501864]]]}},{"type":"Feature","properties":{"objectid":1,"scalerank":6,"featurecla":"Timezone","name":"-11","map_color6":5,"map_color8":3,"note":null,"zone":-11,"utc_format":"UTC-11:00","time_zone":"UTC-11:00","iso_8601":"2012-05-30T17:33:50-11:00","places":"Arctic Ocean","dst_places":null,"tz_name1st":null,"tz_namesum":0},"bbox":[-172.509033,68,-157.52562,90],"geometry":{"type":"Polygon","coordinates":[[[-157.942121,71.121678],[-158.174173,71.050751],[-158.266198,71.044343],[-158.519018,71.056768],[-158.751046,71.046245],[-158.964932,71.080021],[-159.150015,71.088346],[-159.365144,71.076718],[-159.667193,71.039752],[-159.911307,70.998184],[-160.091958,70.953144],[-160.167972,70.92552],[-160.323759,70.853598],[-160.577984,70.76681],[-160.803144,70.661732],[-161.11354,70.578635],[-161.285519,70.520921],[-161.349601,70.517985],[-161.83008,70.555171],[-161.941284,70.55591],[-162.041202,70.549835],[-162.219242,70.519702],[-162.465425,70.448633],[-162.762424,70.375428],[-162.897386,70.326347],[-162.999701,70.275872],[-163.234566,70.112236],[-163.510804,69.955257],[-163.585071,69.899116],[-163.749576,69.68481],[-163.762044,69.628116],[-163.757143,69.479922],[-163.776438,69.435632],[-163.816068,69.395348],[-164.065641,69.253771],[-164.376243,69.151456],[-164.498753,69.128147],[-164.879624,69.114039],[-165.193874,69.079808],[-165.370133,69.077623],[-165.584414,69.067126],[-166.051017,69.092746],[-166.339618,69.082541],[-166.473018,69.065691],[-166.590435,69.037793],[-166.680844,69.001762],[-166.750353,68.95585],[-166.777867,68.910382],[-167.222294,68.728305],[-167.66672,68.546229],[-168.111147,68.364153],[-168.555573,68.182076],[-169,68],[-169.389893,68.248113],[-169.698484,68.516231],[-170.130413,68.837278],[-170.536463,69.132162],[-170.889657,69.383914],[-171.337863,69.697801],[-171.713952,69.95679],[-172.108125,70.224268],[-172.508475,70.492052],[-172.509033,70.699716],[-172.509033,71.166414],[-172.509033,71.633112],[-172.509033,72.099811],[-172.509033,72.566509],[-172.509033,73.033208],[-172.509033,73.499906],[-172.509033,73.966604],[-172.509033,74.433303],[-172.509033,74.900001],[-172.509033,75.354547],[-172.509033,75.809092],[-172.509033,76.263638],[-172.509033,76.718183],[-172.509033,77.172728],[-172.509033,77.627274],[-172.509033,78.081819],[-172.509033,78.536365],[-172.509033,78.99091],[-172.509033,79.445456],[-172.509033,79.900001],[-172.509033,80.354547],[-172.509033,80.809092],[-172.509033,81.263638],[-172.509033,81.718183],[-172.509033,82.172728],[-172.509033,82.627274],[-172.509033,83.081819],[-172.509033,83.536365],[-172.509033,83.99091],[-172.509033,84.445456],[-172.509033,84.900001],[-172.509033,85.363637],[-172.509033,85.827274],[-172.509033,86.29091],[-172.509033,86.754546],[-172.509033,87.218182],[-172.509033,87.681819],[-172.509033,88.145455],[-172.509033,88.609091],[-172.509033,89.072727],[-172.509033,89.536364],[-172.509033,90],[-172.068344,90],[-171.627656,90],[-171.186967,90],[-170.746279,90],[-170.30559,90],[-169.864901,90],[-169.424213,90],[-168.983524,90],[-168.542835,90],[-168.102147,90],[-167.661458,90],[-167.22077,90],[-166.780081,90],[-166.339392,90],[-165.898704,90],[-165.458015,90],[-165.017326,90],[-164.576638,90],[-164.135949,90],[-163.695261,90],[-163.254572,90],[-162.813883,90],[-162.373195,90],[-161.932506,90],[-161.491818,90],[-161.051129,90],[-160.61044,90],[-160.169752,90],[-159.729063,90],[-159.288374,90],[-158.847686,90],[-158.406997,90],[-157.966309,90],[-157.52562,90],[-157.52562,89.536364],[-157.52562,89.072727],[-157.52562,88.609091],[-157.52562,88.145455],[-157.52562,87.681819],[-157.52562,87.218182],[-157.52562,86.754546],[-157.52562,86.29091],[-157.52562,85.827274],[-157.52562,85.363637],[-157.52562,84.900001],[-157.52562,84.445456],[-157.52562,83.99091],[-157.52562,83.536365],[-157.52562,83.081819],[-157.52562,82.627274],[-157.52562,82.172728],[-157.52562,81.718183],[-157.52562,81.263638],[-157.52562,80.809092],[-157.52562,80.354547],[-157.52562,79.900001],[-157.52562,79.445456],[-157.52562,78.99091],[-157.52562,78.536365],[-157.52562,78.081819],[-157.52562,77.627274],[-157.52562,77.172728],[-157.52562,76.718183],[-157.52562,76.263638],[-157.52562,75.809092],[-157.52562,75.354547],[-157.52562,74.900001],[-157.525855,74.453743],[-157.52609,74.007484],[-157.526325,73.561226],[-157.52656,73.114967],[-157.526794,72.668708],[-157.527029,72.22245],[-157.527264,71.776191],[-157.527499,71.329933],[-157.682412,71.231874],[-157.775443,71.184885],[-157.942121,71.121678]]]}},{"type":"Feature","properties":{"objectid":1,"scalerank":6,"featurecla":"Timezone","name":"-11","map_color6":5,"map_color8":3,"note":null,"zone":-11,"utc_format":"UTC-11:00","time_zone":"UTC-11:00","iso_8601":"2012-05-30T17:33:50-11:00","places":"American Samoa, Niue","dst_places":null,"tz_name1st":null,"tz_namesum":0},"bbox":[-172.502027,-2.509434,-157.514692,15.020526],"geometry":{"type":"Polygon","coordinates":[[[-172.483,15.020526],[-172.483,15],[-172.016167,15],[-171.549333,15],[-171.0825,15],[-170.615667,15],[-170.148833,15],[-169.682,15],[-169.195258,15.000001],[-168.708516,15.000001],[-168.221774,15.000002],[-167.735033,15.000002],[-167.248291,15.000003],[-166.761549,15.000004],[-166.274807,15.000004],[-165.788065,15.000005],[-165.301323,15.000006],[-164.814581,15.000006],[-164.32784,15.000007],[-163.841098,15.000007],[-163.354356,15.000008],[-162.867614,15.000009],[-162.380872,15.000009],[-161.89413,15.00001],[-161.407388,15.000011],[-160.920646,15.000011],[-160.433905,15.000012],[-159.947163,15.000012],[-159.460421,15.000013],[-158.973679,15.000014],[-158.486937,15.000014],[-158.000195,15.000015],[-158.000195,14.999085],[-157.51759,14.999085],[-157.517536,14.499131],[-157.517483,13.999178],[-157.517429,13.499224],[-157.517376,12.999271],[-157.517322,12.499317],[-157.517269,11.999364],[-157.517215,11.49941],[-157.517162,10.999457],[-157.517108,10.499503],[-157.517055,9.99955],[-157.517001,9.499596],[-157.516948,8.999643],[-157.516894,8.499689],[-157.51684,7.999736],[-157.516787,7.499782],[-157.516733,6.999829],[-157.51668,6.499875],[-157.516626,5.999922],[-157.516573,5.499968],[-157.514692,4.937315],[-158.029094,4.937315],[-158.502344,4.937315],[-159.016746,4.937315],[-159.531148,4.937315],[-160.004398,4.937315],[-160.639769,4.937315],[-160.639769,4.534584],[-160.639769,4.061334],[-160.639769,3.50578],[-160.639769,3.011954],[-160.639769,2.518128],[-160.639769,2.003726],[-160.639769,1.498161],[-160.248359,1.184365],[-159.91244,0.915056],[-159.568964,0.639688],[-159.240496,0.376353],[-158.957163,0.149203],[-158.486571,-0.228073],[-158.486571,-0.609436],[-158.486571,-1.003605],[-158.486571,-1.486866],[-158.486571,-1.977676],[-158.486571,-2.509434],[-159.042424,-2.509434],[-159.570988,-2.509434],[-160.024044,-2.509434],[-160.552609,-2.509434],[-161.043419,-2.509434],[-161.534229,-2.509434],[-162.02504,-2.509434],[-162.51585,-2.509434],[-163.044415,-2.509434],[-163.535225,-2.509434],[-164.026035,-2.509434],[-164.516845,-2.509434],[-165.007656,-2.509434],[-165.536221,-2.509434],[-166.027031,-2.509434],[-166.480086,-2.509434],[-167.008651,-2.509434],[-167.461707,-2.509434],[-168.179045,-2.509434],[-168.70761,-2.509434],[-169.273929,-2.509434],[-169.878003,-2.509434],[-170.406568,-2.509434],[-170.859624,-2.509434],[-171.463698,-2.509434],[-172.067772,-2.509434],[-172.502027,-2.509317],[-172.501521,-2.131333],[-172.501044,-1.774513],[-172.500508,-1.374426],[-172.500008,-1.000817],[-172.500008,-0.50082],[-172.500008,-0.000823],[-172.500008,0.499174],[-172.500008,0.999171],[-172.500008,1.499168],[-172.500008,1.999164],[-172.500008,2.499161],[-172.500008,2.999158],[-172.500008,3.499155],[-172.500008,3.999152],[-172.500008,4.499149],[-172.500008,4.999146],[-172.500008,5.499143],[-172.500008,5.99914],[-172.500008,6.499137],[-172.500008,6.999134],[-172.500008,7.499131],[-172.500008,7.999128],[-172.500008,8.499125],[-172.500008,8.999122],[-172.500008,9.499118],[-172.500008,9.999115],[-172.500008,10.499112],[-172.500008,10.999109],[-172.500008,11.499106],[-172.500008,11.999103],[-172.500008,12.4991],[-172.500008,12.999097],[-172.500008,13.499094],[-172.500008,13.999091],[-172.500008,14.499088],[-172.500008,14.999085],[-172.483,15.020526]]]}},{"type":"Feature","properties":{"objectid":1,"scalerank":6,"featurecla":"Timezone","name":"-11","map_color6":5,"map_color8":3,"note":null,"zone":-11,"utc_format":"UTC-11:00","time_zone":"UTC-11:00","iso_8601":"2012-05-30T17:33:50-11:00","places":"American Samoa, Niue","dst_places":null,"tz_name1st":"Pacific/Midway","tz_namesum":1},"bbox":[-180,27.591498,-157.506363,48.001448],"geometry":{"type":"Polygon","coordinates":[[[-172.513456,48.000897],[-172.029357,48.000915],[-171.545257,48.000933],[-171.061157,48.00095],[-170.577057,48.000968],[-170.092958,48.000986],[-169.608858,48.001004],[-169.124758,48.001021],[-168.640658,48.001039],[-168.156558,48.001057],[-167.672459,48.001075],[-167.188359,48.001093],[-166.704259,48.00111],[-166.220159,48.001128],[-165.736059,48.001146],[-165.25196,48.001164],[-164.76786,48.001182],[-164.28376,48.001199],[-163.79966,48.001217],[-163.31556,48.001235],[-162.831461,48.001253],[-162.347361,48.00127],[-161.863261,48.001288],[-161.379161,48.001306],[-160.895062,48.001324],[-160.410962,48.001342],[-159.926862,48.001359],[-159.442762,48.001377],[-158.958662,48.001395],[-158.474563,48.001413],[-157.990463,48.001431],[-157.506363,48.001448],[-157.506363,47.505671],[-157.506363,47.009893],[-157.506363,46.514116],[-157.506363,46.018338],[-157.506363,45.522561],[-157.506363,45.026783],[-157.506363,44.572238],[-157.506363,44.117692],[-157.506363,43.663147],[-157.506363,43.208601],[-157.506363,42.754056],[-157.506363,42.29951],[-157.506363,41.844965],[-157.506363,41.390419],[-157.506363,40.935874],[-157.506363,40.481329],[-157.506363,40.026783],[-157.506363,39.572238],[-157.506363,39.117692],[-157.506363,38.663147],[-157.506363,38.208601],[-157.506363,37.754056],[-157.506363,37.29951],[-157.506363,36.844965],[-157.506363,36.390419],[-157.506363,35.935874],[-157.506363,35.481329],[-157.506363,35.026783],[-157.506363,34.572238],[-157.506363,34.117692],[-157.506363,33.663147],[-157.506363,33.208601],[-157.506363,32.754056],[-157.506363,32.29951],[-157.506363,31.844965],[-157.506363,31.390419],[-157.506363,30.935874],[-157.506363,30.481329],[-157.506363,30.026783],[-157.506363,29.998893],[-158.002162,29.998986],[-158.497962,29.999079],[-158.993761,29.999172],[-159.489561,29.999265],[-159.98536,29.999358],[-160.48116,29.999451],[-160.976959,29.999545],[-161.472759,29.999638],[-161.968558,29.999731],[-162.464358,29.999824],[-162.960157,29.999917],[-163.455957,30.00001],[-163.951756,30.000103],[-164.447555,30.000196],[-164.943355,30.00029],[-165.439154,30.000383],[-165.934954,30.000476],[-166.430753,30.000569],[-166.926553,30.000662],[-167.422352,30.000755],[-167.918152,30.000848],[-168.413951,30.000941],[-168.909751,30.001035],[-169.40555,30.001128],[-169.90135,30.001221],[-170.397149,30.001314],[-170.892948,30.001407],[-171.388748,30.0015],[-171.884547,30.001593],[-172.380347,30.001686],[-172.876146,30.00178],[-173.371946,30.001873],[-173.867745,30.001966],[-174.363545,30.002059],[-174.859344,30.002152],[-175.355144,30.002245],[-175.850943,30.002338],[-176.346743,30.002431],[-176.346743,29.998893],[-176.346743,29.517414],[-176.346743,29.035935],[-176.346743,28.554456],[-176.346743,28.072977],[-176.346743,27.591498],[-176.771738,27.591507],[-177.196734,27.591516],[-177.621729,27.591526],[-178.046725,27.591535],[-178.046725,28.073736],[-178.046725,28.555936],[-178.046725,29.038137],[-178.046725,29.520338],[-178.046725,30.002539],[-178.535041,30.001627],[-179.023357,30.000716],[-179.511673,29.999804],[-179.999989,29.998893],[-180,30.498883],[-180,30.998873],[-180,31.498863],[-180,31.998853],[-180,32.498843],[-180,32.998834],[-180,33.498824],[-180,33.998814],[-180,34.498804],[-180,34.998794],[-179.500001,34.998794],[-179,34.998794],[-178.500002,34.998794],[-178,34.998794],[-177.500003,34.998794],[-177,34.998794],[-176.500004,34.998794],[-176,34.998794],[-175.500005,34.998794],[-175,34.998794],[-174.500006,34.998794],[-174,34.998794],[-173.500007,34.998794],[-173,34.998794],[-172.500008,34.998794],[-172.500506,35.480354],[-172.501004,35.961913],[-172.501502,36.443472],[-172.502,36.925032],[-172.502498,37.406591],[-172.502996,37.88815],[-172.503495,38.36971],[-172.503993,38.851269],[-172.504491,39.332828],[-172.504989,39.814388],[-172.505487,40.295947],[-172.505985,40.777507],[-172.506483,41.259066],[-172.506981,41.740625],[-172.507479,42.222185],[-172.507977,42.703744],[-172.508476,43.185303],[-172.508974,43.666863],[-172.509472,44.148422],[-172.50997,44.629981],[-172.510468,45.111541],[-172.510966,45.5931],[-172.511464,46.07466],[-172.511962,46.556219],[-172.51246,47.037778],[-172.512958,47.519338],[-172.513456,48.000897]]]}},{"type":"Feature","properties":{"objectid":1,"scalerank":6,"featurecla":"Timezone","name":"-11","map_color6":5,"map_color8":3,"note":null,"zone":-11,"utc_format":"UTC-11:00","time_zone":"UTC-11:00","iso_8601":"2012-05-30T17:33:50-11:00","places":"American Samoa, Niue","dst_places":null,"tz_name1st":"Pacific/Pago_Pago","tz_namesum":2},"bbox":[-172.539918,-78.629419,-157.506348,-5.842297],"geometry":{"type":"Polygon","coordinates":[[[-167.997656,-7.99826],[-167.996518,-8.00031],[-168.000094,-8.400378],[-168.000073,-9.200516],[-168.000053,-10.000654],[-168.000037,-10.675939],[-168.000015,-11.605836],[-168,-12.535733],[-167.506062,-13.000681],[-167.011469,-13.500677],[-167.010121,-14.500668],[-167.008773,-15.500659],[-167.007426,-16.500651],[-167.006078,-17.500642],[-167.00473,-18.500633],[-167.003382,-19.500624],[-167.002035,-20.500616],[-167.000687,-21.500607],[-166.500029,-22.000531],[-165.50006,-22.000389],[-164.500091,-22.000246],[-163.500123,-22.000104],[-163.000121,-22.428689],[-163.000086,-23.286003],[-163.000051,-24.143317],[-163.000016,-25.00063],[-162.001168,-25.00063],[-161.002319,-25.00063],[-160.00347,-25.00063],[-159.004621,-25.00063],[-158.005772,-25.00063],[-157.506348,-25.42016],[-157.506348,-26.25922],[-157.506348,-27.098279],[-157.506348,-28.017809],[-157.506348,-29.017808],[-157.506348,-30.017808],[-157.506348,-31.017808],[-157.506348,-32.017807],[-157.506348,-32.972352],[-157.506348,-33.881443],[-157.506348,-34.790534],[-157.506348,-35.699625],[-157.506348,-36.608716],[-157.506348,-37.517807],[-157.506348,-38.411872],[-157.506348,-39.305936],[-157.506348,-40.200001],[-157.506348,-41.109092],[-157.506348,-42.018183],[-157.506348,-42.472728],[-157.506348,-43.381819],[-157.506348,-44.29091],[-157.506348,-45.200001],[-157.506348,-46.109092],[-157.506348,-47.018183],[-157.506348,-47.927274],[-157.506348,-48.836365],[-157.506348,-49.745456],[-157.506348,-50.450001],[-157.506348,-51.154546],[-157.506348,-52.063637],[-157.506348,-52.972728],[-157.506348,-53.881819],[-157.506348,-54.79091],[-157.506348,-55.700001],[-157.506348,-56.609092],[-157.506348,-57.518183],[-157.506348,-58.427274],[-157.506348,-59.336365],[-157.506348,-60.245456],[-157.506348,-61.200001],[-157.506348,-62.2],[-157.506348,-63.199999],[-157.506348,-64.199998],[-157.506348,-65.199997],[-157.506348,-66.154542],[-157.506348,-67.063633],[-157.506348,-67.972724],[-157.506348,-68.881815],[-157.506348,-69.790906],[-157.506348,-70.699997],[-157.506348,-71.609088],[-157.506348,-72.518179],[-157.506348,-73.42727],[-157.506348,-74.336361],[-157.506348,-75.245452],[-157.506348,-76.096265],[-157.506348,-76.888801],[-157.677683,-76.872127],[-157.969713,-76.863426],[-158.438104,-76.886003],[-158.735622,-76.918863],[-159.005743,-76.987791],[-159.150395,-77.069364],[-159.134448,-77.209656],[-159.214377,-77.323881],[-159.124411,-77.441822],[-159.179142,-77.527832],[-159.206901,-77.594787],[-159.259606,-77.648051],[-159.507738,-77.780638],[-159.545986,-77.8947],[-159.459071,-77.953032],[-159.721015,-78.049196],[-160.618425,-78.165241],[-161.515835,-78.281285],[-162.413245,-78.39733],[-163.310655,-78.513374],[-164.208066,-78.629419],[-165.188144,-78.598577],[-166.168222,-78.567735],[-167.1483,-78.536894],[-168.128378,-78.506052],[-169.108456,-78.47521],[-170.088534,-78.444369],[-171.068611,-78.413527],[-172.048689,-78.382686],[-172.538746,-77.886227],[-172.538781,-76.924151],[-172.538817,-75.962076],[-172.538852,-75],[-172.538882,-74.090909],[-172.538913,-73.181818],[-172.538943,-72.272727],[-172.538974,-71.363636],[-172.539004,-70.454545],[-172.539036,-69.545455],[-172.53907,-68.636364],[-172.539103,-67.727273],[-172.539136,-66.818182],[-172.539169,-65.909091],[-172.539203,-65],[-172.539236,-64.090909],[-172.539269,-63.181818],[-172.539303,-62.272727],[-172.539336,-61.363636],[-172.539369,-60.454545],[-172.539402,-59.545455],[-172.539436,-58.636364],[-172.539469,-57.727273],[-172.539502,-56.818182],[-172.539535,-55.909091],[-172.539569,-55],[-172.539599,-54.090909],[-172.53963,-53.181818],[-172.53966,-52.272727],[-172.539691,-51.363636],[-172.539721,-50.454545],[-172.539753,-49.545455],[-172.53977,-49.090909],[-172.539803,-48.181818],[-172.539837,-47.272727],[-172.53987,-46.363636],[-172.539903,-45.454545],[-172.499983,-45.000002],[-172.499983,-44.062412],[-172.499983,-43.125066],[-172.499983,-42.187476],[-172.499983,-41.249968],[-172.499983,-40.114341],[-172.499983,-39.140258],[-172.499983,-38.166175],[-172.499983,-37.181729],[-172.499983,-36.207646],[-172.499983,-35.192113],[-172.499983,-34.21803],[-172.499983,-33.285397],[-172.499983,-32.290589],[-172.499983,-30.937534],[-172.499983,-29.834656],[-172.499983,-28.819123],[-172.499983,-27.389086],[-172.499983,-26.373552],[-172.499983,-25.44092],[-172.499983,-24.466837],[-172.499983,-23.499965],[-172.499983,-22.437455],[-172.499983,-21.596401],[-172.499983,-20.663768],[-172.499983,-19.781262],[-172.499983,-18.718834],[-172.499983,-17.656324],[-172.500008,-16.850328],[-172.499983,-16.062559],[-172.499983,-15.00013],[-171.596869,-14.593251],[-171.003287,-13.967921],[-171.100207,-12.996836],[-171.196721,-12.029806],[-171.26103,-11.385463],[-171.224434,-10.681956],[-171.09959,-10.00634],[-170.992788,-9.428362],[-170.730198,-8.838609],[-170.330979,-7.942],[-169.895887,-6.964823],[-169.396078,-5.842297],[-168.507286,-5.842297],[-167.997656,-7.99826]]]}},{"type":"Feature","properties":{"objectid":2,"scalerank":6,"featurecla":"Timezone","name":"-10","map_color6":4,"map_color8":4,"note":null,"zone":-10,"utc_format":"UTC-10:00","time_zone":"UTC-10:00","iso_8601":"2012-05-30T18:33:50-10:00","places":"United States (Hawaii)","dst_places":"Most of French Polynesia, United States (Aleutian Islands)","tz_name1st":"Pacific/Honolulu","tz_namesum":6},"bbox":[-180,-77.11476,-133.000022,62.928615],"geometry":{"type":"Polygon","coordinates":[[[-169.347835,53.044324],[-167.650587,52.912075],[-165.251093,53.395028],[-162.851599,53.87798],[-159.972206,54.457524],[-157.709292,55.01158],[-155.480524,55.583412],[-152.693311,56.673022],[-150.370634,57.581029],[-148.047957,58.489037],[-145.276769,59.378187],[-142.994153,59.785047],[-142.535973,57.90256],[-142.533903,55.447737],[-142.531419,52.50195],[-142.529349,50.047127],[-142.529297,48.007594],[-142.529297,45.047127],[-142.529297,42.7744],[-142.529297,40.501673],[-142.529297,37.7744],[-142.529297,35.501673],[-142.529297,33.228945],[-142.529297,30.501673],[-142.529297,28.228945],[-142.529297,25.956218],[-142.529297,23.683491],[-142.529297,20.956218],[-142.529297,18.771889],[-142.529297,16.528627],[-142.529297,13.801355],[-142.529297,11.528627],[-142.529297,9.2559],[-142.529297,6.528627],[-142.529297,4.2559],[-142.529297,2.061095],[-142.529297,-0.562282],[-142.529297,-2.835009],[-142.529297,-5.10236],[-142.529297,-7.000973],[-142.529297,-9.653191],[-142.529085,-12.043769],[-142.042892,-13.000599],[-139.29784,-13.000382],[-137.000392,-13.000653],[-136.000299,-15.25064],[-134.800189,-17.950625],[-133.800096,-20.200613],[-133.000022,-22.500597],[-133.000022,-25.500564],[-133.500021,-27.000649],[-136.000015,-27.000649],[-138.50001,-27.000649],[-140.000281,-28.500175],[-141.686322,-29.000154],[-142.529297,-30.402955],[-142.529297,-33.208421],[-142.529297,-35.494181],[-142.529297,-37.766908],[-142.529292,-40.494181],[-142.529285,-42.766908],[-142.529282,-45.039635],[-142.529282,-47.766908],[-142.529282,-50.039635],[-142.529282,-52.312363],[-142.529282,-54.590285],[-142.529282,-57.330544],[-142.529282,-59.603272],[-142.529282,-61.875999],[-142.529282,-64.603272],[-142.529282,-66.875999],[-142.529282,-69.148726],[-142.529282,-71.875999],[-142.529282,-73.916057],[-142.731709,-75.245969],[-143.430066,-75.341026],[-144.970781,-75.420051],[-146.013492,-75.310775],[-146.839802,-75.46404],[-146.777649,-75.742809],[-147.412429,-75.866476],[-148.544843,-75.896059],[-149.698969,-76.104241],[-150.492334,-76.306063],[-150.701577,-76.505487],[-151.70312,-76.690052],[-151.635763,-76.933377],[-151.952883,-77.09324],[-152.971552,-77.015094],[-154.338083,-76.870295],[-155.234285,-76.917395],[-156.594945,-76.882306],[-157.506348,-76.888801],[-157.506348,-74.790906],[-157.506348,-72.518179],[-157.506348,-69.790906],[-157.506348,-67.518179],[-157.506348,-65.199997],[-157.506348,-62.2],[-157.506348,-59.79091],[-157.506348,-57.518183],[-157.506348,-55.245456],[-157.506348,-52.518183],[-157.506348,-50.450001],[-157.506348,-48.381819],[-157.506348,-45.654546],[-157.506348,-43.381819],[-157.506348,-41.109092],[-157.506348,-38.411872],[-157.506348,-36.154171],[-157.506348,-33.881443],[-157.506348,-31.017808],[-157.506348,-28.517809],[-157.506348,-26.25922],[-158.505197,-25.00063],[-161.501743,-25.00063],[-163.000051,-24.143317],[-163.000138,-22.000033],[-166.000044,-22.00046],[-167.001382,-20.500616],[-167.003663,-18.000637],[-167.006401,-15.000664],[-167.504104,-13.000681],[-168.000026,-11.140887],[-168.000092,-8.446248],[-167.987474,-5.842297],[-165.492378,-5.842297],[-163.031936,-5.842297],[-159.982374,-5.842297],[-157.506203,-5.842297],[-155.78241,-6.984409],[-154.984053,-10.043893],[-153.521882,-11.645359],[-150.971795,-11.645359],[-150.000137,-10.000335],[-150.824954,-7.694442],[-151.643635,-5.495869],[-152.524109,-3.131351],[-153.570363,-0.32163],[-154.418136,1.955067],[-155.275605,4.257805],[-157.524925,4.937315],[-157.516787,7.499782],[-157.517055,9.99955],[-157.517376,12.999271],[-158.000195,14.999085],[-159.947163,15.000012],[-162.867614,15.000009],[-165.301323,15.000006],[-167.735033,15.000002],[-170.148833,15],[-172.483,15.425167],[-172.483,17.551],[-172.483207,20.0509],[-172.483414,23.040438],[-172.9532,24.998991],[-175.30213,24.998991],[-178.120846,24.998991],[-179.999989,25.498981],[-179.999989,27.998932],[-179.023357,30.000716],[-178.046725,28.555936],[-176.771738,27.591507],[-176.346743,29.517414],[-174.363545,30.002059],[-171.884547,30.001593],[-169.40555,30.001128],[-166.430753,30.000569],[-163.951756,30.000103],[-161.472759,29.999638],[-158.497962,29.999079],[-157.506363,30.935874],[-157.506363,33.208601],[-157.506363,35.935874],[-157.506363,38.208601],[-157.506363,40.481329],[-157.506363,42.754056],[-157.506363,45.522561],[-157.506363,48.001448],[-159.926862,48.001359],[-162.831461,48.001253],[-165.25196,48.001164],[-167.672459,48.001075],[-170.577057,48.000968],[-172.513456,48.000897],[-175.008971,48.000598],[-178.003588,48.000239],[-180,48.499307],[-180,50.003614],[-179.99762,52.451109],[-179.994765,55.388103],[-179.992385,57.835598],[-179.693205,59.685663],[-177.3828,61.041836],[-175.104825,62.327818],[-174.007877,61.830196],[-173.425358,59.248671],[-171.96315,57.373688],[-170.500943,55.498706],[-169.347835,53.044324]]]}},{"type":"Feature","properties":{"objectid":0,"scalerank":6,"featurecla":"Timezone","name":"-12","map_color6":1,"map_color8":8,"note":null,"zone":-12,"utc_format":"UTC-12:00","time_zone":"UTC-12:00","iso_8601":"2012-05-30T16:33:50-12:00","places":"Southern Ocean","dst_places":null,"tz_name1st":null,"tz_namesum":0},"bbox":[-180,-78.367265,-172.538728,-45.03518],"geometry":{"type":"Polygon","coordinates":[[[-172.538852,-75],[-172.538834,-75.481038],[-172.538817,-75.962076],[-172.538799,-76.443113],[-172.538781,-76.924151],[-172.538764,-77.405189],[-172.538746,-77.886227],[-172.538728,-78.367265],[-173.011149,-78.352398],[-173.483569,-78.337532],[-173.955989,-78.322666],[-174.428409,-78.307799],[-174.90083,-78.292933],[-175.37325,-78.278067],[-175.84567,-78.2632],[-176.31809,-78.248334],[-176.790511,-78.233467],[-177.249009,-78.195258],[-177.707508,-78.157049],[-178.166006,-78.11884],[-178.624505,-78.080631],[-179.083003,-78.042422],[-179.541502,-78.004212],[-180,-77.966003],[-180,-77.5],[-180,-77.166667],[-180,-76.833333],[-180,-76.5],[-180,-76.166667],[-180,-75.833333],[-180,-75.5],[-180,-75.166667],[-180,-74.833333],[-180,-74.5],[-180,-74.166667],[-180,-73.833333],[-180,-73.5],[-180,-73.166667],[-180,-72.833333],[-180,-72.5],[-180,-72.166667],[-180,-71.833333],[-180,-71.5],[-180,-71.166667],[-180,-70.833333],[-180,-70.5],[-180,-70.166667],[-180,-69.833333],[-180,-69.5],[-180,-69.166667],[-180,-68.833333],[-180,-68.5],[-180,-68.166667],[-180,-67.833333],[-180,-67.5],[-180,-67.166667],[-180,-66.833333],[-180,-66.5],[-180,-66.166667],[-180,-65.833333],[-180,-65.5],[-180,-65.166667],[-180,-64.833333],[-180,-64.5],[-180,-64.166667],[-180,-63.833333],[-180,-63.5],[-180,-63.166667],[-180,-62.833333],[-180,-62.5],[-180,-62.166667],[-180,-61.833333],[-180,-61.5],[-180,-61.166667],[-180,-60.833333],[-180,-60.5],[-180,-60.166667],[-180,-59.833333],[-180,-59.5],[-180,-59.166667],[-180,-58.833333],[-180,-58.5],[-180,-58.166667],[-180,-57.833333],[-180,-57.5],[-180,-57.166667],[-180,-56.833333],[-180,-56.5],[-180,-56.166667],[-180,-55.833333],[-180,-55.5],[-180,-55.166667],[-180,-54.833333],[-180,-54.5],[-180,-54.166667],[-180,-53.833333],[-180,-53.5],[-180,-53.166667],[-180,-52.833333],[-180,-52.5],[-180,-52.166667],[-180,-51.833333],[-180,-51.5],[-180,-50.990153],[-179.732182,-50.790849],[-179.300971,-50.445581],[-178.923937,-50.143659],[-178.593749,-49.879198],[-178.237014,-49.593587],[-177.880437,-49.308154],[-177.494036,-48.99881],[-177.187445,-48.753293],[-176.718731,-48.377964],[-176.249977,-48.002634],[-175.898015,-47.720882],[-175.524696,-47.421943],[-175.175651,-47.142418],[-174.843754,-46.876647],[-174.374959,-46.501318],[-174.022073,-46.218678],[-173.68044,-45.945201],[-173.282799,-45.626886],[-172.968696,-45.375331],[-172.539918,-45.03518],[-172.5399,-45.531662],[-172.539882,-46.028144],[-172.539864,-46.524626],[-172.539846,-47.021108],[-172.539828,-47.51759],[-172.539809,-48.014072],[-172.539791,-48.510554],[-172.539773,-49.007036],[-172.539755,-49.503518],[-172.539737,-50],[-172.539721,-50.454545],[-172.539706,-50.909091],[-172.539691,-51.363636],[-172.539676,-51.818182],[-172.53966,-52.272727],[-172.539645,-52.727273],[-172.53963,-53.181818],[-172.539615,-53.636364],[-172.539599,-54.090909],[-172.539584,-54.545455],[-172.539569,-55],[-172.539552,-55.454545],[-172.539535,-55.909091],[-172.539519,-56.363636],[-172.539502,-56.818182],[-172.539486,-57.272727],[-172.539469,-57.727273],[-172.539452,-58.181818],[-172.539436,-58.636364],[-172.539419,-59.090909],[-172.539402,-59.545455],[-172.539386,-60],[-172.539369,-60.454545],[-172.539352,-60.909091],[-172.539336,-61.363636],[-172.539319,-61.818182],[-172.539303,-62.272727],[-172.539286,-62.727273],[-172.539269,-63.181818],[-172.539253,-63.636364],[-172.539236,-64.090909],[-172.539219,-64.545455],[-172.539203,-65],[-172.539186,-65.454545],[-172.539169,-65.909091],[-172.539153,-66.363636],[-172.539136,-66.818182],[-172.53912,-67.272727],[-172.539103,-67.727273],[-172.539086,-68.181818],[-172.53907,-68.636364],[-172.539053,-69.090909],[-172.539036,-69.545455],[-172.53902,-70],[-172.539004,-70.454545],[-172.538989,-70.909091],[-172.538974,-71.363636],[-172.538959,-71.818182],[-172.538943,-72.272727],[-172.538928,-72.727273],[-172.538913,-73.181818],[-172.538898,-73.636364],[-172.538882,-74.090909],[-172.538867,-74.545455],[-172.538852,-75]]]}},{"type":"Feature","properties":{"objectid":0,"scalerank":6,"featurecla":"Timezone","name":"-12","map_color6":1,"map_color8":8,"note":null,"zone":-12,"utc_format":"UTC-12:00","time_zone":"UTC-12:00","iso_8601":"2012-05-30T16:33:50-12:00","places":"Siberia","dst_places":null,"tz_name1st":null,"tz_namesum":0},"bbox":[-180,70.497369,-172.508502,90],"geometry":{"type":"Polygon","coordinates":[[[-172.508502,70.500242],[-172.516422,70.497369],[-172.607069,70.557071],[-172.727158,70.636164],[-172.857937,70.722265],[-172.979927,70.802507],[-173.190256,70.938983],[-173.442537,71.10264],[-173.660353,71.242086],[-173.902462,71.397035],[-174.132485,71.542422],[-174.358114,71.684961],[-174.594851,71.832708],[-174.807865,71.965725],[-175.001756,72.085437],[-175.249886,72.238596],[-175.443492,72.356842],[-175.68267,72.502921],[-175.917617,72.644972],[-176.104468,72.757969],[-176.298805,72.874344],[-176.513611,73.002967],[-176.698915,73.112994],[-176.908512,73.237344],[-177.076848,73.336466],[-177.28734,73.460287],[-177.466378,73.56478],[-177.64859,73.671064],[-177.825716,73.773848],[-177.997633,73.873173],[-178.164016,73.96904],[-178.324744,74.061204],[-178.55611,74.192878],[-178.729492,74.291553],[-178.990684,74.439015],[-179.437954,74.689017],[-180,75],[-180,75.476189],[-180,75.952377],[-180,76.28571],[-180,76.619044],[-180,76.952377],[-180,77.28571],[-180,77.619044],[-180,77.952377],[-180,78.28571],[-180,78.619044],[-180,78.952377],[-180,79.28571],[-180,79.619044],[-180,79.952377],[-180,80.28571],[-180,80.619044],[-180,80.952377],[-180,81.28571],[-180,81.619044],[-180,81.952377],[-180,82.28571],[-180,82.619044],[-180,82.952377],[-180,83.28571],[-180,83.619044],[-180,83.952377],[-180,84],[-180,84.333333],[-180,84.666667],[-180,85],[-180,85.333333],[-180,85.666667],[-180,86],[-180,86.333333],[-180,86.666667],[-180,87],[-180,87.333333],[-180,87.666667],[-180,88],[-180,88.333333],[-180,88.666667],[-180,89],[-180,89.499999],[-180,89.999999],[-180,89.999999],[-180,90],[-179.559355,90],[-179.11871,90],[-178.678065,90],[-178.23742,90],[-177.796774,90],[-177.356129,90],[-176.915484,90],[-176.474839,90],[-176.034194,90],[-175.593549,90],[-175.152904,90],[-174.712259,90],[-174.271613,90],[-173.830968,90],[-173.390323,90],[-172.949678,90],[-172.509033,90],[-172.509033,89.536364],[-172.509033,89.072727],[-172.509033,88.609091],[-172.509033,88.145455],[-172.509033,87.681819],[-172.509033,87.218182],[-172.509033,86.754546],[-172.509033,86.29091],[-172.509033,85.827274],[-172.509033,85.363637],[-172.509033,84.900001],[-172.509033,84.445456],[-172.509033,83.99091],[-172.509033,83.536365],[-172.509033,83.081819],[-172.509033,82.627274],[-172.509033,82.172728],[-172.509033,81.718183],[-172.509033,81.263638],[-172.509033,80.809092],[-172.509033,80.354547],[-172.509033,79.900001],[-172.509033,79.445456],[-172.509033,78.99091],[-172.509033,78.536365],[-172.509033,78.081819],[-172.509033,77.627274],[-172.509033,77.172728],[-172.509033,76.718183],[-172.509033,76.263638],[-172.509033,75.809092],[-172.509033,75.354547],[-172.509033,74.900001],[-172.509033,74.433908],[-172.509033,73.967816],[-172.509033,73.501723],[-172.509033,73.03563],[-172.509033,72.569538],[-172.509033,72.103445],[-172.509033,71.637352],[-172.509033,71.171259],[-172.509033,70.705167],[-172.508502,70.500242]]]}},{"type":"Feature","properties":{"objectid":7,"scalerank":6,"featurecla":"Timezone","name":"-7","map_color6":1,"map_color8":1,"note":null,"zone":-7,"utc_format":"UTC-07:00","time_zone":"UTC-07:00","iso_8601":"2012-05-30T21:33:50-07:00","places":"Canada (northeastern British Columbia), Mexico (Sonora), United States (Arizona)","dst_places":"Canada (Alberta), Mexico (Chihuahua), United States (Colorado)","tz_name1st":"America/Denver","tz_namesum":14},"bbox":[-136.512578,-75.1119,-88.980904,90],"geometry":{"type":"Polygon","coordinates":[[[-97.910738,80.36843],[-101.378286,80.062012],[-101.595737,73.297581],[-93.341881,72.03163],[-91.192459,70.468838],[-89.065408,69.484149],[-96.713698,66.913782],[-102.00382,63.893103],[-104.001192,60.000059],[-109.999973,59.320069],[-109.999973,54.631077],[-109.012625,53.202354],[-109.999663,49.392121],[-104.848712,48.992618],[-103.43457,47.567328],[-102.789795,47.612812],[-102.192255,47.572026],[-100.569073,46.625404],[-101.112256,46.254363],[-100.383505,45.6641],[-100.64006,44.58372],[-101.227898,43.000321],[-102.049847,39.625077],[-102.1362,36.999809],[-103.04997,34.921122],[-103.970795,32.001338],[-104.866695,30.473025],[-104.684639,30.111135],[-104.469381,29.625402],[-103.78366,29.274803],[-103.3248,29.026808],[-103.840504,27.447369],[-104.429253,26.481562],[-105.229334,26.501664],[-105.849373,26.714571],[-106.163308,26.633672],[-106.378307,26.131506],[-106.608862,25.727991],[-107.096119,25.420309],[-106.917835,24.794378],[-106.609895,24.411973],[-106.173075,24.379287],[-105.912935,23.82051],[-105.707108,23.423325],[-105.475391,23.142619],[-104.944441,22.735718],[-104.638129,22.543741],[-104.398661,22.085422],[-104.012173,21.408978],[-104.206269,21.014997],[-104.397576,20.794855],[-104.787707,21.019906],[-105.796538,20.656716],[-101.977281,17.74985],[-97.516877,15.74167],[-97.51912,4.127455],[-97.521411,-7.690727],[-97.523498,-19.539866],[-103.863655,-25.000593],[-110.000148,-29.000555],[-98.518573,-29.000159],[-97.527974,-39.502002],[-97.531112,-51.320184],[-97.534129,-62.68382],[-98.372862,-71.553694],[-102.995536,-72.0349],[-105.03774,-72.73273],[-103.8325,-73.29671],[-102.185172,-74.327806],[-104.649675,-74.905049],[-109.641132,-74.9017],[-112.29217,-74.051653],[-112.502768,-63.050744],[-112.502519,-51.205289],[-112.502277,-39.841653],[-112.502025,-28.023473],[-112.501767,-16.278018],[-112.501521,-5.041654],[-112.501267,6.521891],[-108.37529,11.5],[-112.50101,18.59471],[-116.902061,25.854643],[-113.865022,30.355585],[-114.970419,32.10401],[-114.809447,32.511324],[-114.470233,32.962846],[-114.625848,33.437138],[-114.510272,33.80413],[-114.119061,34.293217],[-114.376571,34.539542],[-114.629315,35.015385],[-114.652704,35.608891],[-114.707147,36.108842],[-114.347504,36.139799],[-114.041693,36.330546],[-114.04118,39.03311],[-115.157855,41.999833],[-118.031442,44.415183],[-117.149335,44.525102],[-116.696845,45.189848],[-116.65744,45.803544],[-114.540497,45.631889],[-114.517157,45.817094],[-114.399994,45.978691],[-114.502606,46.165336],[-114.433026,46.315434],[-114.360638,46.517607],[-114.329462,46.671562],[-114.636005,46.694877],[-114.778705,46.78184],[-115.024945,46.98455],[-115.33327,47.26436],[-115.645624,47.470048],[-115.717792,47.661112],[-115.9414,47.899516],[-116.853619,49.2224],[-116.472905,50.138492],[-117.977914,51.643501],[-118.240607,52.409721],[-118.338404,52.602448],[-118.44354,52.852537],[-118.71758,53.045651],[-118.962888,53.23334],[-119.156365,53.182491],[-119.476449,53.356692],[-119.894873,53.512755],[-119.807746,53.704707],[-120.053994,53.939681],[-121.767206,54.885517],[-123.510161,56.110939],[-122.878809,57.123182],[-121.751392,57.224555],[-120.352609,57.272031],[-120.95473,60.000059],[-124.083868,60.200357],[-124.435061,60.536512],[-124.747419,60.954626],[-125.224832,60.825538],[-126.113718,60.834375],[-126.482016,60.805953],[-126.851967,60.761253],[-126.9362,61.044207],[-127.01697,61.169548],[-127.128436,61.430876],[-127.702561,61.589678],[-128.067397,61.835968],[-128.379833,62.021383],[-128.856548,62.073472],[-129.271355,62.151194],[-129.239574,62.36901],[-129.45155,62.590392],[-129.56051,62.692789],[-129.646267,62.769502],[-129.671072,62.975588],[-129.917723,63.204049],[-130.065725,63.340604],[-129.955395,63.583251],[-130.189929,63.680274],[-130.097997,63.782309],[-130.544093,63.934237],[-130.859345,64.077174],[-131.061917,64.352713],[-131.416495,64.430383],[-131.787118,64.38098],[-131.966125,64.624609],[-132.555547,64.77062],[-132.391888,65.017324],[-132.62655,65.172146],[-132.676651,65.255604],[-132.347911,65.437298],[-132.18544,65.611809],[-132.569422,65.844147],[-132.561464,66.029303],[-132.918936,65.979746],[-133.500063,65.956698],[-133.574089,66.231203],[-133.659691,66.479043],[-133.83136,66.740061],[-134.053337,66.939506],[-135.293364,67.003559],[-136.220594,67.100762],[-136.095176,67.297185],[-136.16065,67.509988],[-136.424639,67.684086],[-136.457283,68.987312],[-134.200206,69.929655],[-130.249571,70.378461],[-128.080094,70.863334],[-125.349655,70.354335],[-125.91102,71.742875],[-125.572403,73.115588],[-124.521218,74.579289],[-123.30153,75.814742],[-121.341492,76.90463],[-117.323641,77.720431],[-114.487903,78.306877],[-112.504608,83.081819],[-108.096039,90],[-97.515472,89.536364],[-97.910738,80.36843]]]}},{"type":"Feature","properties":{"objectid":3,"scalerank":6,"featurecla":"Timezone","name":"-9.5","map_color6":6,"map_color8":6,"note":null,"zone":-9.5,"utc_format":"UTC-09:30","time_zone":"UTC-09:30","iso_8601":"2012-05-30T19:03:50-09:30","places":"Marquesas Islands","dst_places":null,"tz_name1st":"Pacific/Marquesas","tz_namesum":1},"bbox":[-142.529297,-13.000327,-136.997682,-6.000698],"geometry":{"type":"Polygon","coordinates":[[[-137.000392,-13],[-137.459881,-13.000055],[-137.919371,-13.000109],[-138.378861,-13.000164],[-138.838351,-13.000218],[-139.29784,-13.000273],[-139.75733,-13.000327],[-140.214442,-13.000273],[-140.671555,-13.000219],[-141.128667,-13.000165],[-141.58578,-13.000111],[-142.042892,-13.000057],[-142.500004,-13.000003],[-142.529,-13],[-142.529021,-12.500081],[-142.529042,-12.000162],[-142.529064,-11.500243],[-142.529085,-11.000324],[-142.529106,-10.500406],[-142.529127,-10.000487],[-142.529148,-9.500568],[-142.52917,-9.000649],[-142.529191,-8.50073],[-142.529212,-8.000811],[-142.529233,-7.500892],[-142.529255,-7.000973],[-142.529269,-6.667548],[-142.529283,-6.334123],[-142.529297,-6.000698],[-142.068329,-6.000698],[-141.607361,-6.000698],[-141.146393,-6.000698],[-140.685425,-6.000698],[-140.224457,-6.000698],[-139.76349,-6.000698],[-139.302522,-6.000698],[-138.841554,-6.000698],[-138.380586,-6.000698],[-137.919618,-6.000698],[-137.45865,-6.000698],[-136.997682,-6.000698],[-136.997996,-6.499633],[-136.998311,-6.998568],[-136.998625,-7.497503],[-136.998939,-7.996438],[-136.999254,-8.495373],[-136.999568,-8.994308],[-136.999882,-9.493243],[-137.000196,-9.992178],[-137.000197,-9.993008],[-137.000225,-10.422578],[-137.000253,-10.852148],[-137.00028,-11.281719],[-137.000308,-11.711289],[-137.000336,-12.140859],[-137.000364,-12.57043],[-137.000392,-13]]]}},{"type":"Feature","properties":{"objectid":8,"scalerank":6,"featurecla":"Timezone","name":"-6","map_color6":6,"map_color8":2,"note":null,"zone":-6,"utc_format":"UTC-06:00","time_zone":"UTC-06:00","iso_8601":"2012-05-30T22:33:50-06:00","places":"Canada (almost all of Saskatchewan), Costa Rica, El Salvador, Ecuador (Galapagos Islands), Guatemala, Honduras, Mexico (most), Nicaragua,","dst_places":"Canada (Manitoba), United States (Illinois, most of Texas)","tz_name1st":"America/Chicago","tz_namesum":25},"bbox":[-111.000015,-73.53806,-82.246913,90],"geometry":{"type":"Polygon","coordinates":[[[-82.503868,83.652612],[-83.976396,82.681759],[-84.999075,78.921856],[-84.999073,72.071629],[-85.319984,66.153934],[-88.986673,61.57827],[-90.013912,55.757063],[-89.687054,52.773193],[-90.67453,49.34677],[-89.763302,48.017303],[-89.699457,47.685112],[-89.74146,46.505247],[-87.367733,45.985269],[-86.551215,45.35269],[-86.580585,44.99163],[-87.114374,43.76519],[-87.107733,42.21602],[-86.487567,41.649325],[-86.987525,40.912214],[-87.532343,40.013282],[-87.598749,39.205644],[-87.539642,38.905522],[-87.621503,38.606449],[-87.664545,38.502397],[-87.355054,38.543528],[-86.772846,37.923783],[-86.523236,37.938285],[-85.638193,37.454183],[-85.053708,37.196237],[-84.774533,36.607907],[-84.781104,35.826134],[-85.474073,34.98302],[-85.440839,34.179789],[-85.224677,33.070268],[-85.130682,32.779203],[-84.998969,32.510307],[-84.914984,32.290434],[-84.971747,32.22078],[-85.057025,32.028764],[-85.101337,31.675566],[-85.094452,31.297367],[-84.994135,31.018901],[-84.935346,30.825883],[-85.01958,29.950176],[-84.388006,29.659268],[-83.143334,28.936529],[-82.78145,27.180723],[-83.046322,23.232222],[-84.644769,22.389164],[-84.694883,21.64136],[-83.48419,21.759052],[-82.502928,19.475268],[-82.361617,15.266975],[-82.352422,14.909273],[-82.374047,14.155694],[-82.566147,9.571684],[-82.688669,9.509447],[-82.849383,9.503478],[-82.88969,9.059371],[-82.888321,8.816931],[-82.835973,8.529765],[-83.001105,8.269238],[-82.691866,7.936676],[-82.501283,3.448901],[-82.500513,-4.049829],[-82.499794,-11.048644],[-82.499076,-18.047458],[-82.498306,-25.546188],[-82.497587,-32.545003],[-82.496817,-40.043733],[-82.496098,-47.042547],[-82.49538,-54.041362],[-82.49461,-61.540092],[-82.493891,-68.538906],[-83.119559,-73.4517],[-84.879172,-73.147789],[-86.697152,-73.072903],[-87.881361,-72.528991],[-90.628955,-72.368441],[-92.998392,-72.343071],[-94.836601,-72.107554],[-96.607014,-71.634144],[-97.535456,-67.68382],[-97.533646,-60.865638],[-97.531956,-54.502002],[-97.530146,-47.68382],[-97.528457,-41.320184],[-97.52704,-34.755969],[-98.031835,-29.000081],[-104.500226,-29.000555],[-111.000015,-29.000555],[-108.000021,-25.000593],[-101.529806,-25.000477],[-97.523772,-22.518121],[-97.522976,-15.804362],[-97.521675,-9.054363],[-97.520354,-2.236181],[-97.51912,4.127455],[-97.517894,10.491092],[-98.05527,15.92295],[-100.798986,16.971756],[-103.744488,18.348711],[-105.879845,20.301745],[-105.039009,20.930661],[-104.787707,21.019906],[-104.620973,20.923116],[-104.352772,20.744109],[-104.244148,20.916811],[-104.207122,21.090238],[-103.962305,21.346966],[-104.139349,21.678005],[-104.39308,22.069764],[-104.334634,22.474856],[-104.653632,22.604512],[-104.996661,22.543482],[-104.923564,22.869147],[-105.389556,23.062469],[-105.633908,23.253258],[-105.704395,23.413713],[-105.826041,23.566572],[-105.922289,23.901952],[-106.009234,24.201314],[-106.309242,24.374404],[-106.561371,24.336396],[-106.655913,24.548554],[-106.88347,24.791898],[-107.036381,24.919694],[-107.082709,25.465268],[-106.781875,25.622777],[-106.572352,25.757885],[-106.443394,26.036731],[-106.357895,26.393092],[-106.18558,26.602253],[-106.071453,26.772371],[-105.808497,26.693255],[-105.499266,26.544685],[-105.103476,26.542024],[-104.723396,26.444407],[-104.115577,26.773095],[-103.685836,26.86911],[-103.887555,28.039917],[-103.330484,29.023733],[-103.550238,29.154656],[-103.928122,29.293019],[-104.349026,29.537578],[-104.561391,29.745421],[-104.699108,30.03145],[-104.788767,30.335927],[-104.864473,30.462018],[-104.98276,30.620716],[-103.732001,32.001469],[-103.055927,33.808891],[-103.044721,35.894194],[-102.630292,36.999809],[-102.042155,37.738541],[-102.04961,39.56817],[-101.247948,40.697794],[-101.22824,43.65055],[-100.399236,44.436955],[-100.646842,44.786715],[-100.48252,45.5515],[-101.376953,46.09101],[-101.116943,46.245195],[-100.857666,46.411933],[-100.6136,46.634447],[-101.369599,47.524505],[-102.310547,47.617255],[-102.693042,47.560981],[-103.056006,47.665961],[-103.422949,47.593695],[-103.965167,47.885539],[-105.068543,48.992618],[-108.145797,48.992618],[-109.999973,50.972193],[-109.015076,52.864214],[-109.456129,53.41063],[-109.999973,54.500043],[-109.999973,56.562543],[-109.999973,59.553932],[-106.094647,60.000059],[-102.001598,60.000059],[-102.005151,63.43981],[-102.000776,64.228288],[-98.713695,66.916508],[-91.980894,66.902495],[-89.065408,69.484149],[-90.822507,69.944044],[-91.526975,70.611089],[-92.565723,71.525812],[-95.235432,72.437378],[-100.088934,73.14302],[-102.000344,77.498011],[-101.378286,80.062012],[-98.944418,80.338289],[-97.538852,80.506191],[-97.515472,85.363637],[-95.750142,90],[-89.130156,90],[-82.951502,90],[-82.503868,83.652612]]]}},{"type":"Feature","properties":{"objectid":9,"scalerank":6,"featurecla":"Timezone","name":"-5","map_color6":5,"map_color8":3,"note":null,"zone":-5,"utc_format":"UTC-05:00","time_zone":"UTC-05:00","iso_8601":"2012-05-30T23:33:50-05:00","places":"Colombia, Cuba, Ecuador (continental), Jamaica, Panama, Peru","dst_places":"Canada (most of Ontario, most of Quebec), Haiti, United States (most of Florida, Georgia, Massachusetts, most of Michigan, New York, North Carolina, Ohio, Washington D.C.)","tz_name1st":"America/New_York","tz_namesum":26},"bbox":[-91.01162,-73.611771,-59.537917,90],"geometry":{"type":"Polygon","coordinates":[[[-67.503021,84.900001],[-61.841068,82.877809],[-63.164139,81.58666],[-71.623641,79.119957],[-73.11042,77.837093],[-71.616434,76.732331],[-67.502035,72.692177],[-66.826478,68.922437],[-64.694402,68.238382],[-60.741527,66.657556],[-62.819249,65.351894],[-64.427181,64.222065],[-64.042162,62.327046],[-64.432315,60.372749],[-64.669613,60.183407],[-64.899676,60.03954],[-64.781596,59.833015],[-64.893412,59.564743],[-64.349374,59.505102],[-64.507452,59.250079],[-64.48425,58.996709],[-64.882158,58.935059],[-64.269095,58.792846],[-63.571825,58.835272],[-64.077995,58.552034],[-64.15644,58.348118],[-64.255917,58.047878],[-63.836331,57.717149],[-63.756594,57.586201],[-63.820492,57.274541],[-63.908238,56.916785],[-63.997974,56.578097],[-64.136571,56.303695],[-63.915757,56.109237],[-63.546116,56.021051],[-63.767415,55.829469],[-63.390311,55.404999],[-63.497795,55.202784],[-63.871255,54.747345],[-64.771371,54.750429],[-65.44526,54.74552],[-65.9947,54.925433],[-66.587997,55.255439],[-66.752328,55.133999],[-66.721064,54.775468],[-67.3094,55.01566],[-67.188527,54.612195],[-67.639539,54.188799],[-67.41254,53.69353],[-67.058286,53.09164],[-66.906953,52.696113],[-66.425442,53.036611],[-66.349776,52.383131],[-66.16405,52.214602],[-65.483055,52.066709],[-64.688561,51.722772],[-64.251762,52.011679],[-63.794326,52.771779],[-63.611874,52.637588],[-64.006408,52.375098],[-63.714374,52.047108],[-62.014746,51.827338],[-61.705908,51.240595],[-61.70647,50.899115],[-61.5625,50.210761],[-66.055289,48.051083],[-68.607926,47.269829],[-67.899132,47.138778],[-67.811127,45.76651],[-67.459056,45.318424],[-67.013495,44.966459],[-67.187143,44.220255],[-67.503655,33.423155],[-67.503655,20.695883],[-71.694733,18.322218],[-71.327443,11.850104],[-72.167089,11.332203],[-72.594505,10.932977],[-73.016908,9.748605],[-73.113202,9.237571],[-72.834128,9.13363],[-72.479938,8.429332],[-72.441904,7.977137],[-72.388158,7.404919],[-71.799618,7.009186],[-71.529092,7.028306],[-71.186077,6.963142],[-70.577375,7.084706],[-69.700211,6.445292],[-68.938345,6.197116],[-67.924144,6.234556],[-67.491229,6.120161],[-67.617651,5.558525],[-67.837916,5.323922],[-67.804978,4.991247],[-67.865078,4.512077],[-67.789914,4.198398],[-67.403917,3.504464],[-67.833348,2.81523],[-67.485204,2.661906],[-67.294725,2.458352],[-67.120989,2.119097],[-66.93361,1.501692],[-67.264753,1.932545],[-68.126147,1.956212],[-68.999995,1.720465],[-69.762559,1.091097],[-69.229129,0.967436],[-69.200603,0.639497],[-69.805321,0.606941],[-69.858108,-0.341425],[-69.575671,-0.839172],[-69.477615,-1.622484],[-69.960505,-4.227596],[-70.306996,-4.260256],[-70.631059,-4.118972],[-71.106043,-4.37384],[-71.400779,-4.433372],[-71.796982,-4.497967],[-72.386094,-4.79397],[-72.707986,-5.063152],[-72.964198,-5.433776],[-73.349187,-6.576445],[-73.843421,-7.343117],[-73.778799,-7.954139],[-73.356991,-8.581801],[-73.117574,-9.291938],[-72.304135,-9.60086],[-71.354064,-9.981302],[-70.680849,-9.527686],[-70.589614,-9.650263],[-70.555559,-10.942793],[-69.548954,-11.001705],[-68.891992,-12.775757],[-69.027048,-13.73823],[-69.01015,-14.397105],[-69.288583,-15.101971],[-69.369611,-15.788958],[-69.037642,-16.550255],[-69.540996,-17.132235],[-69.8201,-17.846093],[-70.505387,-19.119524],[-71.241808,-24.705519],[-81.493001,-27.419346],[-78.608955,-37.419346],[-73.801662,-38.655972],[-74.482035,-42.521177],[-75.96568,-48.941446],[-75.427118,-51.932887],[-73.254215,-54.323824],[-69.756989,-55.610101],[-67.492767,-61.718184],[-69.73261,-67.554212],[-68.041309,-68.896739],[-70.764389,-68.591335],[-74.310642,-69.603965],[-75.67266,-70.59312],[-76.095919,-71.906557],[-78.095332,-73.2565],[-82.062259,-73.391438],[-82.494456,-63.039838],[-82.495893,-49.042209],[-82.49733,-35.044579],[-82.498768,-21.04695],[-82.500205,-7.049321],[-82.501642,6.948308],[-83.043299,8.334738],[-82.719365,8.921524],[-82.877391,9.569184],[-82.502034,10.768963],[-82.290614,14.960386],[-82.503122,21.358231],[-85.090239,21.69165],[-82.627129,23.268675],[-83.231037,28.988029],[-85.021079,29.979657],[-84.994135,31.018901],[-85.066962,31.635258],[-84.959393,32.203788],[-84.986615,32.462553],[-85.208002,32.989408],[-85.599432,34.950004],[-84.659115,36.395265],[-85.408949,37.231937],[-86.662958,37.863847],[-87.762421,38.45352],[-87.559686,38.680839],[-87.536493,39.357231],[-86.783824,41.285578],[-87.081635,42.797953],[-86.358514,45.161625],[-87.615914,46.246794],[-89.642157,47.773759],[-90.000349,49.545058],[-90.017303,56.191717],[-85.319984,66.153934],[-84.999057,78.451288],[-82.50342,83.200658],[-76.216849,90],[-67.503021,84.900001]]]}},{"type":"Feature","properties":{"objectid":11,"scalerank":6,"featurecla":"Timezone","name":"-3.5","map_color6":6,"map_color8":5,"note":null,"zone":-3.5,"utc_format":"UTC-03:30","time_zone":"UTC-03:30","iso_8601":"2012-05-31T01:03:50-03:30","places":"Canada (island of Newfoundland and southern Labrador)","dst_places":"Canada (island of Newfoundland and southern Labrador)","tz_name1st":"America/St_Johns","tz_namesum":2},"bbox":[-59.6932,46.428049,-52.346982,53.995713],"geometry":{"type":"Polygon","coordinates":[[[-55.298612,50.603349],[-55.383382,50.555135],[-55.471445,50.524087],[-55.545218,50.511369],[-55.621732,50.511237],[-55.692526,50.524132],[-55.795346,50.561342],[-55.852528,50.559552],[-56.00225,50.421687],[-56.02166,50.380458],[-55.904755,50.26495],[-55.696331,50.169013],[-55.675494,50.165832],[-55.620921,50.183838],[-55.197869,50.047529],[-55.178071,50.004792],[-55.174136,49.914704],[-55.198499,49.871428],[-55.288567,49.786743],[-55.293512,49.754937],[-55.121718,49.742956],[-54.954095,49.778119],[-54.797108,49.794341],[-54.534169,49.857202],[-54.27123,49.920062],[-54.157899,49.937579],[-54.065178,49.936024],[-53.978795,49.919041],[-53.900281,49.888562],[-53.825398,49.842175],[-53.716536,49.627746],[-53.69219,49.587191],[-53.467993,49.503006],[-53.295426,49.414322],[-53.229759,49.362696],[-53.184122,49.286638],[-53.182902,49.233505],[-53.231842,49.129873],[-53.299917,49.048751],[-53.337482,48.96309],[-53.453417,48.857841],[-53.350682,48.815588],[-53.314718,48.821601],[-53.226718,48.859742],[-53.156028,48.869359],[-53.063191,48.863867],[-52.863356,48.831295],[-52.809843,48.800719],[-52.754591,48.731845],[-52.70636,48.636198],[-52.771577,48.399878],[-52.778228,48.337816],[-52.650656,48.258559],[-52.622361,48.219249],[-52.572952,48.068065],[-52.62796,47.964168],[-52.540439,47.908842],[-52.536449,47.90632],[-52.481445,47.87155],[-52.436795,47.81855],[-52.346982,47.492049],[-52.380523,47.391336],[-52.536501,47.175196],[-52.540395,47.1698],[-52.558204,47.145122],[-52.59419,46.961289],[-52.667564,46.747478],[-52.861906,46.543606],[-52.942541,46.488525],[-52.952923,46.481434],[-53.212639,46.435194],[-53.36232,46.461835],[-53.553516,46.428049],[-53.679961,46.445454],[-53.797248,46.489944],[-54.010515,46.570841],[-54.290777,46.644155],[-54.356128,46.671743],[-54.410083,46.709685],[-54.458744,46.777451],[-54.46386,46.947736],[-54.394793,47.129802],[-54.389899,47.179743],[-54.404725,47.201585],[-54.544091,47.166688],[-54.725943,47.163134],[-54.892161,46.927446],[-55.075856,46.779352],[-55.238136,46.701126],[-55.343545,46.677008],[-55.729584,46.661335],[-55.883696,46.675472],[-55.910203,46.662117],[-55.92539,46.69903],[-55.983402,46.802429],[-56.080673,46.849085],[-56.092343,46.854683],[-56.099912,46.859684],[-56.130351,46.930726],[-56.105427,47.100166],[-56.255539,47.305045],[-56.378029,47.33592],[-56.374199,47.336623],[-56.393131,47.383217],[-56.441774,47.413626],[-56.52161,47.409916],[-56.71986,47.343206],[-56.875312,47.339187],[-57.044132,47.379223],[-57.325773,47.3889],[-57.701518,47.41577],[-58.00141,47.47182],[-58.099809,47.480283],[-58.445581,47.442548],[-58.791353,47.404812],[-59.137125,47.367077],[-59.248992,47.376765],[-59.345227,47.39836],[-59.433154,47.431687],[-59.507693,47.476273],[-59.57962,47.55848],[-59.597063,47.707011],[-59.673536,47.827449],[-59.6932,47.899855],[-59.679928,47.965019],[-59.634389,48.030526],[-59.562625,48.0909],[-59.528705,48.11227],[-59.414523,48.184209],[-59.378059,48.23176],[-59.508282,48.375115],[-59.527313,48.401884],[-59.52658,48.554266],[-59.523252,48.563439],[-59.455088,48.653804],[-59.363063,48.724202],[-58.972435,48.92762],[-58.813663,48.985637],[-58.771456,49.080291],[-58.665558,49.219559],[-58.508833,49.428237],[-58.471089,49.502819],[-58.401948,49.574029],[-58.254811,49.686703],[-58.181604,49.829027],[-57.902799,50.231134],[-57.801497,50.445911],[-57.703095,50.601803],[-57.696142,50.720172],[-57.673228,50.780857],[-57.529775,50.883102],[-57.47185,50.932608],[-57.317071,51.160828],[-57.265896,51.186994],[-57.102544,51.250324],[-57.095431,51.738166],[-57.088318,52.226009],[-57.081205,52.713851],[-57.292829,52.88723],[-57.504453,53.060609],[-57.218235,53.613209],[-56.932017,53.837083],[-56.748437,53.965653],[-56.68429,53.969565],[-56.52337,53.995713],[-56.46048,53.992728],[-56.189754,53.917102],[-56.096061,53.827672],[-56.056019,53.803247],[-55.906253,53.771829],[-55.724966,53.677638],[-55.628073,53.54097],[-55.468277,53.384364],[-55.423273,53.30786],[-55.413683,53.212551],[-55.424091,53.173113],[-55.433768,53.136446],[-55.499585,53.033194],[-55.510266,52.992086],[-55.470216,52.894501],[-55.388586,52.579027],[-55.311041,52.439232],[-55.298424,52.273731],[-55.267668,52.22737],[-55.229278,52.1695],[-54.989533,51.975873],[-54.976679,51.952702],[-54.989664,51.913508],[-55.052838,51.829614],[-55.178433,51.715509],[-55.119161,51.609834],[-55.108324,51.573362],[-55.187182,51.372167],[-55.240809,51.295143],[-55.382929,51.156766],[-55.368672,51.130704],[-55.277033,51.071931],[-55.250024,51.034367],[-55.185829,50.72265],[-55.298612,50.603349]]]}},{"type":"Feature","properties":{"objectid":10,"scalerank":6,"featurecla":"Timezone","name":"-4","map_color6":4,"map_color8":4,"note":null,"zone":-4,"utc_format":"UTC-04:00","time_zone":"UTC-04:00","iso_8601":"2012-05-31T00:33:50-04:00","places":"Arctic Ocean","dst_places":null,"tz_name1st":null,"tz_namesum":0},"bbox":[-67.503021,82.287124,-52.542938,90],"geometry":{"type":"Polygon","coordinates":[[[-52.542938,90],[-52.543892,89.536364],[-52.544846,89.072729],[-52.5458,88.609093],[-52.546754,88.145458],[-52.547708,87.681822],[-52.548662,87.218187],[-52.549616,86.754551],[-52.55057,86.290916],[-52.551524,85.82728],[-52.552478,85.363645],[-52.553432,84.900009],[-52.554384,84.43762],[-52.555336,83.97523],[-52.556287,83.512841],[-52.557239,83.050452],[-52.55819,82.588062],[-52.6636,82.560757],[-52.76163,82.546953],[-52.867599,82.538679],[-52.963146,82.535557],[-53.434443,82.53145],[-53.674687,82.551035],[-53.850886,82.562055],[-54.057992,82.571089],[-54.266044,82.576022],[-54.577463,82.576273],[-54.901698,82.568108],[-55.15072,82.556377],[-55.435178,82.5386],[-55.724245,82.518801],[-56.013313,82.499001],[-56.311104,82.472798],[-56.595538,82.459375],[-56.98739,82.430297],[-57.375377,82.411334],[-57.856506,82.373385],[-58.144418,82.364244],[-58.38071,82.352647],[-58.673202,82.333991],[-58.965694,82.315336],[-59.282885,82.290877],[-59.372806,82.287124],[-59.424488,82.287371],[-59.475207,82.290314],[-59.514417,82.295992],[-59.537917,82.302934],[-59.553299,82.315015],[-59.571661,82.382018],[-59.633642,82.433069],[-59.761468,82.486676],[-59.982884,82.553477],[-60.111951,82.579953],[-60.271754,82.60663],[-60.453359,82.632754],[-60.617953,82.651676],[-60.803792,82.667301],[-61.156518,82.686861],[-61.445951,82.712132],[-61.707143,82.726259],[-61.760559,82.731217],[-61.774597,82.737931],[-61.740664,82.778131],[-61.743728,82.813505],[-61.780759,82.848266],[-61.841068,82.877809],[-61.941937,82.910158],[-62.076932,82.940561],[-62.22307,82.964926],[-62.389642,82.98492],[-62.596633,83.002991],[-62.804296,83.015673],[-63.041669,83.024814],[-63.348167,83.03212],[-63.501164,83.052929],[-63.618257,83.065883],[-63.72946,83.077408],[-63.92733,83.092292],[-64.136381,83.102807],[-64.385925,83.11003],[-64.675961,83.1128],[-64.938096,83.111192],[-65.327891,83.104619],[-65.726204,83.130922],[-65.987257,83.141751],[-66.24831,83.152581],[-66.520567,83.159818],[-66.858463,83.16452],[-67.196359,83.169222],[-67.503021,83.187084],[-67.503021,83.615313],[-67.503021,84.043542],[-67.503021,84.471772],[-67.503021,84.900001],[-67.503021,85.363637],[-67.503021,85.827274],[-67.503021,86.29091],[-67.503021,86.754546],[-67.503021,87.218182],[-67.503021,87.681819],[-67.503021,88.145455],[-67.503021,88.609091],[-67.503021,89.072727],[-67.503021,89.536364],[-67.503021,90],[-67.062857,90],[-66.622693,90],[-66.182529,90],[-65.742366,90],[-65.302202,90],[-64.862038,90],[-64.421874,90],[-63.98171,90],[-63.541547,90],[-63.101383,90],[-62.661219,90],[-62.221055,90],[-61.780891,90],[-61.340728,90],[-60.900564,90],[-60.4604,90],[-60.020236,90],[-59.580072,90],[-59.139909,90],[-58.699745,90],[-58.259581,90],[-57.819417,90],[-57.379253,90],[-56.93909,90],[-56.498926,90],[-56.058762,90],[-55.618598,90],[-55.178434,90],[-54.738271,90],[-54.298107,90],[-53.857943,90],[-53.417779,90],[-52.977615,90],[-52.542938,90]]]}},{"type":"Feature","properties":{"objectid":14,"scalerank":6,"featurecla":"Timezone","name":"-1","map_color6":1,"map_color8":8,"note":null,"zone":-1,"utc_format":"UTC-01:00","time_zone":"UTC-01:00","iso_8601":"2012-05-31T03:33:50-01:00","places":"Greenland (south eastern part)","dst_places":null,"tz_name1st":"America/Scoresbysund","tz_namesum":1},"bbox":[-24.567656,66.139971,-7.298332,90],"geometry":{"type":"Polygon","coordinates":[[[-7.511746,84.900001],[-7.511746,83.99091],[-7.511746,82.627274],[-7.511746,81.718183],[-7.511746,80.354547],[-7.511746,78.99091],[-7.511746,78.081819],[-7.511746,76.718183],[-7.511746,75.354547],[-7.511746,74.452487],[-7.511746,73.109945],[-7.511746,72.214917],[-7.415346,71.283698],[-7.306,71.121371],[-7.417604,70.954254],[-7.511746,70.741376],[-7.511746,69.411474],[-7.511746,68.434421],[-7.512349,67.10939],[-8.491783,66.760743],[-9.470613,66.760073],[-10.938858,66.759068],[-11.917688,66.758397],[-13.385933,66.757392],[-14.854178,66.756387],[-15.833009,66.755716],[-17.301254,66.754711],[-18.129965,66.767799],[-18.395446,66.705612],[-18.528625,66.513265],[-18.373539,66.387614],[-18.873151,66.413939],[-19.490856,66.294991],[-19.798595,66.303187],[-20.28897,66.336441],[-20.858264,66.198832],[-21.166336,66.238521],[-21.51016,66.375376],[-22.07098,66.616702],[-22.229396,66.657815],[-22.527411,66.673765],[-22.513891,67.495399],[-22.513891,68.781769],[-22.436568,69.670089],[-22.245696,69.766518],[-21.649585,69.956158],[-21.474697,70.095087],[-21.506024,70.226374],[-22.091312,70.257058],[-23.370757,70.360239],[-24.196205,70.494375],[-24.480036,71.545893],[-24.392416,72.514867],[-23.149245,72.186543],[-22.654391,72.054672],[-22.320147,71.967003],[-21.779537,72.113612],[-21.288119,72.530916],[-21.284107,72.598872],[-21.185499,72.749466],[-21.203272,72.849579],[-20.786343,72.95231],[-20.635889,72.991896],[-20.471275,73.096469],[-20.4718,73.211858],[-19.971538,73.312834],[-19.732454,73.415808],[-19.675232,73.572953],[-19.593054,73.731645],[-19.519272,73.843448],[-19.585481,73.944543],[-19.34119,74.047119],[-18.855744,74.117486],[-18.521859,74.247884],[-18.248481,74.412006],[-17.901225,74.462874],[-17.622146,74.550038],[-17.520918,74.727973],[-17.051858,74.789001],[-16.59844,74.965509],[-16.550491,75.071466],[-16.538637,75.182235],[-16.783573,75.297699],[-17.101886,75.427831],[-17.254405,75.496771],[-17.32621,75.524348],[-17.675604,75.602383],[-18.540704,75.608647],[-18.603636,75.620526],[-18.340038,75.699978],[-18.038935,75.747583],[-17.939681,75.776841],[-17.817275,75.830985],[-17.746708,75.885824],[-17.728708,76.115523],[-17.74909,76.247754],[-17.835554,76.513553],[-17.414176,76.852193],[-17.362051,77.005601],[-17.3728,77.196881],[-17.509226,77.30491],[-17.799092,77.412326],[-17.485701,77.458976],[-17.118107,77.517183],[-16.922462,77.581244],[-16.698035,77.736131],[-16.722787,77.897193],[-16.944981,78.006935],[-17.37191,78.072099],[-17.799999,78.10631],[-17.871406,78.133254],[-17.926863,78.292913],[-17.866024,78.366782],[-17.42181,78.482023],[-17.220761,78.580955],[-17.061501,78.677309],[-16.982749,78.825952],[-16.597307,78.924063],[-16.432019,78.987942],[-16.350077,79.165957],[-16.639245,79.289809],[-16.966679,79.358329],[-17.287456,79.387549],[-17.570403,79.396745],[-17.994061,79.381094],[-18.154428,79.408391],[-18.16676,79.47299],[-17.500019,79.531217],[-16.982704,79.609776],[-16.825558,79.650519],[-16.122313,79.961343],[-16.093741,80.025608],[-15.635465,80.071961],[-15.205867,80.194484],[-14.669468,80.328605],[-14.549098,80.446213],[-14.465826,80.519534],[-14.081902,80.564249],[-13.293849,80.662255],[-12.939242,80.784401],[-12.568264,80.859626],[-12.204837,80.926911],[-11.614639,81.042504],[-11.214965,81.157336],[-10.757406,81.236862],[-10.453163,81.293225],[-10.038849,81.43652],[-10.099436,81.550193],[-10.32465,81.610855],[-10.775705,81.732001],[-11.03207,81.780013],[-11.870099,81.872671],[-13.032475,81.970945],[-13.435003,82.002174],[-14.244922,82.015127],[-14.888668,82.032156],[-15.475859,82.038984],[-16.311127,82.020174],[-16.973282,81.949861],[-17.169112,81.92731],[-17.644946,82.066555],[-17.840281,82.151677],[-18.263722,82.247996],[-18.805828,82.304221],[-19.244519,82.320945],[-20.105809,82.303737],[-20.657476,82.258617],[-20.868232,82.278313],[-20.477152,82.388262],[-19.986295,82.474118],[-19.774823,82.572384],[-19.862095,82.696827],[-20.032609,82.739011],[-21.056305,82.890624],[-21.438655,82.941511],[-21.783523,82.97491],[-22.455648,83.018693],[-22.528867,83.524718],[-22.528953,84.520915],[-22.529082,86.015211],[-22.529169,87.011408],[-22.529298,88.505704],[-22.529427,90],[-21.646034,90],[-20.320944,90],[-18.995855,90],[-18.112462,90],[-16.787372,90],[-15.462283,90],[-14.57889,90],[-13.2538,90],[-12.370407,90],[-11.045318,90],[-9.720228,90],[-8.836835,90],[-7.511746,90],[-7.511746,88.609091],[-7.511746,87.681819],[-7.511746,86.29091],[-7.511746,84.900001]]]}},{"type":"Feature","properties":{"objectid":10,"scalerank":6,"featurecla":"Timezone","name":"-4","map_color6":4,"map_color8":4,"note":null,"zone":-4,"utc_format":"UTC-04:00","time_zone":"UTC-04:00","iso_8601":"2012-05-31T00:33:50-04:00","places":"Bolivia, Brazil (Amazonas), Chile (continental), Dominican Republic, Canada (Nova Scotia), Puerto Rico, Trinidad and Tobago","dst_places":"Falkland Islands","tz_name1st":"America/La_Paz","tz_namesum":39},"bbox":[-81.493001,-77.018598,-50.261791,80.180166],"geometry":{"type":"MultiPolygon","coordinates":[[[[-55.910203,46.662117],[-52.53695,40.853869],[-52.537652,18.459708],[-57.064391,6.062878],[-57.195299,5.16922],[-57.820575,4.930294],[-57.81862,3.651845],[-57.424897,3.385056],[-57.240102,2.970362],[-56.962898,2.522279],[-56.704724,1.91301],[-57.759389,1.713694],[-58.361919,1.550552],[-58.928077,1.284366],[-58.466874,-0.834677],[-57.711132,-1.535462],[-56.849686,-2.02799],[-56.482912,-2.256399],[-58.472119,-6.783307],[-57.645813,-8.22942],[-57.182017,-9.019087],[-56.461871,-9.467239],[-50.591799,-10.639867],[-50.734788,-11.426227],[-50.652519,-11.909815],[-50.657562,-12.605187],[-50.489506,-12.844797],[-50.695385,-13.459643],[-50.851241,-14.084101],[-51.010146,-14.617247],[-51.65946,-15.271781],[-52.255548,-15.913344],[-52.69149,-16.573045],[-53.250267,-17.592363],[-52.648263,-18.720097],[-51.192047,-19.286626],[-51.626491,-20.768293],[-52.158138,-21.739345],[-53.02749,-22.531751],[-54.289585,-24.411325],[-54.620727,-25.882863],[-54.936212,-26.693977],[-55.612966,-27.345513],[-56.618486,-27.446386],[-58.054287,-27.259131],[-58.35173,-26.885594],[-58.18541,-26.451718],[-57.787243,-25.764111],[-57.993639,-25.052733],[-59.248084,-24.537209],[-60.517723,-23.955746],[-61.242924,-23.533084],[-62.003782,-22.94635],[-62.341357,-22.472261],[-63.639566,-21.997495],[-64.455208,-22.616655],[-65.603364,-22.095653],[-66.789959,-22.417287],[-68.362412,-24.494214],[-68.458375,-25.144924],[-68.499725,-27.068631],[-69.29655,-27.989402],[-69.80272,-29.076674],[-69.922584,-30.088272],[-70.272046,-31.036451],[-70.280495,-31.906992],[-70.181379,-32.580491],[-69.880778,-33.547357],[-70.119781,-34.447354],[-70.38917,-35.913207],[-70.828824,-36.419843],[-71.16685,-36.975411],[-71.01213,-38.076693],[-71.436497,-39.025989],[-71.667542,-39.995129],[-71.790222,-40.411331],[-71.931402,-41.653012],[-72.153921,-42.592645],[-71.942822,-43.456881],[-71.721285,-43.858717],[-71.244777,-44.674378],[-71.70785,-44.973688],[-71.789137,-45.698501],[-71.861277,-46.794455],[-72.3521,-47.436277],[-72.501961,-48.415132],[-73.567684,-49.571753],[-73.101388,-50.770596],[-72.339956,-51.416344],[-68.578635,-52.28027],[-63.880178,-55.000754],[-68.797817,-51.167416],[-67.308007,-46.106821],[-63.524169,-41.970361],[-61.107736,-39.210881],[-56.330015,-35.119556],[-52.547252,-45.699724],[-52.532962,-69.038879],[-60.002544,-74.428705],[-59.596866,-72.061915],[-60.586385,-69.797528],[-64.023068,-67.633825],[-61.210261,-65.494771],[-57.313457,-64.783014],[-55.631043,-62.91776],[-61.829015,-62.990893],[-60.310908,-62.267702],[-64.410665,-64.396144],[-67.174486,-65.97318],[-71.146704,-55.21962],[-75.552051,-51.749779],[-74.593205,-43.010467],[-73.931404,-37.419346],[-79.059552,-24.705519],[-70.447168,-18.359782],[-69.601147,-17.181534],[-69.120815,-16.231205],[-69.25383,-14.721839],[-69.023844,-13.634981],[-69.552494,-10.995607],[-70.563363,-9.760747],[-71.144257,-9.863066],[-72.409503,-9.486345],[-73.349291,-8.498085],[-73.92047,-7.372159],[-73.140001,-5.878503],[-72.509755,-4.947501],[-71.74019,-4.49559],[-71.119556,-4.396371],[-70.343066,-4.139436],[-69.859168,-3.717653],[-69.584223,-0.644559],[-69.732871,0.63898],[-69.170734,0.883151],[-69.72915,1.738991],[-67.820843,1.784001],[-65.871969,0.90899],[-65.00334,1.169387],[-63.802277,1.97231],[-64.232121,3.461134],[-63.956944,3.901882],[-62.773192,3.939942],[-61.5335,4.27359],[-61.347362,5.869669],[-61.110968,6.719513],[-60.360109,7.165765],[-60.599862,7.661549],[-60.437058,8.823996],[-67.643556,12.272062],[-71.719452,18.88389],[-67.503655,33.423155],[-66.925213,44.837455],[-67.660336,45.637371],[-68.145061,47.301455],[-65.632258,47.989534],[-61.687183,50.82287],[-61.835132,51.586615],[-63.757266,52.270557],[-63.480047,52.646244],[-64.25864,52.083906],[-65.393632,51.89818],[-66.373852,52.142375],[-66.595539,52.938205],[-67.047968,53.074444],[-67.801189,54.064981],[-67.378827,55.088679],[-66.728195,54.95985],[-66.514978,55.194952],[-65.55024,54.727878],[-64.051609,54.607069],[-63.599813,55.301159],[-63.814781,55.920557],[-63.901107,56.114611],[-63.947047,56.483478],[-63.821577,57.090572],[-63.595777,57.734228],[-64.292608,58.050669],[-63.948132,58.543352],[-63.982187,58.823335],[-64.845416,59.014228],[-64.538277,59.285632],[-64.82791,59.537378],[-64.823066,59.964971],[-64.65318,60.292625],[-64.164989,62.817076],[-62.819249,65.351894],[-63.994323,67.926176],[-66.550351,69.845249],[-72.571385,77.1373],[-70.706752,79.332216],[-62.348147,76.014198],[-58.22407,74.38623],[-56.394459,71.994611],[-54.88373,69.377625],[-54.168783,66.214865],[-52.536013,54.043341],[-54.157899,49.937579],[-55.417777,52.69184],[-59.455088,48.653804],[-55.910203,46.662117]]],[[[-55.910203,46.662117],[-55.983402,46.802429],[-55.92539,46.69903],[-55.910203,46.662117]]]]}},{"type":"Feature","properties":{"objectid":13,"scalerank":6,"featurecla":"Timezone","name":"-2","map_color6":2,"map_color8":7,"note":null,"zone":-2,"utc_format":"UTC-02:00","time_zone":"UTC-02:00","iso_8601":"2012-05-31T02:33:50-02:00","places":"Arctic Ocean","dst_places":null,"tz_name1st":null,"tz_namesum":0},"bbox":[-37.548082,83.02662,-22.528824,90],"geometry":{"type":"Polygon","coordinates":[[[-22.529427,90],[-22.529384,89.501901],[-22.529341,89.003803],[-22.529298,88.505704],[-22.529255,88.007606],[-22.529212,87.509507],[-22.529169,87.011408],[-22.529126,86.51331],[-22.529082,86.015211],[-22.529039,85.517113],[-22.528996,85.019014],[-22.528953,84.520915],[-22.52891,84.022817],[-22.528867,83.524718],[-22.528824,83.02662],[-22.682504,83.048093],[-22.719651,83.053395],[-22.85261,83.069342],[-22.985547,83.082087],[-23.162804,83.095229],[-23.158978,83.123251],[-23.179052,83.146656],[-23.225471,83.16992],[-23.305631,83.196201],[-23.472912,83.238936],[-23.598449,83.265243],[-23.747643,83.289185],[-23.922147,83.310385],[-23.959694,83.342196],[-24.045176,83.375708],[-24.176758,83.405144],[-24.353749,83.432539],[-24.607238,83.459453],[-24.978857,83.486986],[-25.244471,83.504595],[-25.510085,83.522205],[-25.970045,83.550969],[-26.430006,83.579734],[-26.889966,83.608498],[-27.005785,83.619572],[-27.198406,83.648004],[-27.390972,83.669527],[-27.661598,83.692682],[-27.882898,83.706352],[-28.207304,83.718464],[-28.607995,83.724885],[-28.709259,83.727854],[-29.076963,83.746121],[-29.444667,83.764387],[-29.812371,83.782654],[-30.179141,83.797124],[-30.386277,83.801713],[-30.595793,83.803537],[-30.788751,83.802962],[-31.119018,83.799329],[-31.388612,83.80687],[-31.565055,83.809777],[-31.89187,83.825393],[-32.200028,83.833618],[-32.516762,83.83605],[-32.83688,83.833009],[-33.102721,83.826325],[-33.448151,83.814833],[-33.793581,83.803341],[-33.927392,83.80028],[-34.180951,83.804224],[-34.671769,83.807414],[-34.890471,83.806993],[-35.091996,83.803956],[-35.360209,83.794915],[-35.628406,83.780874],[-35.844916,83.764759],[-36.084732,83.741161],[-36.41954,83.74103],[-36.754348,83.740898],[-37.06881,83.737026],[-37.386758,83.727541],[-37.538292,83.71972],[-37.548082,83.746294],[-37.547736,83.746758],[-37.548082,83.746555],[-37.548082,84.131037],[-37.548082,84.515519],[-37.548082,84.900001],[-37.548082,85.363637],[-37.548082,85.827274],[-37.548082,86.29091],[-37.548082,86.754546],[-37.548082,87.218182],[-37.548082,87.681819],[-37.548082,88.145455],[-37.548082,88.609091],[-37.548082,89.072727],[-37.548082,89.536364],[-37.548082,90],[-37.107186,90],[-36.666289,90],[-36.225392,90],[-35.784495,90],[-35.343599,90],[-34.902702,90],[-34.461805,90],[-34.020908,90],[-33.580011,90],[-33.139115,90],[-32.698218,90],[-32.257321,90],[-31.816424,90],[-31.375528,90],[-30.934631,90],[-30.493734,90],[-30.052837,90],[-29.611941,90],[-29.171044,90],[-28.730147,90],[-28.28925,90],[-27.848354,90],[-27.407457,90],[-26.96656,90],[-26.525663,90],[-26.084766,90],[-25.64387,90],[-25.202973,90],[-24.762076,90],[-24.321179,90],[-23.880283,90],[-23.439386,90],[-22.998489,90],[-22.529427,90]]]}},{"type":"Feature","properties":{"objectid":13,"scalerank":6,"featurecla":"Timezone","name":"-2","map_color6":2,"map_color8":7,"note":null,"zone":-2,"utc_format":"UTC-02:00","time_zone":"UTC-02:00","iso_8601":"2012-05-31T02:33:50-02:00","places":"Brazil (Fernando de Noronha), South Georgia and the South Sandwich Islands","dst_places":null,"tz_name1st":"Atlantic/South_Georgia","tz_namesum":3},"bbox":[-45.038813,-78.188338,-22.513891,69.639349],"geometry":{"type":"Polygon","coordinates":[[[-22.513891,69.639349],[-22.513891,67.495399],[-22.84979,66.676543],[-23.537842,66.567508],[-24.175202,66.211765],[-24.558062,65.90617],[-24.987819,65.602845],[-24.895332,65.353179],[-24.369325,65.279088],[-24.482049,65.004076],[-24.381329,64.669784],[-23.513373,64.541117],[-22.892205,64.570373],[-22.688961,64.30105],[-23.08441,64.206569],[-23.118034,63.71698],[-22.585188,63.606999],[-22.542091,62.418568],[-22.541907,60.190754],[-22.541718,57.918027],[-22.541529,55.6453],[-22.54134,53.372572],[-22.54115,51.099845],[-22.540962,48.827118],[-22.540774,46.55439],[-22.540547,43.827118],[-22.540358,41.55439],[-23.475073,40.190754],[-25.812144,40.190754],[-28.110609,40.190754],[-30.383336,40.190754],[-31.746973,39.267909],[-31.746973,36.960797],[-29.876984,36.499374],[-27.539499,36.499374],[-25.266772,36.499374],[-22.994044,36.499374],[-22.539139,34.725632],[-22.538565,31.895326],[-22.538058,29.395327],[-22.537579,27.031691],[-22.537118,24.758963],[-22.536657,22.486236],[-22.536197,20.213509],[-23.033519,18.395327],[-25.521973,18.395327],[-27.512736,17.895904],[-27.512736,15.398791],[-27.014944,13.4011],[-24.525986,13.4011],[-22.534633,12.486817],[-22.53417,10.201108],[-22.533709,7.928381],[-22.533249,5.655654],[-22.532789,3.382926],[-22.532329,1.110199],[-22.531869,-1.162528],[-22.531408,-3.435256],[-22.530929,-5.798892],[-22.530421,-8.298891],[-22.529933,-10.707982],[-22.529472,-12.980709],[-22.529012,-15.253436],[-22.52846,-17.980709],[-22.528011,-20.198891],[-22.527583,-22.307983],[-22.527123,-24.58071],[-22.526663,-26.853437],[-22.526201,-29.126165],[-22.52574,-31.398892],[-22.525233,-33.898891],[-22.524727,-36.398891],[-22.52425,-38.753442],[-22.523789,-41.02617],[-22.523329,-43.298897],[-22.522776,-46.02617],[-22.522316,-48.298897],[-22.521856,-50.571624],[-22.521397,-52.844352],[-22.520936,-55.117079],[-22.520476,-57.389806],[-22.520016,-59.662533],[-22.519556,-61.935261],[-22.519096,-64.207988],[-22.518635,-66.480715],[-22.518175,-68.753442],[-22.517714,-71.02617],[-22.517254,-73.298897],[-22.649543,-75.433454],[-23.627069,-75.533242],[-24.836028,-75.603223],[-26.454414,-75.763302],[-27.493843,-75.962025],[-28.752322,-76.102575],[-29.83384,-76.26464],[-30.657932,-76.461421],[-31.529548,-76.717806],[-32.618158,-76.915716],[-33.625453,-77.031702],[-34.538081,-77.192444],[-35.533538,-77.504009],[-35.905453,-77.665405],[-36.447732,-77.923013],[-37.019881,-78.160318],[-37.549161,-77.240469],[-37.549156,-74.900002],[-37.546657,-72.627275],[-37.544157,-70.354547],[-37.543653,-68.08182],[-37.543648,-65.809093],[-37.543643,-63.536366],[-37.543638,-61.263638],[-37.543631,-58.410163],[-37.543626,-55.927098],[-38.062659,-54.933872],[-40.538865,-54.933872],[-42.543623,-54.933872],[-44.540873,-54.933872],[-45.038813,-53.036714],[-43.54046,-52.088135],[-41.043203,-52.088135],[-39.521835,-52.088135],[-37.543611,-52.088135],[-37.543606,-49.815408],[-37.543601,-47.54268],[-37.543596,-44.631012],[-37.543592,-42.173889],[-37.543587,-39.901162],[-37.543582,-37.628434],[-37.543577,-35.355707],[-37.543572,-33.08298],[-37.543567,-30.810253],[-37.543562,-28.537525],[-37.543556,-26.264798],[-37.543549,-23.992071],[-37.543542,-21.719343],[-37.543537,-19.446616],[-37.54353,-16.682134],[-37.543525,-14.223357],[-37.439531,-12.069128],[-36.801534,-10.980128],[-36.05428,-10.364256],[-35.397726,-9.632301],[-34.698741,-8.259923],[-34.594593,-7.218348],[-34.912513,-5.932892],[-35.308435,-5.04234],[-36.229845,-4.89064],[-37.178845,-4.55279],[-37.543703,-3.426427],[-37.543703,-0.582038],[-37.543703,1.729727],[-37.543703,4.002455],[-37.543703,6.275182],[-37.543703,8.547909],[-37.543703,10.820637],[-37.543703,13.093364],[-37.543703,15.366091],[-37.543703,17.186609],[-37.543703,19.459336],[-37.543703,21.732063],[-37.543703,24.004791],[-37.543703,26.748427],[-37.543703,29.048428],[-37.543703,31.332065],[-37.543703,33.604792],[-37.543703,35.87752],[-37.543703,38.150247],[-37.543703,40.422975],[-37.543703,42.695702],[-37.543703,44.968429],[-37.543703,47.241156],[-37.543703,49.513884],[-37.543703,51.786611],[-37.543703,54.059338],[-37.543703,56.786611],[-37.543703,59.059338],[-37.543703,61.332066],[-37.543703,63.604793],[-37.54358,65.170358],[-37.006972,65.324279],[-36.454193,65.566768],[-35.626273,65.829171],[-35.04255,66.029887],[-34.221688,66.253758],[-33.373934,66.703791],[-32.953056,67.03791],[-32.716869,67.435869],[-31.967464,67.651253],[-31.385612,67.867921],[-30.435081,67.850945],[-29.448545,67.989868],[-28.380989,68.174723],[-27.433655,68.285571],[-26.13765,68.475991],[-25.246269,68.720018],[-24.512194,69.037714],[-23.773473,69.245682],[-22.990741,69.463555],[-22.513891,69.639349]]]}},{"type":"Feature","properties":{"objectid":14,"scalerank":6,"featurecla":"Timezone","name":"-1","map_color6":1,"map_color8":8,"note":null,"zone":-1,"utc_format":"UTC-01:00","time_zone":"UTC-01:00","iso_8601":"2012-05-31T03:33:50-01:00","places":"Portugal (Azores), Cape Verde","dst_places":null,"tz_name1st":"Atlantic/Cape_Verde","tz_namesum":2},"bbox":[-31.746973,-75.464646,-7.506173,63.646028],"geometry":{"type":"Polygon","coordinates":[[[-21.199774,63.644736],[-20.604742,63.252501],[-19.740665,63.304388],[-17.200913,63.194304],[-14.295226,63.201958],[-11.389538,63.209612],[-7.999569,63.218541],[-7.857029,62.292435],[-8.012228,61.983943],[-7.515637,60.581067],[-7.515952,58.198743],[-9.003594,57.804232],[-7.8224,57.444007],[-7.936883,56.920819],[-7.516248,55.965787],[-8.258159,55.374425],[-8.858847,55.127206],[-9.108912,54.556373],[-10.174289,54.491151],[-10.61683,54.023985],[-10.507851,53.651299],[-10.452958,53.28099],[-9.993625,52.958289],[-10.28172,52.491036],[-10.816953,52.142138],[-10.502174,51.601736],[-9.994095,51.264123],[-9.287053,51.265293],[-8.323735,51.448327],[-7.860098,50.69077],[-7.860098,47.365487],[-7.860098,44.479038],[-8.352697,43.789866],[-8.860871,43.562816],[-9.476783,43.25825],[-9.373747,42.678563],[-9.168449,41.865833],[-10.585367,40.305321],[-12.760078,38.307155],[-15.297241,35.975961],[-17.471952,33.977795],[-18.551061,31.058932],[-18.539365,28.336095],[-17.078584,27.052435],[-13.682955,27.050901],[-14.311709,26.600549],[-14.852712,25.835148],[-15.190355,24.742558],[-16.199171,23.788746],[-16.544594,22.850754],[-17.089133,22.10858],[-17.302529,20.744276],[-16.850731,20.547078],[-16.642335,19.892802],[-16.724614,19.253979],[-16.252976,18.062041],[-16.702979,16.507721],[-17.402899,15.022317],[-17.574446,14.485885],[-17.061203,14.067319],[-17.043806,13.360166],[-17.013573,12.41006],[-16.494945,11.86949],[-16.495465,11.276864],[-16.034241,10.822817],[-15.283215,10.783904],[-14.681931,10.253317],[-14.093797,9.798866],[-13.648718,9.283075],[-13.487573,8.394175],[-13.080774,7.736814],[-12.633314,7.199873],[-11.546155,6.613317],[-10.502939,5.963225],[-8.833825,4.658158],[-7.506173,4.13807],[-7.506173,1.158662],[-7.506173,-2.191245],[-7.506173,-4.918518],[-9.346932,-5.827609],[-12.551327,-5.827609],[-15.2786,-5.827609],[-16.160071,-8.037342],[-14.779502,-9.363182],[-12.006172,-9.363182],[-8.506173,-9.363182],[-7.506763,-11.11352],[-7.507682,-13.840793],[-7.5088,-17.158975],[-7.509811,-20.158974],[-7.510899,-23.386247],[-7.511819,-26.113519],[-7.512738,-28.840792],[-7.513811,-32.02261],[-7.51473,-34.749883],[-9.215706,-35.658974],[-12.368146,-35.658974],[-14.640873,-36.010525],[-14.640873,-38.531809],[-14.640873,-41.713627],[-12.062773,-41.713627],[-8.880954,-41.713627],[-7.517866,-43.163627],[-7.518929,-45.977264],[-7.520131,-49.159083],[-7.521247,-52.113626],[-7.522364,-55.06817],[-7.523566,-58.249989],[-7.524596,-60.977261],[-7.525626,-63.704534],[-7.526828,-66.886352],[-7.527858,-69.613625],[-8.477443,-70.741538],[-8.665571,-71.031],[-9.645762,-70.749714],[-10.937503,-70.845601],[-10.983923,-71.125575],[-11.877317,-71.04795],[-12.974442,-71.294643],[-12.577818,-71.802291],[-13.531932,-71.920417],[-13.504638,-72.232868],[-13.040683,-72.425969],[-14.269506,-72.497898],[-14.981173,-72.595038],[-15.393732,-72.842771],[-15.426099,-72.615583],[-16.160628,-72.255356],[-17.039646,-72.351132],[-17.135147,-72.711256],[-16.419261,-72.917893],[-16.962232,-73.267445],[-17.259822,-73.782831],[-16.830598,-74.076931],[-17.899954,-74.164652],[-18.378389,-74.432199],[-18.728708,-74.581915],[-19.21284,-74.918737],[-19.699231,-75.238506],[-20.218988,-75.268275],[-21.519935,-75.464646],[-22.516822,-75.432179],[-22.517438,-72.389806],[-22.517991,-69.662533],[-22.518543,-66.935261],[-22.519188,-63.753442],[-22.51974,-61.02617],[-22.520292,-58.298897],[-22.520936,-55.117079],[-22.521489,-52.389806],[-22.522132,-49.207988],[-22.522684,-46.480715],[-22.523237,-43.753442],[-22.523881,-40.571624],[-22.524438,-37.823895],[-22.525031,-34.898891],[-22.52574,-31.398892],[-22.526293,-28.671619],[-22.526847,-25.944346],[-22.527491,-22.762528],[-22.528011,-20.198891],[-22.528644,-17.071618],[-22.529196,-14.344345],[-22.529748,-11.617073],[-22.530421,-8.298891],[-22.53103,-5.298892],[-22.531592,-2.526165],[-22.532237,0.655654],[-22.532789,3.382926],[-22.533341,6.110199],[-22.533986,9.292017],[-22.534541,12.029675],[-24.525986,13.4011],[-27.512736,13.4011],[-27.512736,16.397636],[-26.019663,18.395327],[-23.033519,18.395327],[-22.536289,20.668054],[-22.536934,23.849873],[-22.537486,26.577145],[-22.538159,29.895327],[-22.538768,32.895325],[-22.539319,35.612503],[-24.812226,36.499374],[-27.539499,36.499374],[-30.344482,36.499374],[-31.746973,38.345064],[-30.837882,40.190754],[-28.110609,40.190754],[-24.877316,40.190754],[-22.540283,40.6453],[-22.540547,43.827118],[-22.540774,46.55439],[-22.541,49.281663],[-22.541264,52.463481],[-22.541491,55.190754],[-22.541718,57.918027],[-22.541981,61.08188],[-22.534637,63.238036],[-21.199774,63.644736]]]}},{"type":"Feature","properties":{"objectid":6,"scalerank":6,"featurecla":"Timezone","name":"-8","map_color6":2,"map_color8":7,"note":null,"zone":-8,"utc_format":"UTC-08:00","time_zone":"UTC-08:00","iso_8601":"2012-05-30T20:33:50-08:00","places":"Canada (most of British Columbia), Mexico (Baja California), United States (California, most of Nevada, most of Oregon, Washington (state))","dst_places":"Canada (most of British Columbia), Mexico (Baja California), United States (California, most of Nevada, most of Oregon, Washington (state))","tz_name1st":"America/Los_Angeles","tz_namesum":8},"bbox":[-141.005549,-74.247425,-107,69.877864],"geometry":{"type":"Polygon","coordinates":[[[-140.847618,69.854653],[-137.97324,69.464073],[-136.444866,68.905543],[-136.431848,67.699666],[-136.275087,67.632461],[-136.192457,67.426634],[-136.110265,67.285764],[-136.210673,67.125309],[-136.1622,67.003662],[-134.532635,67.003456],[-134.040107,66.936793],[-133.763328,66.79861],[-133.698914,66.605392],[-133.763018,66.423284],[-133.574089,66.231203],[-133.610237,66.036409],[-133.28173,65.986257],[-132.872737,65.910396],[-132.561464,66.029303],[-132.476999,65.912928],[-132.289723,65.712268],[-132.217376,65.564112],[-132.338919,65.435929],[-132.554462,65.284129],[-132.714659,65.196434],[-132.535341,65.168994],[-132.368788,65.01766],[-132.619987,64.822245],[-132.280577,64.757753],[-131.908403,64.584585],[-131.818615,64.377518],[-131.50804,64.388396],[-131.272266,64.437204],[-131.01316,64.311785],[-130.869603,64.084822],[-130.650909,63.950102],[-130.416349,63.874913],[-130.169853,63.756806],[-130.251915,63.66676],[-130.062986,63.625316],[-129.839382,63.469201],[-130.13554,63.309934],[-129.968521,63.204747],[-129.656086,63.075788],[-129.717012,62.917684],[-129.633012,62.75586],[-129.581103,62.702995],[-129.506276,62.634601],[-129.178905,62.468539],[-129.297735,62.339348],[-129.259159,62.181347],[-128.978504,62.132823],[-128.723559,62.105357],[-128.390633,62.008929],[-128.168269,61.850179],[-127.972752,61.68869],[-127.591405,61.534384],[-127.127842,61.419145],[-127.014567,61.21585],[-127.081359,61.054258],[-126.90075,60.945686],[-126.843079,60.757325],[-126.62857,60.766756],[-126.23862,60.83515],[-125.961324,60.868481],[-125.224832,60.825538],[-124.868678,60.926152],[-124.483326,60.80032],[-124.367003,60.479151],[-124.083868,60.200357],[-123.837888,60.024967],[-119.999957,58.794809],[-120.500143,57.467232],[-121.751392,57.224555],[-122.478198,57.10456],[-123.795697,56.848572],[-123.33765,55.789712],[-121.856436,54.897414],[-120.589373,54.237114],[-119.911616,53.75119],[-119.753977,53.658069],[-119.904924,53.521901],[-119.606105,53.378112],[-119.365189,53.301191],[-119.113189,53.159753],[-118.996659,53.236492],[-118.775768,53.077587],[-118.631539,52.906978],[-118.41995,52.815174],[-118.348042,52.616427],[-118.219161,52.488244],[-118.52519,52.321648],[-117.841095,51.506682],[-116.621622,50.37049],[-116.794922,49.517646],[-116.048163,48.992515],[-115.917792,47.88245],[-115.725311,47.70811],[-115.701068,47.538652],[-115.726703,47.447148],[-115.304633,47.231791],[-115.053339,46.999247],[-114.918304,46.866166],[-114.766571,46.719706],[-114.63974,46.684428],[-114.427679,46.665824],[-114.344135,46.565068],[-114.381586,46.481864],[-114.435663,46.298149],[-114.454364,46.179032],[-114.482929,46.05579],[-114.41535,45.929496],[-114.523895,45.807914],[-114.495648,45.669096],[-115.187996,45.611568],[-116.463666,45.642436],[-116.71745,45.151371],[-117.067401,44.668486],[-117.197675,44.362797],[-118.227435,44.039981],[-115.157855,41.999833],[-114.041596,39.970072],[-114.040204,37.003129],[-114.042756,36.21127],[-114.336639,36.130717],[-114.545453,36.159696],[-114.729218,35.959257],[-114.600629,35.376664],[-114.638861,35.047807],[-114.421112,34.602592],[-114.335419,34.463334],[-114.224262,34.198075],[-114.514056,33.854008],[-114.534491,33.60352],[-114.723505,33.321244],[-114.472089,32.842021],[-114.794203,32.574111],[-115.037107,32.291699],[-114.933315,32.004998],[-112.733398,28.785322],[-116.900082,27.206182],[-112.500922,22.685619],[-112.501106,14.049255],[-107,11.071429],[-112.501235,8.005473],[-112.501424,-0.496199],[-112.501605,-9.00529],[-112.501796,-17.641654],[-112.501986,-26.205291],[-112.502179,-35.250744],[-112.502364,-43.932562],[-112.502537,-52.11438],[-112.502725,-61.050746],[-112.502917,-70.006738],[-113.256275,-73.839148],[-116.507165,-73.663947],[-118.441998,-73.664139],[-123.409829,-73.495754],[-125.749896,-73.120579],[-127.50734,-68.07273],[-127.507371,-59.445457],[-127.507404,-50.809093],[-127.507432,-42.172729],[-127.507466,-33.536366],[-129.005455,-26.000152],[-132.001876,-22.000602],[-127.50795,-17.5],[-127.507923,-8.863636],[-127.507897,-0.407848],[-127.507879,8.1924],[-127.507861,16.839154],[-127.507836,25.48331],[-127.507811,33.665129],[-127.507791,42.301492],[-128.260259,50.260057],[-128.486546,51.603664],[-129.919516,52.856643],[-131.537132,53.672168],[-130.624769,52.032942],[-132.785555,52.921741],[-132.934846,54.455574],[-131.442878,54.557252],[-130.620989,54.708393],[-130.12443,55.574852],[-130.116756,56.105646],[-131.536437,56.585229],[-132.107384,56.858753],[-133.257262,58.210298],[-134.32314,58.949168],[-134.74345,59.245119],[-135.157792,59.623287],[-136.319995,59.459059],[-137.2819,58.98715],[-138.488881,59.696357],[-139.101608,60.346602],[-140.533743,60.218548],[-141.002061,62.216229],[-141.003378,64.986009],[-141.004696,67.755814],[-140.847618,69.854653]]]}},{"type":"Feature","properties":{"objectid":6,"scalerank":6,"featurecla":"Timezone","name":"-8","map_color6":2,"map_color8":7,"note":null,"zone":-8,"utc_format":"UTC-08:00","time_zone":"UTC-08:00","iso_8601":"2012-05-30T20:33:50-08:00","places":"Arctic Ocean","dst_places":null,"tz_name1st":null,"tz_namesum":0},"bbox":[-127.515099,69.780181,-112.504608,90],"geometry":{"type":"Polygon","coordinates":[[[-112.504608,78.751653],[-112.504608,78.745506],[-112.560411,78.747967],[-112.79618,78.727986],[-113.34332,78.658626],[-113.535153,78.62205],[-113.988837,78.543287],[-114.083411,78.517629],[-114.161181,78.489728],[-114.36656,78.346945],[-114.418078,78.325718],[-114.617641,78.284575],[-115.123696,78.220036],[-115.27458,78.201947],[-115.7455,78.12426],[-115.881197,78.095149],[-116.072344,78.017859],[-116.102,77.932055],[-116.066349,77.902142],[-115.743148,77.767133],[-115.605946,77.722839],[-115.550895,77.68692],[-115.952095,77.742973],[-116.199364,77.76376],[-116.475711,77.769022],[-116.853303,77.7554],[-117.323641,77.720431],[-117.632284,77.670114],[-117.850602,77.607098],[-118.276507,77.584872],[-118.518034,77.569882],[-119.120208,77.557928],[-119.3692,77.532481],[-119.731535,77.48882],[-119.913903,77.451491],[-120.044217,77.413627],[-120.18886,77.353014],[-120.225403,77.311423],[-120.561184,77.226463],[-120.900558,77.106496],[-121.009325,77.044635],[-121.231076,76.970851],[-121.341492,76.90463],[-121.577849,76.876394],[-121.812169,76.838203],[-121.902508,76.815016],[-122.120056,76.6878],[-122.237045,76.635423],[-122.641463,76.605988],[-122.974773,76.562123],[-123.40318,76.437645],[-123.583526,76.341387],[-123.751703,76.251424],[-123.888919,76.120255],[-123.897178,76.062097],[-123.859008,76.022367],[-123.557488,75.917755],[-123.48159,75.876464],[-123.30153,75.814742],[-123.165915,75.784792],[-122.84689,75.741261],[-122.423221,75.719522],[-122.251394,75.702502],[-121.905434,75.613372],[-121.76817,75.5806],[-121.393048,75.532951],[-121.565118,74.764551],[-121.713368,74.762293],[-122.420976,74.690488],[-122.553343,74.679247],[-123.147536,74.6603],[-123.652877,74.635455],[-123.770403,74.632213],[-124.290515,74.604685],[-124.521218,74.579289],[-125.133394,74.528151],[-125.386508,74.468514],[-125.464695,74.434226],[-125.55159,74.325187],[-125.525213,74.288101],[-125.248832,74.124404],[-125.065078,73.913306],[-124.969512,73.854659],[-124.790498,73.744377],[-124.776757,73.723335],[-125.041561,73.544571],[-125.122451,73.500854],[-125.281458,73.310934],[-125.431039,73.235751],[-125.548605,73.151138],[-125.59632,73.03536],[-125.74266,72.965159],[-125.824477,72.884432],[-125.787361,72.794941],[-125.719658,72.748811],[-125.782807,72.685898],[-125.805429,72.634906],[-126.07007,72.501787],[-126.316084,72.317206],[-126.38325,72.232151],[-126.584063,72.081501],[-126.632883,72.048073],[-126.644729,71.918147],[-126.525219,71.844496],[-126.433409,71.815071],[-126.140937,71.766076],[-125.91102,71.742875],[-125.561493,71.750149],[-125.429781,71.732096],[-125.254255,71.681353],[-124.808947,71.591462],[-124.524077,71.53911],[-124.38954,71.443134],[-124.015044,71.149072],[-123.947831,71.097965],[-123.725855,70.986715],[-123.873337,70.651964],[-124.162845,70.345099],[-124.342757,70.364066],[-124.727515,70.364956],[-125.101507,70.377619],[-125.244105,70.3678],[-125.444182,70.335355],[-125.536725,70.308145],[-125.7082,70.209443],[-125.806499,70.042348],[-125.83754,69.917275],[-125.921956,69.780352],[-125.966551,69.780181],[-126.141385,69.865231],[-126.160486,69.990092],[-126.199505,70.048566],[-126.621607,70.369542],[-126.780186,70.461856],[-127.237009,70.643131],[-127.514926,70.733955],[-127.515099,70.734077],[-127.515099,71.659838],[-127.515099,72.122719],[-127.515099,73.048479],[-127.515099,73.97424],[-127.515099,74.437121],[-127.515099,75.354547],[-127.515099,75.809092],[-127.515099,76.718183],[-127.515099,77.172728],[-127.515099,78.081819],[-127.515099,78.99091],[-127.515099,79.445456],[-127.515099,80.354547],[-127.515099,80.809092],[-127.515099,81.718183],[-127.515099,82.627274],[-127.515099,83.081819],[-127.515099,83.99091],[-127.515099,84.445456],[-127.515099,85.363637],[-127.515099,86.29091],[-127.515099,86.754546],[-127.515099,87.681819],[-127.515099,88.145455],[-127.515099,89.072727],[-127.515099,90],[-127.073614,90],[-126.190644,90],[-125.749159,90],[-124.866189,90],[-123.983219,90],[-123.541734,90],[-122.658764,90],[-122.217279,90],[-121.334309,90],[-120.892824,90],[-120.009853,90],[-119.126883,90],[-118.685398,90],[-117.802428,90],[-117.360943,90],[-116.477973,90],[-115.595003,90],[-115.153518,90],[-114.270548,90],[-113.829063,90],[-112.946093,90],[-112.504608,89.536364],[-112.504608,89.072727],[-112.504608,88.145455],[-112.504608,87.681819],[-112.504608,86.754546],[-112.504608,85.827274],[-112.504608,85.363637],[-112.504608,84.445456],[-112.504608,83.99091],[-112.504608,83.081819],[-112.504608,82.172728],[-112.504608,81.718183],[-112.504608,80.809092],[-112.504608,80.354547],[-112.504608,79.517219],[-112.504608,78.751653]]]}},{"type":"Feature","properties":{"objectid":37,"scalerank":6,"featurecla":"Timezone","name":"+13","map_color6":2,"map_color8":6,"note":"Reflects 2012 International Date Line switch for Western Samoa and Kiribati","zone":13,"utc_format":"UTC+13:00","time_zone":"UTC+13:00","iso_8601":"2012-05-31T17:33:50+13:00","places":"Kiribati (Phoenix Islands), Tonga, Samoa","dst_places":"Samoa","tz_name1st":"Pacific/Enderbury","tz_namesum":3},"bbox":[-179.999971,-26.000558,-158.476216,-2.509361],"geometry":{"type":"Polygon","coordinates":[[[-158.486571,-2.509434],[-158.484628,-3.01648],[-158.482582,-3.550211],[-158.480536,-4.083829],[-158.478376,-4.647212],[-158.476216,-5.210709],[-158.478789,-5.842297],[-159.012059,-5.842297],[-159.566525,-5.842297],[-160.155645,-5.842297],[-160.640802,-5.842297],[-161.12596,-5.842297],[-161.611117,-5.842297],[-162.061621,-5.842297],[-162.581433,-5.842297],[-163.205207,-5.842297],[-163.759673,-5.842297],[-164.279484,-5.842297],[-164.799296,-5.842297],[-165.284454,-5.842297],[-165.769611,-5.842297],[-166.254769,-5.842297],[-166.739926,-5.842297],[-167.259738,-5.842297],[-167.77955,-5.842297],[-168.264707,-5.842297],[-168.888481,-5.842297],[-169.396078,-5.842297],[-169.688352,-6.498716],[-169.895887,-6.964823],[-170.129177,-7.48877],[-170.330979,-7.942],[-170.558535,-8.453071],[-170.730198,-8.838609],[-170.992788,-9.428362],[-171.099164,-10.004038],[-171.196475,-10.53065],[-171.293786,-11.057266],[-171.26103,-11.385463],[-171.196721,-12.029806],[-171.150157,-12.500492],[-171.100207,-12.996836],[-171.049536,-13.504531],[-171.003287,-13.967921],[-171.236701,-14.430984],[-171.596869,-14.593251],[-172.009502,-14.779154],[-172.499983,-15.00013],[-172.499983,-15.531223],[-172.499983,-16.062559],[-172.499983,-16.394383],[-172.500008,-16.850328],[-172.499983,-17.285565],[-172.499983,-17.656324],[-172.499983,-18.187497],[-172.499983,-18.718834],[-172.499983,-19.249926],[-172.499983,-19.781262],[-172.499983,-20.312598],[-172.493643,-20.965231],[-172.499983,-21.596401],[-172.499983,-22.437455],[-172.499983,-22.968873],[-172.499983,-23.499965],[-172.499983,-24.000051],[-172.499983,-24.466837],[-172.499983,-24.999979],[-172.499983,-25.44092],[-172.499983,-26.000151],[-173.026034,-26.000558],[-173.524173,-26.000558],[-174.022311,-26.000558],[-174.520449,-26.000558],[-175.018588,-26.000558],[-175.516726,-26.000558],[-176.014864,-26.000558],[-176.513003,-26.000558],[-177.011141,-26.000558],[-177.509279,-26.000558],[-178.007418,-26.000558],[-178.505556,-26.000558],[-179.003694,-26.000558],[-179.501833,-26.000558],[-179.999971,-26.000558],[-179.786508,-25.57358],[-179.573044,-25.146601],[-179.359581,-24.719622],[-179.146118,-24.292644],[-178.932654,-23.865665],[-178.719191,-23.438687],[-178.505728,-23.011708],[-178.292264,-22.584729],[-178.078801,-22.157751],[-177.865338,-21.730772],[-177.651874,-21.303793],[-177.438411,-20.876815],[-177.224948,-20.449836],[-177.011485,-20.022858],[-177.011485,-19.574917],[-177.011485,-19.126976],[-177.011485,-18.679035],[-177.011485,-18.231094],[-177.011485,-17.783153],[-177.011485,-17.335213],[-177.011485,-16.887272],[-177.011485,-16.439331],[-177.011485,-15.99139],[-177.011485,-15.495695],[-177.011485,-15],[-176.579051,-15],[-176.146617,-15],[-175.714183,-15],[-175.281749,-15],[-174.849315,-15],[-174.416881,-15],[-174.415847,-14.57913],[-174.414814,-14.15826],[-174.413781,-13.73739],[-174.412747,-13.31652],[-174.411714,-12.895651],[-174.41068,-12.474781],[-174.704094,-12.088694],[-174.997508,-11.702607],[-175.290921,-11.31652],[-175.584335,-10.930434],[-175.877749,-10.544347],[-176.171163,-10.15826],[-176.464577,-9.772173],[-176.75799,-9.386087],[-177.051404,-9],[-177.301406,-8.666664],[-177.551408,-8.333328],[-177.80141,-7.999992],[-178.051412,-7.666656],[-178.051412,-7.190524],[-178.051412,-6.714393],[-178.051412,-6.238262],[-178.051412,-5.76213],[-178.051412,-5.285999],[-178.051412,-4.809868],[-178.051412,-4.333736],[-178.051412,-3.857605],[-178.051412,-3.381474],[-178.051412,-2.905342],[-178.051506,-2.509361],[-177.63581,-2.509434],[-177.119619,-2.509434],[-176.644724,-2.509434],[-176.107886,-2.509434],[-175.612344,-2.509434],[-175.075506,-2.509434],[-174.621258,-2.509434],[-174.105068,-2.509434],[-173.609525,-2.509434],[-173.083011,-2.509434],[-172.48423,-2.509434],[-172.195164,-2.509434],[-171.75309,-2.509434],[-171.204078,-2.509434],[-170.729183,-2.509434],[-170.23364,-2.509434],[-169.738098,-2.509434],[-169.263202,-2.509434],[-168.76766,-2.509434],[-168.272117,-2.509434],[-167.797222,-2.509434],[-167.301679,-2.509434],[-166.806136,-2.509434],[-166.331241,-2.509434],[-165.835699,-2.509434],[-165.360803,-2.509434],[-164.865261,-2.509434],[-164.369718,-2.509434],[-163.91547,-2.509434],[-163.39928,-2.509434],[-162.903737,-2.509434],[-162.428842,-2.509434],[-161.850709,-2.509434],[-161.293224,-2.509434],[-160.735738,-2.509434],[-160.157605,-2.509434],[-159.579472,-2.509434],[-159.001338,-2.509434],[-158.486571,-2.509434]]]}},{"type":"Feature","properties":{"objectid":0,"scalerank":6,"featurecla":"Timezone","name":"+14","map_color6":1,"map_color8":1,"note":"Reflects 2012 International Date Line switch for Western Samoa and Kiribati","zone":14,"utc_format":"UTC+14:00","time_zone":"UTC+14:00","iso_8601":"2012-05-31T18:33:50+14:00","places":"Kiribati (Line Islands), Tokelau","dst_places":null,"tz_name1st":"Pacific/Kiritimati","tz_namesum":2},"bbox":[-160.639769,-11.645359,-150.000137,4.937315],"geometry":{"type":"Polygon","coordinates":[[[-157.560725,-5.842297],[-158.092914,-5.842297],[-158.478789,-5.842297],[-158.476216,-5.210709],[-158.478376,-4.647212],[-158.480536,-4.083829],[-158.482582,-3.550211],[-158.484628,-3.01648],[-158.486571,-2.509434],[-158.486571,-1.967457],[-158.486571,-1.350175],[-158.486571,-0.979806],[-158.486571,-0.671164],[-158.486571,-0.228073],[-159.044948,0.219582],[-159.431076,0.529143],[-159.762027,0.794469],[-160.047844,1.02361],[-160.346186,1.262793],[-160.639769,1.498161],[-160.639769,2.044878],[-160.639769,2.600432],[-160.639769,3.094258],[-160.639769,3.60866],[-160.639769,4.061334],[-160.639769,4.534584],[-160.639769,4.937315],[-160.04555,4.937315],[-159.675181,4.937315],[-159.201931,4.937315],[-158.769833,4.937315],[-158.337736,4.937315],[-157.885062,4.937315],[-157.514692,4.937315],[-156.961534,4.937315],[-156.487099,4.937315],[-156.012664,4.937315],[-155.528634,4.937315],[-155.275605,4.257805],[-155.075783,3.721182],[-154.925582,3.317816],[-154.748765,2.842973],[-154.578034,2.384474],[-154.418136,1.955067],[-154.240183,1.477174],[-154.066977,1.012028],[-153.913165,0.598965],[-153.732737,0.114425],[-153.570363,-0.32163],[-153.382714,-0.825564],[-153.219205,-1.264668],[-153.052085,-1.71347],[-152.868046,-2.207707],[-152.697315,-2.666205],[-152.524109,-3.131351],[-152.348428,-3.603145],[-152.170475,-4.081037],[-151.960956,-4.643701],[-151.820452,-5.021026],[-151.643635,-5.495869],[-151.497044,-5.889538],[-151.342097,-6.305651],[-151.174977,-6.754453],[-150.994549,-7.238993],[-150.824954,-7.694442],[-150.654223,-8.15294],[-150.504021,-8.556307],[-150.317507,-9.057191],[-150.134604,-9.548378],[-150.000137,-10.000335],[-150.000168,-10.500256],[-150.000199,-11.000178],[-150.000217,-11.341098],[-150.000233,-11.645359],[-150.49736,-11.645359],[-151.001447,-11.645359],[-151.564838,-11.645359],[-152.009621,-11.645359],[-152.632316,-11.645359],[-153.106751,-11.645359],[-153.581186,-11.645359],[-154.025969,-11.645359],[-154.566159,-11.645359],[-154.748464,-10.946724],[-154.87583,-10.45863],[-154.984053,-10.043893],[-155.092277,-9.629155],[-155.242832,-9.052194],[-155.370198,-8.5641],[-155.520753,-7.987138],[-155.649915,-7.49216],[-155.78241,-6.984409],[-155.929037,-6.422502],[-156.080438,-5.842297],[-156.363301,-5.842297],[-156.695919,-5.842297],[-157.161584,-5.842297],[-157.560725,-5.842297]]]}},{"type":"Feature","properties":{"objectid":31,"scalerank":6,"featurecla":"Timezone","name":"+10","map_color6":2,"map_color8":5,"note":null,"zone":10,"utc_format":"UTC+10:00","time_zone":"UTC+10:00","iso_8601":"2012-05-31T14:33:50+10:00","places":"Papua New Guinea, Australia (Queensland, New South Wales, Tasmania, Victoria)","dst_places":"Australia (New South Wales, Tasmania, Victoria)","tz_name1st":"Australia/Sydney","tz_namesum":10},"bbox":[135.997053,-69.036375,160.059028,49.982364],"geometry":{"type":"Polygon","coordinates":[[[157.508239,43.792763],[157.508239,41.520036],[157.508239,39.247309],[157.508239,36.974581],[157.508239,34.701854],[157.508239,32.429127],[157.508239,30.156399],[157.508239,27.883672],[157.508239,25.610945],[157.508239,23.338218],[157.508239,21.06549],[157.508239,18.792763],[157.508239,16.090909],[157.508239,13.818182],[157.069313,11.999964],[154.874681,11.999785],[153.996834,10.5576],[153.996846,8.154076],[153.996857,5.750552],[153.996869,3.347029],[153.99688,0.943505],[155.198745,-0.01956],[157.138191,-0.022232],[157.517593,-2.252378],[158.361119,-3.590152],[160.051789,-3.984784],[158.690749,-4.846995],[156.776713,-5.984656],[155.923056,-6.847222],[155.107555,-7.254538],[154.819224,-8.42885],[156.08994,-10.026838],[157.339352,-11.804573],[157.517593,-13.73307],[157.517593,-16.477092],[157.517593,-18.749819],[157.517593,-21.022547],[157.517593,-23.295274],[157.517593,-25.568001],[157.517593,-27.840729],[157.517593,-30.113456],[157.517593,-32.386183],[157.517593,-34.65891],[157.517593,-36.931638],[157.517593,-39.204365],[157.517593,-41.57709],[157.517593,-43.849818],[157.517593,-46.122545],[157.517593,-48.395272],[157.517593,-50.667999],[157.517593,-52.940727],[157.517593,-55.244363],[157.517593,-57.594364],[157.517593,-59.913455],[157.517593,-62.186182],[157.517593,-64.458909],[157.517593,-67.186182],[157.517593,-69.033714],[156.758665,-69.005602],[156.253,-68.881539],[155.354082,-68.718497],[154.885436,-68.344974],[153.675617,-68.115847],[153.240853,-68.386159],[153.086915,-68.638454],[152.446106,-68.536051],[151.746895,-68.511009],[151.333558,-68.239038],[150.787022,-68.186931],[150.007412,-68.224681],[149.316219,-68.224327],[148.664629,-68.24111],[148.008262,-68.219635],[147.507587,-68.115128],[147.294814,-67.903074],[146.914499,-67.704044],[146.309313,-67.459135],[145.527552,-67.356004],[144.70606,-67.551236],[144.820592,-67.401741],[144.959096,-66.986907],[144.107912,-66.789865],[143.230944,-66.719348],[142.577928,-66.826842],[142.502258,-65.317157],[142.502258,-62.921981],[142.502258,-60.649253],[142.502258,-58.376526],[142.502258,-56.103799],[142.502258,-53.376526],[142.502258,-51.103799],[142.502258,-48.831071],[142.502258,-46.558344],[142.502258,-44.285617],[142.502258,-41.944088],[142.502258,-39.556691],[142.214044,-38.567077],[141.810995,-38.505389],[141.268003,-38.530506],[140.979432,-38.241555],[140.968165,-38.039376],[140.967665,-36.367067],[140.967241,-34.566107],[141.000107,-33.711534],[141.000107,-32.141035],[141.64313,-31.440908],[141.000107,-30.570537],[141.000107,-28.999935],[141.000107,-27.124907],[140.999952,-25.999911],[140.624729,-25.999911],[138.375048,-25.999911],[138.000187,-24.819208],[138.000187,-23.343381],[138.000187,-21.867502],[138.000187,-20.391675],[138.000187,-18.915848],[138.000187,-17.735145],[138.001044,-16.555202],[138.102192,-16.377162],[138.86395,-16.66575],[139.028883,-16.442074],[139.9068,-16.332027],[139.745307,-16.717088],[139.716551,-16.917192],[139.716879,-17.244108],[140.118488,-17.515313],[140.738094,-17.098422],[140.997006,-16.60763],[141.170768,-15.905688],[141.423807,-14.993868],[141.390674,-14.184768],[141.298134,-13.606154],[141.422336,-12.827769],[141.384727,-12.512994],[141.903889,-11.338558],[141.90713,-10.707538],[141.945167,-10.276852],[141.954008,-9.947003],[142.058551,-9.755386],[141.975011,-9.418427],[141.201286,-9.438173],[140.977007,-9.10611],[140.977317,-8.434936],[140.976904,-7.587546],[140.977162,-6.896632],[140.908329,-6.849297],[140.870863,-6.778397],[140.857841,-6.723619],[140.865799,-6.649205],[140.890552,-6.599803],[140.901611,-6.562079],[140.92099,-6.516397],[140.948585,-6.465547],[140.912515,-6.438572],[140.955613,-6.411287],[140.952822,-6.37377],[140.976904,-6.335116],[140.976904,-5.363806],[140.976871,-4.988486],[140.973545,-3.800025],[140.974465,-2.604076],[141.230274,-1.850802],[142.510857,0.239887],[142.511081,2.589681],[141.580622,3.999621],[138.788845,3.999813],[136.462363,3.999974],[135.997065,5.934798],[135.997063,8.353289],[135.99706,10.77178],[135.997057,13.190271],[135.997055,15.608762],[136.927826,17.059976],[139.254756,17.060273],[141.581687,17.060571],[142.512601,18.55003],[142.512885,21.528711],[142.513122,24.010944],[142.513358,26.493178],[142.513595,28.975412],[142.513831,31.457646],[142.514068,33.93988],[142.514304,36.422113],[142.514541,38.904347],[142.514762,41.227098],[143.116409,41.78329],[143.53089,42.00927],[144.184343,42.797727],[144.862687,42.776655],[145.422789,43.012942],[146.360923,43.396989],[148.595757,44.283797],[150.681521,45.593132],[152.767284,46.902467],[154.794186,48.197912],[156.732796,49.47252],[157.508239,48.792763],[157.508239,46.520036],[157.508239,43.792763]]]}},{"type":"Feature","properties":{"objectid":31,"scalerank":6,"featurecla":"Timezone","name":"+10","map_color6":2,"map_color8":5,"note":"Reflects 2012 shift in daylight savings time in Russia.","zone":10,"utc_format":"UTC+10:00","time_zone":"UTC+10:00","iso_8601":"2012-05-31T14:33:50+10:00","places":"Russia (Zabaykalsky Krai)","dst_places":null,"tz_name1st":"Asia/Yakutsk","tz_namesum":1},"bbox":[105.541104,48.853493,157.507846,90],"geometry":{"type":"Polygon","coordinates":[[[157.507846,76.655935],[139.131,72.998542],[133.037994,70.025719],[132.466861,68.973135],[131.544907,65.546013],[133.883424,64.960648],[139.377891,65.770892],[140.348801,64.183029],[140.295654,62.261471],[140.102281,61.970791],[139.679981,61.65727],[139.064205,61.398992],[138.7065,61.198745],[138.214851,60.962584],[138.433545,60.697742],[138.329056,60.390629],[138.232937,60.027344],[138.029022,59.688889],[137.476498,59.566029],[136.599755,59.382629],[135.791019,59.534299],[135.2664,59.180006],[134.724935,59.211347],[133.603969,59.280878],[132.861172,59.107969],[132.524759,58.790753],[132.216974,58.487774],[132.022464,58.195363],[131.730595,58.149267],[131.610396,57.995375],[131.990218,57.633407],[131.565644,57.359031],[131.146135,57.230874],[131.453506,57.032075],[131.756537,56.816997],[131.677265,56.586417],[131.605228,56.504458],[131.357078,56.465417],[130.962167,56.04813],[131.375165,55.621902],[132.140079,55.660582],[132.925148,55.389591],[132.390917,55.204073],[131.994455,54.909414],[131.344882,54.687205],[130.792565,54.287694],[130.398584,53.90932],[131.33062,53.77863],[131.481102,53.458288],[131.782582,53.241195],[132.438666,53.230911],[133.161929,53.338502],[133.565419,53.544432],[134.223156,53.500559],[134.584065,53.610216],[134.827357,53.328347],[134.765656,53.028236],[134.754493,52.710995],[134.464279,52.451682],[133.478912,52.651412],[133.246162,52.455584],[133.090719,52.163328],[132.509256,51.951274],[132.065769,51.79596],[131.399453,51.580883],[131.329483,51.375986],[130.788121,50.999911],[130.665337,50.684452],[130.984078,50.541799],[131.134146,50.4193],[131.461568,50.1542],[131.437487,49.964134],[131.494331,49.617282],[131.141587,49.212139],[130.541291,48.853493],[129.520622,49.397089],[128.80418,49.555168],[127.831836,49.593873],[127.32458,50.513765],[126.954716,51.329547],[126.708287,51.685632],[126.217529,52.464785],[125.864669,52.888582],[124.802305,53.155155],[123.877504,53.488674],[122.425168,53.452449],[120.527609,53.055807],[120.491849,52.617255],[120.745064,52.076667],[120.108203,51.665194],[119.765227,51.142435],[119.250891,50.504515],[119.334142,50.211148],[118.37296,49.786316],[116.218591,50.013848],[113.774089,50.081647],[111.363057,49.367558],[109.391928,49.309291],[107.956718,49.745544],[107.815983,50.182079],[108.179785,50.368967],[108.578003,50.529629],[108.263191,50.899219],[108.485089,51.362292],[109.003817,51.456188],[109.396558,51.39185],[110.6216,51.507632],[111.197172,51.824899],[112.025028,52.233918],[112.529907,52.330785],[113.649218,52.5077],[114.240707,52.925814],[114.128156,53.085597],[113.949458,53.347493],[113.915662,53.678791],[114.761915,53.972416],[115.513497,54.354874],[116.723346,54.565197],[116.810783,55.079119],[115.971661,55.394397],[115.89704,55.948084],[115.800508,56.466114],[116.009178,56.85684],[116.713011,56.759507],[117.301192,56.923347],[117.564845,56.850225],[117.753361,57.206844],[117.338916,57.36761],[117.141925,57.657153],[117.397517,57.899154],[117.493118,58.13795],[117.835113,58.407805],[118.470733,58.242957],[119.033696,58.50307],[118.886211,58.829329],[118.845904,59.291058],[118.098559,59.588301],[117.455084,59.499986],[117.212515,59.840534],[117.041983,60.042253],[116.040597,60.433883],[114.543117,60.107778],[113.866156,59.682223],[113.472485,59.338962],[112.63481,59.034226],[112.466448,59.020997],[112.301807,59.298448],[111.952061,59.279534],[111.091338,59.23654],[110.544085,59.10492],[109.742273,59.066369],[109.420743,59.291782],[109.528333,59.64313],[109.763874,60.026982],[109.871361,60.374558],[110.171291,60.680534],[110.447243,60.976976],[110.124886,61.207117],[109.868467,61.499554],[109.865987,62.057556],[109.877459,62.418025],[109.462187,62.678862],[109.457019,62.999721],[109.436762,63.241282],[109.121743,63.510904],[108.189603,63.63317],[108.716703,63.811713],[108.494081,64.206882],[107.968013,64.169985],[107.058531,64.361136],[106.594869,64.453069],[106.00059,64.510068],[105.804633,64.64577],[105.955343,64.871028],[106.190367,65.122899],[106.599231,65.381384],[106.706821,65.59641],[106.473451,65.915253],[106.130319,66.273319],[106.231812,66.657094],[105.841758,66.93762],[106.677676,67.248867],[106.885725,68.043754],[106.839526,69.518238],[109.237933,69.775896],[109.343043,70.097479],[110.063516,70.411465],[110.10372,70.631916],[111.073066,70.847976],[112.365184,71.058867],[112.421511,71.295493],[111.314189,72.330882],[110.886205,72.632466],[110.801765,72.953894],[110.558679,73.29842],[110.880796,73.730946],[120.500952,78],[141.519955,79.998476],[151.335678,90],[157.507846,76.655935]]]}},{"type":"Feature","properties":{"objectid":33,"scalerank":6,"featurecla":"Timezone","name":"+11","map_color6":1,"map_color8":6,"note":null,"zone":11,"utc_format":"UTC+11:00","time_zone":"UTC+11:00","iso_8601":"2012-05-31T15:33:50+11:00","places":"New Caledonia, Solomon Islands","dst_places":null,"tz_name1st":"Pacific/Guadalcanal","tz_namesum":6},"bbox":[153.996828,-77.837676,172.52132,52.999932],"geometry":{"type":"Polygon","coordinates":[[[172.52132,51.776162],[172.512504,50.217383],[172.511547,47.944655],[172.510589,45.671928],[172.509633,43.399201],[172.508676,41.126474],[172.507719,38.853746],[172.506761,36.581019],[172.505751,34.171929],[172.504706,31.67193],[172.503522,28.853748],[172.502565,26.581021],[172.501573,24.228367],[172.500558,21.822429],[171.136516,20.860017],[168.863789,20.859954],[166.591061,20.859892],[164.318334,20.859831],[162.018452,20.859768],[160.571477,19.359729],[160.568357,16.859731],[160.56541,14.496097],[160.56258,12.223371],[160.560112,9.923276],[161.048556,8.050357],[163.498483,8.050357],[163.990126,6.068581],[163.992198,3.59136],[163.994683,0.618695],[163.996755,-1.858526],[165.544403,-2.354286],[167.817131,-2.354751],[170.089858,-2.355216],[172.50148,-2.355709],[172.501459,-4.628436],[172.501439,-6.901163],[172.501418,-9.173891],[172.501393,-11.901163],[172.501372,-14.173891],[172.501351,-16.446618],[172.50133,-18.719345],[172.50131,-20.992073],[172.501289,-23.2648],[172.501268,-25.537527],[172.501251,-27.662773],[172.501231,-29.845006],[172.256871,-32.632311],[171.035196,-34.548768],[169.813522,-36.465225],[168.469688,-38.573328],[167.125854,-40.681431],[165.838222,-42.701361],[165.063983,-44.913317],[165.059833,-47.413313],[165.055682,-49.913309],[165.050702,-52.913305],[165.50258,-54.520428],[167.775307,-54.520428],[170.048034,-54.520428],[172.518814,-54.520428],[172.517677,-56.793155],[172.516539,-59.065883],[172.515311,-61.520426],[172.51406,-64.020424],[172.512679,-66.793151],[172.511548,-69.065879],[172.510412,-71.338606],[172.509274,-73.611333],[172.508162,-75.8343],[172.088377,-77.570619],[170.225373,-77.501619],[169.864892,-77.326128],[168.070982,-77.18387],[167.752878,-77.017799],[167.708839,-76.871374],[167.204353,-76.760041],[166.500977,-76.765911],[166.045896,-76.920263],[165.707908,-77.133425],[165.678023,-77.358912],[165.329815,-77.501608],[165.580809,-77.692141],[165.631231,-77.837676],[165.047043,-77.710285],[164.67805,-77.506545],[164.36091,-77.271943],[163.956413,-77.00408],[163.684874,-76.878025],[163.529699,-76.574461],[163.541845,-76.329462],[163.47253,-76.111084],[163.540568,-75.728885],[163.661312,-75.502322],[163.267383,-75.280633],[163.659339,-75.094305],[164.419078,-75.000397],[165.071207,-74.795207],[165.766998,-74.793151],[166.143162,-74.550683],[165.672745,-74.187127],[166.635145,-73.92755],[167.629356,-73.68716],[168.507313,-73.427994],[168.896168,-73.46155],[168.876077,-73.622954],[169.449742,-73.799516],[170.176724,-73.764056],[170.58137,-73.525495],[170.265337,-73.211308],[170.233182,-72.99634],[170.809513,-72.666743],[170.871936,-72.31317],[171.163536,-72.081213],[171.53218,-71.83217],[171.152915,-71.550291],[170.535198,-71.140285],[169.919765,-71.153245],[169.120784,-71.084349],[168.397316,-70.901504],[167.560792,-70.593112],[167.118,-70.502573],[166.366211,-70.41161],[165.392354,-70.392831],[164.237041,-70.319682],[163.799204,-70.204058],[162.995862,-70.148135],[162.081962,-70.063771],[161.381219,-70.108965],[160.92861,-69.912067],[160.697818,-69.677554],[160.059908,-69.372083],[159.164848,-69.202246],[158.130006,-69.013944],[157.517593,-69.004364],[157.517593,-66.731637],[157.517593,-64.458909],[157.517593,-61.731637],[157.517593,-59.458909],[157.517593,-57.124364],[157.517593,-54.774363],[157.517593,-52.486181],[157.517593,-50.213454],[157.517593,-47.940727],[157.517593,-45.667999],[157.517593,-43.395272],[157.517593,-40.667999],[157.517593,-38.749819],[157.517593,-36.477092],[157.517593,-34.204365],[157.517593,-31.931638],[157.517593,-29.65891],[157.517593,-27.386183],[157.517593,-25.113456],[157.517593,-22.840729],[157.517593,-20.113456],[157.517593,-17.840728],[157.517593,-15.568001],[157.517593,-13.261777],[157.161111,-11.373889],[155.822147,-9.690075],[154.585556,-8.135],[155.112222,-7.246667],[156.039722,-6.658333],[157.517593,-5.419311],[159.602935,-4.798363],[159.626407,-3.590152],[157.517593,-3.590152],[157.517593,-1.360529],[156.758789,-0.021709],[154.798125,-0.019008],[153.996878,1.42421],[153.996866,3.827733],[153.996853,6.711962],[153.996841,9.115485],[153.99683,11.519009],[155.752533,11.999857],[157.508239,12.454546],[157.508239,14.727273],[157.508239,17],[157.508239,19.247309],[157.508239,21.520036],[157.508239,24.247309],[157.508239,26.520036],[157.508239,28.792763],[157.508239,31.06549],[157.508239,33.338218],[157.508239,35.610945],[157.508239,37.883672],[157.508239,40.156399],[157.508239,42.429127],[157.508239,45.156399],[157.508239,47.429127],[157.508239,49.58583],[159.482861,50.0014],[161.951139,50.025194],[164.239588,50.029953],[166.292842,50.503727],[167.997639,51.700694],[169.999662,52.999932],[172.52132,51.776162]],[[167,-28],[167,-28.5],[167,-29],[167,-29.5],[167,-30],[167.416667,-30],[167.833333,-30],[168.25,-30],[168.666667,-30],[169.083333,-30],[169.5,-30],[169.5,-29.5],[169.5,-29],[169.5,-28.5],[169.5,-28],[169.083333,-28],[168.666667,-28],[168.25,-28],[167.833333,-28],[167.416667,-28],[167,-28]],[[158.5,-31.001],[158.5,-31.5005],[158.5,-32],[158.833333,-32],[159.166667,-32],[159.5,-32],[159.5,-31.666667],[159.5,-31.333333],[159.5,-31],[159.166667,-31.000333],[158.833333,-31.000667],[158.5,-31.001]]]}},{"type":"Feature","properties":{"objectid":33,"scalerank":6,"featurecla":"Timezone","name":"+11","map_color6":1,"map_color8":6,"note":"Reflects 2012 shift in daylight savings time in Russia.","zone":11,"utc_format":"UTC+11:00","time_zone":"UTC+11:00","iso_8601":"2012-05-31T15:33:50+11:00","places":"Russia (Primorsky Krai)","dst_places":null,"tz_name1st":"Asia/Vladivostok","tz_namesum":2},"bbox":[130.380621,42.294836,154.018743,65.56057],"geometry":{"type":"Polygon","coordinates":[[[141.12498,65.40375],[144.745758,64.732767],[145.754959,63.862149],[145.640237,63.696267],[145.439423,63.461915],[145.287391,63.078992],[145.329042,62.980859],[145.386196,62.720358],[145.482314,62.55272],[145.131948,62.474972],[145.128227,62.304983],[144.994592,62.205971],[144.728148,62.100112],[145.293592,61.991669],[145.670313,62.052027],[146.020162,61.953686],[146.299732,61.855785],[146.558838,61.651664],[146.612891,61.442607],[146.699914,61.263754],[146.705392,61.039065],[146.546022,60.958011],[146.484423,60.787918],[146.301179,60.664101],[146.031428,60.699654],[145.615433,60.552532],[145.636723,60.382465],[145.829063,60.204336],[146.464373,60.169351],[146.604003,60.130671],[146.786834,59.901047],[147.125211,59.825651],[147.158594,59.647496],[147.101233,59.473683],[148.050219,53.435014],[151.515826,46.116866],[145.606517,43.52733],[145.390651,44.504817],[141.62057,45.785817],[141.666292,48.601568],[141.621245,51.580762],[140.985393,50.010372],[139.00008,47.133872],[136.353904,44.400956],[132.520224,42.629584],[131.057414,42.403751],[130.531723,42.53048],[130.757756,42.853277],[131.094996,43.046831],[131.281858,43.380221],[131.173751,43.799111],[131.02575,44.862431],[131.434717,44.961288],[131.888414,45.291138],[133.121642,45.183445],[133.459399,45.622643],[133.532573,45.888156],[133.720986,46.063753],[133.891001,46.250821],[133.846766,46.470653],[134.075073,46.988141],[134.203954,47.338429],[134.62522,47.549631],[134.587393,48.06115],[134.386616,48.381184],[133.685514,48.202072],[133.263753,48.119441],[132.763525,47.939375],[132.580775,47.764838],[132.026055,47.697831],[131.603856,47.661566],[130.942654,47.820596],[130.780597,48.356378],[130.541748,48.598353],[130.902739,48.972257],[131.122777,49.170358],[131.353667,49.250327],[131.449579,49.644515],[131.477071,49.776083],[131.403484,49.966873],[131.31274,50.063663],[131.389221,50.207272],[131.208973,50.347366],[131.041955,50.420592],[130.866462,50.462708],[130.900465,50.668277],[130.654072,50.647942],[130.741818,50.784136],[130.76838,50.961954],[130.99462,51.151142],[131.329483,51.375986],[131.462188,51.484971],[131.395009,51.607031],[131.883764,51.756066],[132.108143,51.773688],[132.410864,51.909545],[132.566513,52.063231],[132.927938,52.155861],[133.351272,52.210018],[133.325743,52.402331],[133.23841,52.566921],[133.416281,52.655133],[133.848399,52.543486],[134.464279,52.451682],[134.658582,52.57506],[134.675118,52.713165],[134.687314,52.868505],[134.798832,53.059759],[134.94921,53.233495],[134.917584,53.381807],[134.744675,53.500042],[134.437924,53.577324],[134.260673,53.515804],[133.99702,53.434051],[133.632081,53.543657],[133.419174,53.488157],[133.161929,53.338502],[132.929489,53.281709],[132.386369,53.245174],[131.936681,53.143191],[131.625589,53.214272],[131.528851,53.329588],[131.461568,53.501076],[131.439244,53.679514],[130.939739,53.775116],[130.496045,53.88883],[130.48633,54.041301],[130.749053,54.28325],[131.114095,54.323274],[131.344882,54.687205],[131.699279,54.78508],[131.992698,54.925924],[132.399598,55.092271],[132.580776,55.195856],[132.719372,55.355433],[132.755029,55.42101],[132.386886,55.704972],[131.901024,55.62924],[131.437487,55.646371],[130.949454,55.670866],[130.918035,55.985575],[131.119056,56.277444],[131.353667,56.470093],[131.435316,56.52394],[131.618871,56.500738],[131.677059,56.487844],[131.680366,56.621144],[131.799015,56.729302],[131.705067,56.861956],[131.526577,56.975205],[131.317391,57.124782],[131.168562,57.168604],[131.323592,57.259761],[131.598614,57.295831],[131.685327,57.550079],[131.980916,57.632968],[131.847591,57.824171],[131.603885,58.000956],[131.464358,58.150895],[131.75726,58.12932],[132.127057,58.070177],[132.134498,58.247763],[132.167571,58.411551],[132.382855,58.50413],[132.571164,58.755949],[132.809806,58.890256],[132.832957,59.09598],[133.217533,59.225378],[133.597665,59.284159],[134.396789,59.191271],[134.746535,59.202795],[135.057627,59.139801],[135.276735,59.203079],[135.42174,59.386918],[135.911839,59.492493],[136.324217,59.426812],[136.792302,59.364594],[137.361983,59.551766],[137.855596,59.758136],[138.036464,59.71682],[138.196144,59.809735],[138.232834,60.021918],[138.213094,60.212604],[138.327919,60.401223],[138.320477,60.55925],[138.370707,60.722444],[138.202965,60.856802],[138.346109,61.001445],[138.443364,61.125055],[138.643662,61.269284],[138.920027,61.317446],[139.342947,61.461313],[139.652799,61.600685],[139.927408,61.807339],[140.092049,61.972652],[140.258757,62.083859],[140.294414,62.274235],[140.068192,63.383366],[140.263168,64.369598],[141.12498,65.40375]]]}},{"type":"Feature","properties":{"objectid":33,"scalerank":6,"featurecla":"Timezone","name":"+11","map_color6":1,"map_color8":6,"note":"Reflects 2012 shift in daylight savings time in Russia.","zone":11,"utc_format":"UTC+11:00","time_zone":"UTC+11:00","iso_8601":"2012-05-31T15:33:50+11:00","places":"Russia (Primorsky Krai)","dst_places":null,"tz_name1st":null,"tz_namesum":0},"bbox":[129.982998,64.251684,172.570788,90],"geometry":{"type":"Polygon","coordinates":[[[172.534622,74.900001],[172.545472,73.48526],[172.559938,71.598939],[172.219812,70.193963],[170.887141,70.307288],[170.458483,70.346971],[169.91094,70.236208],[169.874726,70.019768],[169.120149,70.129522],[168.307743,70.229778],[167.994864,70.20805],[167.126478,69.872297],[166.618241,69.740025],[165.978005,69.781599],[164.706926,69.826093],[164.074912,69.980144],[163.815488,69.967279],[163.363347,69.926375],[162.991861,69.917671],[162.408434,69.908042],[162.095927,69.892442],[161.516757,69.847621],[161.262769,69.831214],[160.487459,69.912815],[160.726218,70.247989],[160.607131,70.557455],[161.042919,70.641677],[161.391412,70.566413],[162.083101,70.450905],[162.370806,70.433956],[162.958652,70.517372],[163.064991,70.736707],[162.560123,70.880774],[162.262481,70.885265],[161.795491,71.030968],[161.480798,71.047608],[160.867187,71.109824],[160.455666,71.143575],[160.089895,71.102473],[159.55596,71.010293],[158.483734,71.202297],[157.31134,71.282357],[156.690045,71.300141],[155.976062,71.306317],[154.498099,71.199508],[153.686433,71.092571],[152.815332,71.041435],[152.493608,71.231492],[151.514563,71.546998],[150.985973,71.691327],[150.619773,71.750829],[150.690136,72.007624],[149.928348,72.333999],[148.609559,72.509133],[147.812977,72.545479],[147.464435,72.545358],[146.93988,72.567147],[146.874481,72.33622],[146.046297,72.319017],[145.054419,72.305355],[144.244202,72.256171],[143.75799,72.153699],[143.408569,72.069138],[143.097183,71.823189],[142.801086,71.652061],[142.56398,71.270111],[142.406839,70.998457],[141.907288,70.828659],[141.54039,70.525124],[140.862579,70.187721],[140.81897,69.945297],[141.006524,69.939251],[141.387573,69.854668],[141.618481,69.823776],[142.052063,69.8563],[142.245392,69.834732],[142.1194,69.694809],[142.010178,69.57756],[142.322293,69.556763],[142.501892,69.459259],[142.634888,69.315269],[142.304857,69.185244],[141.913891,69.226486],[141.568985,69.191673],[141.514676,68.998528],[141.693985,68.783241],[141.744995,68.585922],[141.244232,68.424294],[141.062775,68.399399],[140.997006,68.217536],[140.992081,68.074768],[141.122467,67.815529],[140.892803,67.766769],[140.578793,67.831909],[140.336868,67.789604],[139.815872,67.67392],[139.374985,67.519829],[138.99775,67.53398],[138.854767,67.473091],[138.937988,67.255699],[139.001984,67.065559],[139.453369,66.886162],[139.772888,66.802132],[140.02948,66.647858],[140.347092,66.563049],[140.42897,66.44059],[140.228287,66.423149],[139.664383,66.293694],[139.977463,66.077202],[139.960254,65.897493],[139.387409,65.770892],[138.982287,65.770892],[138.719568,65.606311],[137.820703,65.239169],[137.353844,65.364776],[137.063059,65.227349],[136.462934,65.44173],[136.035634,65.530351],[135.314011,65.087249],[134.567067,64.922668],[134.234763,64.998628],[134.035344,65.074589],[133.769483,64.732767],[133.630222,64.314985],[133.196638,64.277005],[132.997219,64.302325],[132.766415,64.411858],[132.431299,64.553024],[132.228405,64.622665],[132.3195,64.822594],[131.952099,65.117935],[131.588207,65.383453],[131.554424,65.546013],[131.615811,65.715584],[131.121502,65.790985],[130.901211,65.911293],[130.499096,66.06147],[130.039792,66.420451],[130.105181,66.734483],[130.628663,67.438804],[131.658157,67.658262],[132.351392,68.105053],[133.217516,68.523838],[132.367214,69.123894],[132.700924,69.122055],[132.791683,69.342766],[132.957791,69.494598],[133.170552,69.561644],[133.309595,69.657307],[133.638592,69.694527],[133.532791,69.745293],[133.233196,69.835022],[133.139771,69.883133],[132.87669,69.899544],[133.168591,70.133301],[132.842976,70.340564],[132.326992,70.35141],[132.118694,70.5905],[132.221203,70.88028],[131.903203,71.00404],[131.871655,72.193981],[132.839568,72.998542],[134.775393,72.998542],[136.711218,72.998542],[138.647043,72.998542],[140.582869,72.998542],[142.518694,72.998542],[144.454519,72.998542],[146.390344,72.998542],[147.343415,73.261932],[149.182085,73.273744],[151.020755,73.285555],[152.341155,73.803029],[154.063385,74.753998],[155.785616,75.704966],[157.507846,76.655935],[157.512839,78.509687],[157.516583,80.354547],[157.516583,82.172728],[157.516583,83.99091],[157.516583,85.827274],[157.516583,87.681819],[157.516583,89.536364],[158.842544,90],[160.610492,90],[162.37844,90],[164.146388,90],[165.914336,90],[167.682283,90],[169.450231,90],[171.218179,90],[172.534622,89.536364],[172.534622,87.681819],[172.534622,85.827274],[172.534622,83.99091],[172.534622,82.172728],[172.534622,80.354547],[172.534622,78.536365],[172.534622,76.718183],[172.534622,74.900001]]]}},{"type":"Feature","properties":{"objectid":0,"scalerank":6,"featurecla":"Timezone","name":"+12","map_color6":6,"map_color8":2,"note":"Reflects 2012 shift in daylight savings time in Russia.","zone":12,"utc_format":"UTC+12:00","time_zone":"UTC+12:00","iso_8601":"2012-05-31T16:33:50+12:00","places":"Russia (Kamchatka Krai)","dst_places":null,"tz_name1st":"Asia/Kamchatka","tz_namesum":3},"bbox":[138.762283,47.688068,180,90],"geometry":{"type":"MultiPolygon","coordinates":[[[[139.167727,65.746167],[139.16267,65.745572],[138.979162,65.77004],[138.982287,65.770892],[139.167727,65.746167]]],[[[139.532985,65.758761],[139.529812,65.758232],[139.383463,65.770428],[139.387409,65.770892],[139.532985,65.758761]]],[[[157.507846,76.655935],[157.077288,76.418192],[156.646731,76.18045],[156.216173,75.942708],[155.785616,75.704966],[155.355058,75.467224],[154.9245,75.229482],[154.493943,74.99174],[154.063385,74.753998],[153.632828,74.516256],[153.20227,74.278514],[152.771713,74.040771],[152.341155,73.803029],[151.910598,73.565287],[151.48004,73.327545],[151.480423,73.288508],[151.020755,73.285555],[150.561088,73.282603],[150.10142,73.27965],[149.641753,73.276697],[149.182085,73.273744],[148.722417,73.270791],[148.26275,73.267838],[147.803082,73.264885],[147.343415,73.261932],[146.883747,73.258979],[146.883818,72.998542],[146.874301,72.998542],[146.874229,73.258979],[147.333897,73.261932],[147.793565,73.264885],[148.253232,73.267838],[148.7129,73.270791],[149.172567,73.273744],[149.632235,73.276697],[150.091902,73.27965],[150.55157,73.282603],[151.011237,73.285555],[151.470905,73.288508],[151.470522,73.327545],[151.90176,73.565287],[152.332997,73.803029],[152.764234,74.040771],[153.195472,74.278514],[153.626709,74.516256],[154.057947,74.753998],[154.489184,74.99174],[154.920421,75.229482],[155.351659,75.467224],[155.782896,75.704966],[156.214134,75.942708],[156.645371,76.18045],[157.076608,76.418192],[157.507846,76.655935]]],[[[157.507846,76.655935],[157.507734,77.119373],[157.507623,77.582811],[157.507511,78.046249],[157.5074,78.509687],[157.507288,78.973125],[157.507177,79.436563],[157.507065,79.900001],[157.507065,80.354547],[157.507065,80.809092],[157.507065,81.263638],[157.507065,81.718183],[157.507065,82.172728],[157.507065,82.627274],[157.507065,83.081819],[157.507065,83.536365],[157.507065,83.99091],[157.507065,84.445456],[157.507065,84.900001],[157.507065,85.30591],[157.507065,85.711818],[157.507065,86.117727],[157.516583,86.121791],[157.516583,85.714528],[157.516583,85.307264],[157.516583,84.900001],[157.516583,84.445456],[157.516583,83.99091],[157.516583,83.536365],[157.516583,83.081819],[157.516583,82.627274],[157.516583,82.172728],[157.516583,81.718183],[157.516583,81.263638],[157.516583,80.809092],[157.516583,80.354547],[157.516583,79.900001],[157.515335,79.436563],[157.514087,78.973125],[157.512839,78.509687],[157.51159,78.046249],[157.510342,77.582811],[157.509094,77.119373],[157.507846,76.655935]]],[[[180,89.999996],[179.999999,86.533052],[179.999998,83.066108],[179.999996,79.599165],[179.999995,76.132221],[179.999994,72.665278],[179.999992,68.703057],[179.999991,65.236113],[179.999989,61.76917],[178.937977,58.858222],[177.037569,57.679419],[174.9285,56.330041],[172.827207,54.941146],[170.819738,53.571715],[168.77367,52.20431],[166.292842,50.503727],[162.893493,50.029953],[159.482861,50.0014],[156.345074,49.217599],[153.667653,48.026124],[151.210026,50.392514],[148.401309,53.096959],[146.99695,55.934681],[146.99695,59.400848],[147.094825,59.456526],[147.130172,59.508409],[147.122731,59.552644],[147.132033,59.607008],[147.091001,59.684833],[147.145468,59.744726],[147.120457,59.795937],[147.13534,59.834798],[147.111259,59.884924],[147.021135,59.942956],[146.786834,59.901047],[146.649788,59.985615],[146.67666,60.021453],[146.623433,60.126459],[146.547055,60.113385],[146.497239,60.138087],[146.455485,60.148474],[146.418898,60.210847],[146.3419,60.271308],[145.863376,60.222268],[145.805498,60.196171],[145.613676,60.29185],[145.579156,60.352389],[145.629902,60.391611],[145.521898,60.433056],[145.551147,60.502664],[145.615433,60.552532],[145.743177,60.60643],[145.822965,60.600177],[145.895519,60.658985],[146.054476,60.733089],[146.166097,60.729989],[146.209401,60.697432],[146.365981,60.658753],[146.472745,60.720532],[146.44794,60.763578],[146.470574,60.800527],[146.502717,60.852772],[146.486077,60.932922],[146.59129,60.950699],[146.704772,60.964755],[146.731333,61.003512],[146.707872,61.033949],[146.665601,61.066092],[146.74725,61.114875],[146.738672,61.231922],[146.687202,61.31817],[146.759239,61.38969],[146.650305,61.412169],[146.625707,61.461468],[146.578165,61.534384],[146.579818,61.6212],[146.516359,61.658976],[146.437191,61.737059],[146.35823,61.782121],[146.292084,61.85824],[146.231416,61.893432],[146.154521,61.911984],[146.027914,61.950482],[145.984712,61.992444],[145.791546,62.011306],[145.721576,62.060192],[145.645508,62.011357],[145.53337,61.976527],[145.433428,61.962213],[145.23344,61.974977],[145.024874,62.013011],[144.831811,62.065359],[144.73528,62.103703],[144.826333,62.121325],[144.924725,62.157059],[144.994592,62.205971],[144.985704,62.244935],[145.125437,62.262195],[145.162747,62.293097],[145.175356,62.330666],[145.149931,62.375211],[145.174116,62.447041],[145.130811,62.493447],[145.236024,62.518458],[145.37245,62.507167],[145.44242,62.586774],[145.395498,62.629046],[145.397255,62.676071],[145.362321,62.730435],[145.359738,62.854303],[145.35581,62.924997],[145.329042,62.980859],[145.314056,63.00215],[145.273438,63.037031],[145.292972,63.068657],[145.263206,63.165085],[145.281913,63.270247],[145.376894,63.366778],[145.447174,63.521963],[145.557968,63.629605],[145.640547,63.667122],[145.633726,63.712132],[145.625561,63.76939],[145.557245,63.818999],[145.781107,63.875791],[146.175915,63.97346],[146.084997,64.208533],[144.745758,64.732767],[143.555712,65.188529],[142.631528,65.36577],[141.390841,65.31513],[140.129379,65.634537],[140.244385,65.832855],[139.638184,66.183487],[140.233399,66.422769],[140.347092,66.563049],[139.852081,66.780312],[139.176788,67.045311],[139.026566,67.358681],[139.004101,67.534157],[139.815872,67.67392],[140.573343,67.831359],[141.169067,67.780037],[141.084274,68.175499],[141.161087,68.426018],[141.744995,68.585922],[141.521362,68.961403],[141.907395,69.226279],[142.669479,69.215591],[142.301788,69.52832],[141.996997,69.605163],[142.245392,69.834732],[141.618481,69.823776],[141.099971,69.965096],[140.815419,69.998467],[141.739777,70.61718],[142.406839,70.998457],[142.635101,71.590858],[143.208191,72.00042],[144.112406,72.276426],[145.314001,72.312186],[146.874481,72.33622],[147.460026,72.545465],[148.366399,72.523222],[150.28361,72.242408],[150.622281,71.731873],[151.514563,71.546998],[152.775756,71.052493],[154.065956,71.165032],[155.98558,71.306317],[157.625818,71.2819],[159.741798,70.959753],[160.455666,71.143575],[161.480798,71.047608],[162.193922,70.926138],[162.834096,70.835049],[162.827759,70.481126],[162.083101,70.450905],[161.067567,70.641841],[160.729834,70.301179],[161.095333,69.84515],[161.696289,69.837883],[162.408434,69.908042],[163.132528,69.92679],[164.06676,69.980037],[165.250553,69.805758],[166.758863,69.737481],[167.994864,70.20805],[168.915643,70.170604],[169.835305,70.180298],[170.468001,70.346971],[172.570788,70.184199],[172.545472,73.48526],[172.534622,76.718183],[172.534622,80.354547],[172.534622,83.536365],[172.534622,86.754546],[172.534622,90],[176.018465,89.999998],[180,89.999996]]]]}},{"type":"Feature","properties":{"objectid":20,"scalerank":6,"featurecla":"Timezone","name":"+4","map_color6":2,"map_color8":5,"note":null,"zone":4,"utc_format":"UTC+04:00","time_zone":"UTC+04:00","iso_8601":"2012-05-31T08:33:50+04:00","places":"Mauritius, Oman, Seychelles, United Arab Emirates","dst_places":null,"tz_name1st":"Asia/Dubai","tz_namesum":6},"bbox":[44.848754,-67.614386,67.513143,27.166377],"geometry":{"type":"Polygon","coordinates":[[[53.892679,26.293277],[54.266231,26.22941],[54.287194,25.864195],[54.606859,25.698162],[54.777457,25.936633],[54.79658,26.286315],[55.096615,26.416025],[55.313264,26.339361],[55.932273,26.417167],[56.380727,26.623523],[56.706497,26.878789],[56.851044,26.402426],[57.066104,25.813352],[57.258513,25.580849],[57.869471,25.434778],[58.408296,25.377935],[59.010467,25.193841],[59.589045,25.195248],[60.177115,25.113617],[60.718067,25.059849],[61.434663,24.871962],[61.757955,24.82725],[62.429684,24.902747],[62.773558,25.048322],[63.546169,25.000121],[64.182385,25.102595],[64.886031,25.072499],[65.666559,25.139451],[66.436882,25.17183],[66.432041,24.787516],[66.630108,24.632822],[67.03393,24.364326],[67.437857,23.656451],[67.511688,23.071115],[67.511688,21.207039],[67.511688,19.342964],[67.511688,17.513309],[67.511688,15.695127],[67.511688,13.876945],[67.511688,12.152227],[67.511688,10.228975],[67.511688,8.305722],[67.511688,6.461273],[67.511688,4.643091],[67.511688,2.824909],[67.511688,1.006727],[67.511688,-0.811455],[67.511688,-2.629636],[67.511688,-4.447818],[67.511688,-6.266],[67.511688,-8.084182],[67.511688,-9.902364],[67.511688,-11.720545],[67.511688,-13.538727],[67.511688,-15.356909],[67.511688,-17.175091],[67.511688,-18.993273],[67.511688,-20.811455],[67.511688,-22.657571],[67.511688,-24.58749],[67.511688,-26.405672],[67.511688,-28.223854],[67.511688,-30.042035],[67.511688,-31.860217],[67.511688,-33.678399],[67.511688,-35.496581],[67.511688,-37.314763],[67.511688,-39.132944],[67.511688,-40.967489],[67.511688,-42.79658],[67.511688,-44.614762],[67.511688,-46.432944],[67.51169,-48.251125],[67.511693,-50.069307],[67.511696,-51.887489],[67.511696,-53.705671],[67.511696,-55.523853],[67.511696,-57.342034],[67.511696,-59.160216],[67.511696,-60.978398],[67.511696,-62.79658],[67.511696,-64.614762],[67.511696,-66.432944],[67.418898,-67.598789],[66.73092,-67.586524],[65.352708,-67.501821],[64.072452,-67.341503],[62.972167,-67.348815],[62.183989,-67.370968],[61.2269,-67.28911],[60.380699,-67.179246],[59.483078,-67.124536],[58.888558,-66.965884],[58.199451,-66.898592],[57.773794,-66.758028],[57.600967,-66.41621],[56.568124,-66.187869],[56.041278,-65.933855],[55.302663,-65.739568],[53.913902,-65.653444],[52.754989,-65.759523],[52.521168,-64.813858],[52.521155,-62.905463],[52.521142,-61.019622],[52.521131,-59.20144],[52.52112,-57.383258],[52.521108,-55.565076],[52.521096,-53.746894],[52.521083,-51.928712],[52.521072,-50.120896],[52.521061,-48.316534],[52.521049,-46.465539],[52.521036,-44.472627],[52.521022,-42.473654],[52.521009,-40.554166],[52.520997,-38.719618],[52.520984,-36.901437],[52.520972,-35.083255],[52.520959,-33.265073],[52.520947,-31.446891],[52.520934,-29.628709],[52.520922,-27.810528],[52.52091,-25.992346],[52.520897,-24.174164],[52.520881,-22.174173],[52.52087,-20.355991],[52.520859,-18.537809],[52.520848,-16.719627],[52.520836,-14.901446],[52.520823,-13.083264],[52.520813,-11.449467],[51.128068,-11.08491],[49.688334,-10.550215],[48.343448,-10.829191],[46.910579,-10.65065],[45.515917,-10.916542],[44.849646,-9.613896],[44.85143,-7.942092],[46.76877,-7.944008],[48.686111,-7.945924],[50.603451,-7.94784],[52.520791,-7.949756],[52.52078,-6.265082],[52.520768,-4.4469],[52.520755,-2.628718],[52.520744,-0.810537],[52.520732,1.007645],[52.520721,2.825827],[52.52071,4.644009],[52.520699,6.462191],[52.520688,8.292494],[52.520675,10.159161],[53.952557,10.627001],[55.861736,10.628564],[55.861736,12.617958],[54.907334,13.612655],[52.998529,13.612655],[52.521328,14.893669],[52.634177,16.259811],[53.12659,16.565717],[52.902745,17.048263],[52.773864,17.287111],[52.728285,17.299359],[52.61284,17.564562],[52.484527,17.854157],[52.313323,18.240283],[52.142326,18.626513],[51.978615,18.995638],[52.77438,19.260789],[53.458886,19.488992],[54.143496,19.717144],[54.827898,19.945269],[55.035741,20.167556],[55.195525,20.64856],[55.410188,21.294464],[55.51546,21.611133],[55.59519,21.850967],[55.573589,22.105939],[55.250405,22.605495],[54.968562,22.637741],[54.41242,22.70616],[53.856071,22.77458],[53.29993,22.842974],[52.743788,22.911342],[52.484837,23.018338],[52.276271,23.26641],[52.067705,23.514483],[51.859036,23.76253],[51.65047,24.010603],[51.575229,24.191935],[51.591248,24.284204],[51.595291,24.381899],[52.17598,24.719041],[52.478518,24.671796],[52.521328,25.914336],[52.521328,27.048936],[52.68424,27.079368],[52.945994,26.74998],[53.382411,26.576661],[53.892679,26.293277]]]}},{"type":"Feature","properties":{"objectid":25,"scalerank":6,"featurecla":"Timezone","name":"+6","map_color6":6,"map_color8":8,"note":null,"zone":6,"utc_format":"UTC+06:00","time_zone":"UTC+06:00","iso_8601":"2012-05-31T10:33:50+06:00","places":"British Indian Ocean Territory","dst_places":null,"tz_name1st":"Indian/Chagos","tz_namesum":1},"bbox":[70.902832,-8,73.000116,-2.779047],"geometry":{"type":"Polygon","coordinates":[[[73,-8],[72.581215,-8],[72.162429,-8],[71.743644,-8],[71.324859,-8],[70.906073,-8],[70.905779,-7.525441],[70.905484,-7.050881],[70.905189,-6.576322],[70.904895,-6.101762],[70.9046,-5.627203],[70.904305,-5.152643],[70.90401,-4.678084],[70.903716,-4.203524],[70.903421,-3.728965],[70.903126,-3.254405],[70.902832,-2.779846],[71.368973,-2.779446],[71.835115,-2.779047],[72.216922,-2.8805],[72.59873,-2.981953],[73.000116,-3.060876],[73.000058,-3.504596],[73,-3.948315],[73,-4.398503],[73,-4.84869],[73,-5.298877],[73,-5.749064],[73,-6.199251],[73,-6.649438],[73,-7.099626],[73,-7.549813],[73,-8]]]}},{"type":"Feature","properties":{"objectid":25,"scalerank":6,"featurecla":"Timezone","name":"+6","map_color6":6,"map_color8":8,"note":null,"zone":6,"utc_format":"UTC+06:00","time_zone":"UTC+06:00","iso_8601":"2012-05-31T10:33:50+06:00","places":"Bhutan","dst_places":null,"tz_name1st":"Asia/Thimphu","tz_namesum":1},"bbox":[88.730067,26.696149,92.088776,28.320552],"geometry":{"type":"Polygon","coordinates":[[[90.051005,28.310566],[90.220518,28.282409],[90.329504,28.255796],[90.346661,28.250163],[90.36144,28.17854],[90.3263,28.097097],[90.348314,28.076866],[90.40957,28.067821],[90.435211,28.067547],[90.440882,28.067496],[90.476183,28.072344],[90.493423,28.074397],[90.575277,28.065833],[90.576229,28.065833],[90.598346,28.070587],[90.651987,28.086995],[90.667949,28.090232],[90.726896,28.061699],[90.788701,28.047488],[90.850919,28.044026],[90.960577,27.994726],[90.975149,27.982092],[91.051941,27.96279],[91.052892,27.96279],[91.09351,27.971679],[91.120382,27.994778],[91.134748,28.014105],[91.176812,28.057487],[91.221139,28.074806],[91.246141,28.071466],[91.247092,28.071466],[91.290487,28.090839],[91.309599,28.056402],[91.418843,27.994726],[91.446438,27.986355],[91.460908,27.984365],[91.537492,27.969353],[91.578627,27.964702],[91.621725,27.950724],[91.652834,27.916747],[91.648907,27.897213],[91.628339,27.852694],[91.627306,27.829827],[91.632887,27.759444],[91.579867,27.657977],[91.573252,27.619711],[91.604465,27.532145],[91.641672,27.494964],[91.657382,27.479151],[91.704924,27.468764],[91.727041,27.460005],[91.743681,27.439153],[91.750089,27.416157],[91.779648,27.418844],[91.884345,27.447163],[91.905425,27.446002],[91.933747,27.449127],[91.975088,27.472433],[91.997309,27.448662],[92.088776,27.29234],[92.050639,27.251413],[92.03679,27.236478],[92.029969,27.20847],[92.027075,27.19984],[92.008471,27.179479],[91.995862,27.158033],[91.990798,27.140773],[91.987697,27.104031],[91.999893,27.071527],[92.049709,27.026827],[92.066969,26.994839],[92.083919,26.937323],[92.072757,26.887766],[91.975088,26.846631],[91.957415,26.854279],[91.908219,26.885182],[91.89313,26.881358],[91.895507,26.853504],[91.885895,26.83087],[91.886928,26.814437],[91.863054,26.804773],[91.849515,26.834746],[91.843934,26.84937],[91.795254,26.853504],[91.731589,26.816194],[91.653764,26.797952],[91.593716,26.810768],[91.57563,26.810148],[91.520646,26.79759],[91.484472,26.852729],[91.475067,26.865545],[91.420187,26.871539],[91.406338,26.869524],[91.378122,26.842807],[91.358382,26.806169],[91.345566,26.794696],[91.313217,26.778677],[91.296577,26.774594],[91.261954,26.779038],[91.198185,26.802344],[91.127078,26.800898],[91.062069,26.804567],[90.717077,26.767049],[90.623914,26.776433],[90.475232,26.83242],[90.382627,26.891796],[90.328574,26.890659],[90.300875,26.868284],[90.284442,26.85707],[90.229148,26.852884],[90.210907,26.851489],[90.152202,26.771752],[90.089157,26.741728],[89.975262,26.731858],[89.890409,26.714856],[89.85992,26.721884],[89.858701,26.722057],[89.847001,26.72483],[89.839043,26.731238],[89.829741,26.72762],[89.827261,26.717905],[89.826744,26.715683],[89.825245,26.707673],[89.817287,26.696201],[89.81367,26.696149],[89.800079,26.70049],[89.760288,26.70018],[89.685151,26.724571],[89.628307,26.712531],[89.609806,26.712221],[89.613475,26.748549],[89.611357,26.765964],[89.546503,26.797539],[89.442891,26.797022],[89.407338,26.813403],[89.300161,26.844409],[89.273599,26.843892],[89.262954,26.836348],[89.240837,26.819759],[89.212828,26.813041],[89.128079,26.813455],[89.082448,26.836037],[89.074335,26.856398],[89.04488,26.897119],[88.996614,26.922751],[88.975323,26.921717],[88.954549,26.912622],[88.942767,26.913707],[88.9253,26.929365],[88.926954,26.949416],[88.924474,26.961663],[88.88644,26.978975],[88.867113,26.964247],[88.845615,26.994839],[88.845615,27.049565],[88.840809,27.075248],[88.805256,27.113023],[88.742572,27.142737],[88.730067,27.150954],[88.754355,27.212604],[88.775852,27.240871],[88.855205,27.268937],[88.876116,27.280486],[88.884631,27.286346],[88.89248,27.316031],[88.893283,27.315543],[88.92372,27.388717],[88.944236,27.459824],[88.957568,27.478453],[88.976275,27.495687],[89.04826,27.524781],[89.085002,27.542454],[89.10805,27.579661],[89.102779,27.601986],[89.104998,27.618386],[89.144223,27.673712],[89.183274,27.74914],[89.225872,27.807813],[89.300441,27.844245],[89.336976,27.869075],[89.418315,27.988654],[89.421932,27.994726],[89.445497,28.031184],[89.476296,28.061337],[89.496295,28.068004],[89.562441,28.13464],[89.580372,28.14464],[89.718762,28.169083],[89.774572,28.212775],[89.781807,28.228769],[89.830693,28.259155],[89.854981,28.287267],[89.863869,28.295793],[89.881314,28.297525],[89.888704,28.291582],[89.89948,28.28779],[89.923297,28.289437],[89.939059,28.297447],[89.972545,28.31804],[90.051005,28.310566]]]}},{"type":"Feature","properties":{"objectid":0,"scalerank":6,"featurecla":"Timezone","name":"+5","map_color6":1,"map_color8":7,"note":null,"zone":5,"utc_format":"UTC+05:00","time_zone":"UTC+05:00","iso_8601":"2012-05-31T09:33:50+05:00","places":"French Southern and Antarctic Lands","dst_places":null,"tz_name1st":null,"tz_namesum":0},"bbox":[48.94181,-46.963262,52.521052,-44.97237],"geometry":{"type":"Polygon","coordinates":[[[52.521052,-46.963262],[52.073647,-46.963262],[51.626242,-46.963262],[51.178836,-46.963262],[50.731431,-46.963262],[50.284026,-46.963262],[49.83662,-46.963262],[49.389215,-46.963262],[48.94181,-46.963262],[48.94181,-46.465539],[48.94181,-45.967816],[48.94181,-45.470093],[48.94181,-44.97237],[49.389213,-44.97237],[49.836617,-44.97237],[50.284021,-44.97237],[50.731424,-44.97237],[51.178828,-44.97237],[51.626232,-44.97237],[52.073635,-44.97237],[52.521039,-44.97237],[52.521042,-45.470093],[52.521046,-45.967816],[52.521049,-46.465539],[52.521052,-46.963262]]]}},{"type":"Feature","properties":{"objectid":20,"scalerank":6,"featurecla":"Timezone","name":"+4","map_color6":2,"map_color8":5,"note":"Reflects 2012 shift in daylight savings time in Russia.","zone":4,"utc_format":"UTC+04:00","time_zone":"UTC+04:00","iso_8601":"2012-05-31T08:33:50+04:00","places":"Armenia, Azerbaijan, Georgia, Russia (European)","dst_places":null,"tz_name1st":"Europe/Moscow","tz_namesum":6},"bbox":[26.335783,38.392645,70.050401,90],"geometry":{"type":"Polygon","coordinates":[[[67.536751,82.889792],[69.672326,74.806266],[65.000198,69.213243],[64.512373,68.998838],[64.754115,68.875021],[65.247108,68.808875],[65.382604,68.684955],[65.630857,68.533001],[65.295994,68.261803],[65.369271,67.969547],[66.092845,67.904719],[66.203122,67.735039],[65.826091,67.623185],[66.108968,67.498568],[65.588793,67.296461],[65.218686,67.08128],[65.104688,66.894625],[64.543999,66.736702],[63.917887,66.610508],[63.414869,66.480128],[63.306348,66.259832],[62.974792,66.1417],[62.807464,65.936596],[61.847006,65.67501],[61.413544,65.396474],[61.147617,65.174188],[60.676534,64.912317],[60.220128,65.070602],[59.665123,64.641119],[59.606109,64.454154],[59.753697,64.148023],[59.572623,63.856671],[59.348967,63.364065],[59.291606,63.123512],[59.467719,62.851099],[59.462862,62.613801],[59.530868,62.323431],[59.333464,61.825942],[58.976897,61.551282],[56.610116,61.499554],[55.743296,61.114048],[53.853488,60.980206],[52.442308,60.979637],[52.13225,60.480753],[53.697942,59.981042],[53.422714,59.144969],[53.856899,59.076601],[53.753856,58.874029],[53.752719,58.658177],[53.89979,58.167096],[54.156312,57.706245],[54.035906,57.593229],[54.120345,57.558089],[54.198687,57.460937],[54.217807,57.304461],[54.305347,57.120751],[54.113628,56.973034],[53.819795,56.783149],[54.00459,56.678453],[54.147837,56.534276],[54.363948,56.274757],[53.777421,55.970227],[53.891729,55.865143],[54.076937,55.765589],[54.136055,55.614952],[53.84584,55.367008],[53.465088,55.219731],[53.261793,55.050852],[53.395945,54.998762],[53.593039,54.781928],[53.422507,54.564577],[53.355638,54.341283],[53.470463,54.045745],[53.204949,54.080058],[53.022015,54.140572],[53.109554,54.251676],[53.013023,54.274259],[52.53853,54.37725],[52.217413,54.282501],[52.29007,54.113984],[52.387945,53.958567],[52.225371,53.636623],[52.145582,53.411133],[52.13132,53.185643],[52.06352,53.075469],[51.734238,52.874189],[51.651246,52.654435],[51.496423,52.5786],[51.470481,52.414889],[51.14399,51.961015],[50.639265,51.616179],[50.361866,51.387381],[49.347354,50.96428],[48.728891,50.265408],[48.239308,49.864761],[47.795976,50.324785],[47.273062,50.158438],[46.616565,48.662961],[47.103564,48.101199],[47.382926,47.705358],[48.91689,46.702577],[48.758553,46.513131],[49.726667,46.161667],[49.6,44.066667],[50.308333,42.173333],[49.52712,38.538237],[48.479087,38.524756],[48.05534,38.934369],[48.153525,39.319048],[47.518732,39.513197],[46.866162,39.165362],[46.367588,38.92362],[45.425268,39.025629],[45.292615,39.198616],[44.982505,39.420179],[44.671257,39.795867],[44.127001,40.024483],[43.594217,40.345445],[43.726405,40.668992],[43.410559,41.175162],[42.936221,41.450236],[42.585235,41.578755],[41.907757,41.493489],[41.504226,41.85052],[39.115178,43.766654],[36.516625,45.159203],[37.185881,45.533276],[38.224674,47.10803],[38.293404,47.562783],[39.340058,47.843567],[39.770109,48.004099],[39.884108,48.346352],[39.63172,48.586906],[39.908189,48.878413],[39.979606,49.141859],[39.974025,49.602555],[39.238049,49.765129],[38.570183,49.956642],[37.995851,49.905895],[37.314755,50.42297],[36.521109,50.27409],[35.765393,50.384523],[35.391565,50.646367],[35.282218,50.954255],[34.946115,51.214291],[34.308737,51.33462],[34.160323,51.576129],[34.234633,51.880736],[34.021933,52.1979],[33.403676,52.342956],[32.755602,52.252393],[31.910383,52.029073],[31.567354,52.311382],[31.615207,52.558576],[31.322615,52.977129],[31.780468,53.127869],[32.215687,53.125518],[32.666719,53.331345],[32.48058,53.535648],[31.873175,53.777132],[31.725794,54.097474],[31.167947,54.621577],[30.916955,54.996024],[30.900728,55.192136],[30.886156,55.600483],[30.477395,55.787733],[29.363406,55.751482],[29.145435,56.012034],[28.389771,56.088567],[28.156503,56.44622],[27.786397,56.871258],[27.827738,57.304953],[27.382804,57.634468],[27.790841,57.880861],[27.477785,58.875426],[28.175365,59.381855],[27.782728,60.538726],[28.980846,61.168102],[30.607206,62.151272],[31.363336,62.651577],[30.82094,63.375668],[30.558475,64.219699],[29.980785,64.52676],[30.101914,64.775479],[29.580085,65.235399],[29.997941,65.931532],[29.099908,66.991209],[29.33085,68.072694],[28.954077,69.027261],[29.661838,69.32502],[30.119071,69.634562],[30.950196,70.03458],[33.565151,69.889569],[36.63143,69.272106],[37.536782,78.006345],[39.519581,82.9985],[50.590516,82.9985],[54.265997,90],[64.440242,90],[67.536751,82.889792]],[[39.963069,43.392391],[39.967975,43.391614],[39.968019,43.391785],[39.962541,43.392645],[39.963069,43.392391]]]}},{"type":"Feature","properties":{"objectid":25,"scalerank":6,"featurecla":"Timezone","name":"+6","map_color6":6,"map_color8":8,"note":"Reflects 2012 shift in daylight savings time in Russia.","zone":6,"utc_format":"UTC+06:00","time_zone":"UTC+06:00","iso_8601":"2012-05-31T10:33:50+06:00","places":"Kazakhstan (most), Russia (Ural: Sverdlovsk Oblast, Chelyabinsk Oblast)","dst_places":null,"tz_name1st":"Asia/Almaty","tz_namesum":4},"bbox":[50.744168,39.189237,97.523964,90],"geometry":{"type":"Polygon","coordinates":[[[78.5,81.3],[85.869018,76.566941],[78.454261,72.341218],[78.91077,72.134564],[79.581117,72.041494],[80.30128,71.904707],[80.113694,71.76885],[79.38299,71.559043],[80.55191,70.900169],[80.740736,70.624682],[80.794583,70.438336],[80.325671,70.454408],[79.794562,70.272093],[79.343612,70.149827],[79.17122,69.978313],[79.064249,69.758533],[79.602098,69.565728],[79.977475,69.341349],[81.232511,69.266005],[81.917098,69.359591],[82.463318,69.088961],[82.807483,68.77203],[82.673745,68.497525],[82.411125,68.184366],[81.937149,67.940918],[82.10117,67.708116],[82.360607,67.533294],[82.352524,67.327984],[83.041164,66.85225],[83.079818,66.561726],[83.345435,66.10196],[84.168331,65.70338],[84.523864,65.36924],[84.388059,65.016549],[84.948231,64.818731],[85.810194,64.647734],[86.021757,64.288996],[85.479982,63.893465],[85.036989,63.583053],[85.640592,63.374168],[85.501272,62.970834],[84.933038,62.572253],[84.675276,61.824702],[85.956232,61.550042],[82.38508,60.684255],[79.395082,60.66392],[78.699414,60.827554],[77.016106,60.729265],[76.84795,60.266141],[75.873746,59.392551],[74.639817,58.333856],[71.459442,58.08152],[71.067942,58.524748],[70.500018,57.712602],[70.648536,57.262345],[71.098327,57.339136],[71.612094,56.807747],[71.053059,56.544404],[70.824132,56.258582],[70.481414,55.889509],[70.72326,55.620068],[70.960092,55.105578],[71.146851,54.476159],[71.349732,54.197675],[72.08514,54.213126],[72.398505,54.089671],[72.942038,54.121762],[73.684939,54.048433],[73.640704,53.563243],[74.388358,53.462216],[76.041901,54.211731],[76.837718,54.296894],[79.042751,51.99259],[80.36019,50.919219],[81.022113,51.177394],[81.990323,50.759642],[83.195934,50.988775],[84.249978,50.259931],[84.954793,49.99049],[85.779549,49.556046],[86.55821,49.741461],[86.854419,49.421274],[86.760058,49.02011],[85.586383,48.141249],[85.30414,47.039449],[84.38935,46.993153],[82.985508,47.012532],[82.342778,45.20489],[80.467574,45.106292],[80.354506,44.641772],[80.76523,43.199948],[80.152451,42.660369],[79.803842,41.959998],[78.359899,41.377527],[77.243333,41.005702],[76.244905,40.441022],[75.6066,40.569411],[74.853859,40.35883],[73.872937,39.856845],[73.009321,39.348607],[72.115525,39.268147],[71.441251,39.610658],[70.699746,39.472165],[70.116268,39.554641],[69.233324,39.732666],[70.277808,40.112075],[70.797725,40.161942],[71.61013,40.246382],[72.235931,40.459909],[72.719209,40.564864],[72.374321,41.031967],[71.696119,41.447445],[71.206382,41.188753],[70.398989,41.464964],[70.913893,42.227553],[70.479398,42.086709],[69.870856,41.699575],[69.162682,41.434061],[68.922232,41.16276],[68.558998,40.855492],[68.520551,40.618349],[68.075152,40.866396],[68.052776,41.052534],[66.81528,41.141883],[66.053208,42.440873],[63.817376,43.587237],[61.161672,44.168106],[61.858995,47.776464],[62.714033,49.908272],[60.818334,50.662904],[59.498104,50.599703],[58.52049,51.061949],[57.737902,50.970895],[56.776307,51.075979],[55.659992,50.530043],[54.638246,50.885732],[54.300075,50.894724],[53.439663,51.45115],[52.752573,51.490476],[51.924768,51.678268],[51.288425,51.64287],[51.414878,52.323292],[51.537971,52.56997],[51.715014,52.833106],[52.148373,53.121357],[52.138451,53.433586],[52.339266,53.787208],[52.259477,54.143982],[52.523957,54.343402],[53.029456,54.333376],[53.042685,54.125275],[53.384473,53.97376],[53.387574,54.456935],[53.593039,54.781928],[53.263757,55.01411],[53.563584,55.205054],[54.089753,55.592938],[53.975238,55.821709],[53.798195,55.996376],[54.266383,56.437641],[53.913226,56.625743],[54.098641,56.965929],[54.320643,57.258366],[54.172125,57.480109],[53.989087,57.580155],[54.086859,57.92525],[53.746105,58.681328],[53.783312,59.026036],[53.205776,59.364],[52.162532,60.467731],[53.342098,60.922328],[55.830215,61.248949],[58.876851,61.535262],[59.433096,62.062879],[59.462862,62.613801],[59.227217,63.03729],[59.318478,63.392513],[59.837516,64.152467],[59.497175,64.514099],[60.387456,65.061145],[61.095837,65.136851],[61.495399,65.489491],[62.802813,65.93148],[63.170439,66.262157],[63.540959,66.470827],[64.506585,66.722853],[65.087635,67.020664],[65.647601,67.307003],[65.80511,67.584402],[66.062872,67.784803],[65.378573,67.9604],[65.470247,68.424248],[65.423428,68.704696],[64.776956,68.891868],[64.686626,69.080797],[70.030964,75.58425],[80.675988,81.998406],[90.025562,90],[96.073096,81.540084],[78.5,81.3]],[[71.031199,40.146905],[71.008564,40.157757],[70.977145,40.144579],[70.959885,40.113418],[70.954046,40.095797],[70.952961,40.079208],[70.955697,40.071154],[70.962636,40.055999],[70.972411,40.039495],[70.98314,40.021383],[70.994509,40.008877],[71.007634,40.003503],[71.034299,39.99911],[71.045823,39.99203],[71.050371,39.962885],[71.007634,39.911157],[71.009288,39.885732],[71.021897,39.880823],[71.036056,39.887541],[71.049802,39.897979],[71.060964,39.904129],[71.079981,39.903405],[71.084787,39.894827],[71.087216,39.88382],[71.098895,39.8755],[71.113674,39.874466],[71.16101,39.884233],[71.1946,39.884802],[71.208449,39.888781],[71.219094,39.900925],[71.221058,39.931724],[71.17703,39.968156],[71.174704,39.993994],[71.190982,40.006241],[71.237284,40.031098],[71.244002,40.046756],[71.236354,40.056057],[71.223745,40.057866],[71.198217,40.052595],[71.192946,40.05027],[71.181887,40.043397],[71.176926,40.042001],[71.169382,40.042828],[71.165454,40.044637],[71.162043,40.046911],[71.105975,40.064946],[71.078844,40.07864],[71.06174,40.095176],[71.047942,40.122513],[71.031199,40.146905]],[[71.71617,39.906764],[71.741801,39.90077],[71.757304,39.903095],[71.767123,39.915446],[71.789757,39.979318],[71.78552,39.989705],[71.760612,39.98371],[71.738767,39.971117],[71.735615,39.9693],[71.724128,39.962678],[71.706868,39.956115],[71.681753,39.955082],[71.665527,39.940199],[71.675345,39.925781],[71.696843,39.913844],[71.71617,39.906764]],[[70.56745,39.864206],[70.498725,39.881908],[70.483739,39.882218],[70.482602,39.866767],[70.490147,39.850179],[70.503479,39.835502],[70.537379,39.817312],[70.547301,39.807649],[70.575878,39.77008],[70.581614,39.766566],[70.63298,39.79845],[70.661609,39.809819],[70.694527,39.814832],[70.70481,39.822067],[70.706412,39.839998],[70.698919,39.858447],[70.68662,39.860876],[70.654994,39.849765],[70.619906,39.850695],[70.568056,39.86405],[70.56745,39.864206]]]}},{"type":"Feature","properties":{"objectid":29,"scalerank":6,"featurecla":"Timezone","name":"+9","map_color6":3,"map_color8":3,"note":"Reflects 2012 shift in daylight savings time in Russia.","zone":9,"utc_format":"UTC+09:00","time_zone":"UTC+09:00","iso_8601":"2012-05-31T13:33:50+09:00","places":"Russia (Irkutsk Oblast)","dst_places":null,"tz_name1st":"Asia/Irkutsk","tz_namesum":1},"bbox":[95.654059,49.967578,119.132811,64.299719],"geometry":{"type":"Polygon","coordinates":[[[108.508137,64.249154],[108.7012,64.005499],[108.686834,63.795383],[108.278383,63.769079],[108.571285,63.598496],[109.109961,63.512532],[109.342091,63.360061],[109.40803,63.187565],[109.476346,63.024215],[109.644812,62.815959],[109.383019,62.646461],[109.486992,62.410997],[109.995695,62.277543],[109.853894,62.045309],[109.712611,61.666365],[109.846246,61.424365],[110.123025,61.22939],[110.500883,61.147792],[110.320429,60.901451],[110.259761,60.690327],[110.100908,60.575218],[109.863403,60.35151],[109.694421,60.114729],[109.621557,59.902959],[109.523269,59.636153],[109.342815,59.404462],[109.503322,59.247237],[109.694111,59.071743],[110.286633,58.985237],[110.589147,59.141171],[110.987675,59.211528],[111.296804,59.253179],[111.977692,59.328007],[112.288785,59.379322],[112.602977,59.26429],[112.465725,59.031384],[112.553368,58.912425],[112.874072,59.11758],[113.462873,59.272868],[113.591961,59.517763],[114.038032,59.682404],[114.571953,60.004606],[114.808011,60.183614],[116.044008,60.428663],[116.976767,60.154442],[117.280108,60.02383],[117.155464,59.855365],[117.195359,59.650597],[117.748193,59.538692],[117.987041,59.535901],[118.586178,59.454873],[118.802909,59.277157],[118.841563,58.941726],[118.832365,58.644844],[119.027185,58.506507],[118.784099,58.212829],[118.329449,58.347343],[117.89082,58.396126],[117.468313,58.28807],[117.408059,58.126788],[117.377053,57.956463],[117.111436,57.836522],[117.141512,57.65121],[117.283622,57.469051],[117.445679,57.323736],[117.762766,57.221055],[117.685354,57.0136],[117.462112,56.838236],[117.3446,56.936008],[117.030511,56.812347],[116.560565,56.759326],[116.200691,56.816584],[115.59959,56.867899],[115.800508,56.466114],[115.809603,56.1628],[115.881847,55.694895],[115.934557,55.43225],[116.468788,55.257868],[116.824425,55.013955],[116.768098,54.637699],[116.457936,54.516776],[115.49107,54.328674],[114.985468,54.047657],[114.516866,53.854388],[113.926514,53.681323],[113.871737,53.494539],[113.950079,53.271322],[114.185413,53.146291],[114.255796,53.09092],[114.214765,52.880132],[113.813859,52.599012],[113.297922,52.471888],[112.529907,52.330785],[112.1783,52.293268],[111.919505,52.165653],[111.383207,51.867093],[110.860758,51.632456],[110.413654,51.531015],[109.800874,51.518819],[109.270261,51.36534],[108.858606,51.443734],[108.542347,51.470192],[108.384527,51.237493],[108.296987,50.963143],[108.374088,50.611898],[108.640429,50.460279],[108.187019,50.400955],[107.988995,50.316464],[107.769681,50.147224],[107.193147,50.006044],[106.056886,50.33357],[104.901586,50.389794],[103.668136,50.131236],[102.303885,50.563892],[102.134748,51.230853],[101.387795,51.450556],[99.296317,51.943549],[98.840705,52.184965],[98.647055,52.262753],[98.747492,52.504496],[98.89384,52.649603],[98.862029,52.796726],[99.198649,52.853053],[98.964658,53.136499],[98.385034,53.100403],[98.279511,53.225692],[97.95774,53.357681],[97.484746,53.458285],[97.303505,53.592414],[96.984934,53.685509],[96.598269,53.669076],[96.06282,54.032981],[95.880092,54.164653],[95.833872,54.412131],[96.030677,54.528041],[96.550952,54.510269],[96.590023,54.722216],[96.690482,54.952305],[96.701644,55.196735],[96.844684,55.453721],[96.807271,55.684793],[97.040538,56.02609],[97.518132,56.184064],[97.774447,56.601248],[97.680396,56.807282],[97.482888,56.965541],[98.775294,57.787946],[99.311717,57.795129],[99.624566,58.007467],[100.081674,57.951088],[100.332512,57.694256],[100.725356,57.407607],[100.943866,57.511219],[100.873999,57.754615],[100.953477,57.867734],[101.115018,58.08493],[101.565843,58.287864],[102.27071,58.580146],[102.534983,58.866898],[102.411993,59.063062],[102.953769,59.293642],[103.32557,59.228611],[103.511026,58.989113],[103.90108,58.897077],[103.933222,58.729335],[104.409266,58.642674],[104.866003,58.710319],[104.964189,58.964618],[105.302359,59.228736],[105.228979,59.424642],[104.952406,59.489444],[104.992176,59.763846],[105.250971,59.84844],[105.440129,59.885286],[105.479506,60.198031],[105.322203,60.295493],[104.756243,60.385203],[104.556152,60.614905],[104.464064,60.844452],[104.605348,61.00731],[104.779394,61.138387],[104.921194,61.322872],[105.347938,61.504567],[105.810029,61.622389],[106.036888,61.898754],[106.388391,62.119361],[106.386221,62.300074],[106.533602,62.376503],[106.495775,62.691884],[106.22096,62.930836],[106.394179,63.131806],[106.66238,63.296654],[106.596027,63.535244],[106.780822,63.86096],[106.9904,63.931964],[107.32485,63.909071],[107.621391,63.924522],[107.949273,64.000409],[108.30476,64.06255],[108.508137,64.249154]]]}},{"type":"Feature","properties":{"objectid":19,"scalerank":6,"featurecla":"Timezone","name":"+3.5","map_color6":5,"map_color8":6,"note":null,"zone":3.5,"utc_format":"UTC+03:30","time_zone":"UTC+03:30","iso_8601":"2012-05-31T08:03:50+03:30","places":"Iran","dst_places":"Iran","tz_name1st":"Asia/Tehran","tz_namesum":2},"bbox":[44.014863,24.871962,63.319628,39.771527],"geometry":{"type":"Polygon","coordinates":[[[44.982505,39.420179],[45.060484,39.3746],[45.146267,39.228666],[45.311322,39.184844],[45.369923,39.118957],[45.425268,39.025629],[45.570841,38.966382],[46.219948,38.877163],[46.514039,38.882176],[46.670412,39.004907],[46.850969,39.155492],[47.030907,39.199598],[47.291356,39.379613],[47.606995,39.563581],[47.971418,39.704554],[48.187218,39.332587],[48.271296,39.108312],[48.284474,38.993952],[47.990745,38.891219],[48.228043,38.662189],[48.462654,38.544935],[48.659128,38.392645],[48.874758,38.419785],[50.338363,38.76344],[53.662667,37.349118],[54.30638,37.353225],[54.698294,37.466293],[54.808158,37.610341],[54.85663,37.761133],[55.121731,37.944713],[55.348797,38.030496],[55.905042,38.085583],[56.214067,38.06884],[56.400102,38.244127],[56.729384,38.27105],[57.102798,38.222009],[57.221137,38.258596],[57.349295,38.063569],[57.612328,37.916601],[57.754748,37.901021],[58.040932,37.805704],[58.195755,37.729636],[58.357812,37.633311],[58.565655,37.694858],[58.759028,37.656152],[59.005525,37.628014],[59.351653,37.493837],[59.37036,37.319429],[59.45883,37.214758],[59.572725,37.18339],[59.797207,37.112206],[60.259608,36.74241],[61.125188,36.640762],[61.170664,36.524438],[61.153507,36.314942],[61.22048,36.158931],[61.198156,36.060797],[61.129839,35.970519],[61.251899,35.840397],[61.246731,35.715496],[61.270503,35.508428],[61.187097,35.300379],[61.107929,35.221262],[61.137901,35.128296],[61.088912,34.951925],[61.00964,34.76098],[60.908871,34.634683],[60.699685,34.516396],[60.804898,34.417487],[60.552407,34.220057],[60.574834,33.587796],[60.919788,33.512571],[60.818644,33.404887],[60.577522,32.994344],[60.81482,32.087862],[60.794976,31.958464],[60.855024,31.482731],[61.742308,31.32088],[61.809281,31.087148],[61.799876,30.871502],[61.272156,30.298307],[60.925097,29.77498],[61.34657,29.349062],[61.397937,29.159074],[61.48775,29.080655],[61.510901,29.007378],[61.797706,28.626574],[62.230702,28.442451],[62.471204,28.339692],[62.735684,27.994985],[62.775682,27.326912],[62.808548,27.225368],[63.056182,27.243196],[63.251519,27.21896],[63.246248,27.089459],[63.206043,26.853711],[63.1076,26.6376],[62.735064,26.632226],[62.632022,26.600393],[62.386352,26.536624],[62.293127,26.485878],[62.243415,26.350641],[62.013661,26.294624],[61.770627,25.907412],[61.665311,25.732384],[61.620042,25.285486],[61.131194,24.938441],[59.719693,25.187944],[58.408296,25.377935],[57.187947,25.611364],[56.746988,26.845746],[55.932273,26.417167],[55.033358,26.393711],[54.748113,25.817424],[54.323682,26.094394],[53.382411,26.576661],[52.51095,27.166377],[51.489199,27.667458],[50.524446,28.976335],[50.234121,29.490153],[49.154944,29.95248],[48.531031,29.961349],[48.44219,30.03393],[48.400745,30.172268],[48.296359,30.319753],[48.170475,30.406672],[48.012242,30.989066],[47.76528,31.864103],[47.677947,31.994689],[47.52669,32.133389],[47.504004,32.226742],[47.40246,32.323506],[47.384115,32.41257],[47.152553,32.455178],[46.604421,32.820685],[46.104658,33.018063],[46.050398,33.115112],[46.162122,33.196373],[46.036239,33.367939],[45.963272,33.496561],[45.927925,33.550873],[45.752018,33.586762],[45.628202,33.731844],[45.47927,33.941185],[45.419946,33.99436],[45.531463,34.167916],[45.521541,34.342504],[45.493016,34.479008],[45.673573,34.556652],[45.690782,34.634321],[45.627375,34.720828],[45.745404,34.840975],[45.866327,34.949547],[45.893095,35.044374],[45.966372,35.070729],[46.143106,35.099512],[46.098767,35.250046],[45.963582,35.503415],[45.959344,35.578708],[46.016498,35.68573],[46.313379,35.771513],[46.184963,35.798178],[46.07696,35.856986],[45.878315,35.83523],[45.69321,35.879878],[45.401962,35.994083],[45.32021,35.994083],[45.304604,36.140379],[45.25701,36.311687],[45.072266,36.423411],[44.991393,36.53374],[45.035266,36.689596],[44.908245,36.77786],[44.884061,36.933354],[44.840601,37.047197],[44.760658,37.085644],[44.772957,37.241681],[44.661646,37.375653],[44.575243,37.493837],[44.54527,37.663025],[44.450496,37.766636],[44.4044,37.809735],[44.219605,37.875312],[44.236038,37.993832],[44.309006,38.087237],[44.376702,38.201545],[44.409051,38.381793],[44.287405,38.441944],[44.274899,38.649373],[44.252678,38.741822],[44.174647,38.945763],[44.169531,39.023046],[44.076565,39.208693],[44.05176,39.32804],[44.099199,39.398475],[44.405227,39.452477],[44.414012,39.560894],[44.605835,39.763155],[44.872279,39.625076],[44.982505,39.420179]]]}},{"type":"Feature","properties":{"objectid":21,"scalerank":6,"featurecla":"Timezone","name":"+4.5","map_color6":3,"map_color8":2,"note":null,"zone":4.5,"utc_format":"UTC+04:30","time_zone":"UTC+04:30","iso_8601":"2012-05-31T09:03:50+04:30","places":"Afghanistan","dst_places":null,"tz_name1st":"Asia/Kabul","tz_namesum":1},"bbox":[60.486778,29.386605,74.892307,38.473673],"geometry":{"type":"Polygon","coordinates":[[[71.024584,38.441918],[71.089386,38.409853],[71.359086,38.184105],[71.254544,37.939287],[71.379188,37.912932],[71.59504,37.857535],[71.542537,37.719559],[71.497165,37.566545],[71.487863,37.294986],[71.431123,37.066989],[71.47174,36.930047],[71.653021,36.687012],[72.195934,36.918988],[72.657714,37.028826],[72.902247,37.2538],[73.116394,37.369064],[73.296332,37.464949],[73.605047,37.445777],[73.73575,37.335187],[73.601636,37.24088],[73.719975,37.217549],[73.856401,37.261577],[74.207697,37.389915],[74.343813,37.420999],[74.476622,37.386091],[74.816859,37.306923],[74.886106,37.232819],[74.722271,37.297692],[74.64302,37.248374],[74.590168,37.243293],[74.476622,37.210055],[74.368308,37.167061],[74.505767,37.047042],[74.539487,36.971995],[74.456984,37.004383],[74.211728,36.895139],[74.006366,36.815738],[73.509342,36.87868],[73.223468,36.874339],[72.945862,36.852222],[72.516741,36.800597],[72.153456,36.702102],[72.050413,36.618645],[71.91347,36.527591],[71.774564,36.448422],[71.649301,36.452763],[71.542227,36.356387],[71.382443,36.218566],[71.217699,36.118055],[71.217854,36.002713],[71.371333,35.885149],[71.475564,35.741024],[71.483316,35.62656],[71.581708,35.493132],[71.61106,35.395463],[71.62925,35.170102],[71.493444,34.994196],[71.445239,34.937757],[71.080601,34.672923],[71.047529,34.551122],[70.991511,34.443067],[71.109489,34.189206],[71.046702,34.041877],[70.884334,34.007047],[70.408963,33.954414],[69.889253,34.031206],[69.876489,33.902557],[69.972659,33.744841],[70.132546,33.661435],[70.151356,33.525862],[70.233005,33.432612],[70.048003,33.194073],[69.771844,33.114776],[69.60834,33.079067],[69.471449,32.852234],[69.399154,32.732964],[69.361223,32.568478],[69.264433,32.322369],[69.270634,32.035978],[69.10005,31.724008],[68.843529,31.606496],[68.675787,31.774702],[68.422211,31.773152],[68.515177,31.729951],[68.2323,31.790154],[68.060476,31.725558],[67.914696,31.631352],[67.600504,31.53048],[67.611459,31.410797],[67.709024,31.329303],[67.433899,31.236079],[67.136759,31.241092],[67.017904,31.258713],[66.905921,31.305532],[66.643973,31.060172],[66.281928,30.518138],[66.236349,30.1116],[66.336808,29.952023],[66.052381,29.798854],[65.58781,29.680567],[65.036371,29.540162],[64.113378,29.396295],[63.317768,29.47691],[62.974533,29.448643],[62.477509,29.407819],[61.779929,29.591787],[61.114026,29.778726],[60.978427,29.994398],[61.461705,30.494574],[61.802356,30.87853],[61.809281,31.087148],[61.749233,31.30238],[61.125149,31.448887],[60.805311,31.733981],[60.792599,32.011277],[60.830323,32.248885],[60.562949,33.058268],[60.785881,33.387782],[60.897295,33.497026],[60.807378,33.558159],[60.528016,33.84145],[60.650592,34.28535],[60.789085,34.44348],[60.699685,34.516396],[60.895435,34.628327],[60.959927,34.723205],[61.077026,34.891721],[61.109892,35.018535],[61.137074,35.143902],[61.102347,35.225603],[61.187097,35.300379],[61.247041,35.48507],[61.283318,35.622633],[61.365484,35.5985],[61.401244,35.549821],[61.919352,35.451842],[62.2337,35.293764],[62.302016,35.14752],[62.566186,35.230771],[62.760489,35.302446],[63.066827,35.425591],[63.077369,35.558761],[63.209351,35.704488],[63.091322,35.813319],[63.511089,35.901841],[63.859854,36.022092],[64.03638,36.058575],[64.253731,36.154849],[64.444572,36.249985],[64.593711,36.559837],[64.77463,36.977589],[65.162298,37.235279],[65.628893,37.387538],[65.65871,37.51027],[65.776532,37.572902],[66.097856,37.428414],[66.232525,37.365421],[66.413496,37.349633],[66.519588,37.36418],[66.724433,37.36015],[67.097382,37.34059],[67.225281,37.207704],[67.411265,37.22791],[67.572185,37.223155],[67.666443,37.238012],[67.771966,37.12497],[67.902501,37.034381],[68.011125,36.930874],[68.151995,36.992782],[68.280772,37.086652],[68.411462,37.113369],[68.551453,37.192615],[68.665452,37.259381],[68.771285,37.270724],[68.856758,37.324906],[68.917633,37.302427],[68.965433,37.329144],[69.114313,37.177473],[69.312079,37.117477],[69.426852,37.239459],[69.386441,37.34152],[69.378948,37.377125],[69.415587,37.477507],[69.687301,37.579594],[69.823004,37.592952],[69.955399,37.575485],[70.048003,37.541431],[70.201947,37.587991],[70.255225,37.637471],[70.283079,37.704831],[70.249851,37.804877],[70.17213,37.946083],[70.253934,37.973394],[70.371187,38.058298],[70.547197,38.262653],[70.595773,38.338178],[70.664865,38.405409],[70.834105,38.4406],[70.946759,38.443236],[71.024584,38.441918]]]}},{"type":"Feature","properties":{"objectid":24,"scalerank":6,"featurecla":"Timezone","name":"+5.75","map_color6":1,"map_color8":4,"note":null,"zone":5.75,"utc_format":"UTC+05:45","time_zone":"UTC+05:45","iso_8601":"2012-05-31T10:18:50+05:45","places":"Nepal","dst_places":null,"tz_name1st":"Asia/Kathmandu","tz_namesum":1},"bbox":[80.030288,26.343768,88.169067,30.416826],"geometry":{"type":"Polygon","coordinates":[[[81.757366,30.362902],[81.82374,30.368173],[81.941231,30.353962],[81.97916,30.326927],[82.073212,30.337219],[82.095898,30.213454],[82.128713,30.110773],[82.174508,30.055569],[82.296506,30.036824],[82.363737,30.001167],[82.422855,29.97967],[82.541814,29.923239],[82.667756,29.834981],[82.681754,29.797717],[82.805157,29.695966],[82.837528,29.659793],[82.931919,29.664185],[82.975896,29.66403],[83.065886,29.57879],[83.101233,29.617676],[83.19087,29.606902],[83.229317,29.575948],[83.248748,29.506572],[83.355201,29.460735],[83.389411,29.382445],[83.437212,29.305241],[83.512504,29.223489],[83.572035,29.168402],[83.640218,29.154759],[83.696442,29.226176],[83.77158,29.232248],[83.884389,29.282012],[83.967257,29.284699],[84.001414,29.272426],[84.036163,29.247622],[84.112364,29.209097],[84.155462,29.206642],[84.160113,29.105486],[84.220575,29.0389],[84.354003,28.861289],[84.422733,28.799173],[84.498652,28.727838],[84.616209,28.69365],[84.677756,28.604405],[84.799144,28.546631],[84.891438,28.541773],[84.9374,28.54477],[85.003442,28.594431],[85.075044,28.631664],[85.153748,28.524901],[85.115559,28.472733],[85.08569,28.361526],[85.135114,28.291969],[85.243406,28.267914],[85.312853,28.282668],[85.362745,28.259743],[85.44665,28.29215],[85.520754,28.282915],[85.599892,28.250835],[85.676011,28.306387],[85.699761,28.269102],[85.782753,28.1881],[85.889103,28.090276],[85.908947,28.022425],[85.96269,27.891374],[86.051419,27.88755],[86.10813,27.922845],[86.096037,27.968888],[86.09025,27.994933],[86.084875,28.038548],[86.156759,28.156385],[86.17446,28.062448],[86.217765,27.994985],[86.29466,27.972376],[86.338503,27.938037],[86.425298,27.909925],[86.497873,27.937882],[86.523246,28.023717],[86.545105,28.093015],[86.612935,28.080411],[86.680063,28.105727],[86.739801,28.021495],[86.868165,27.994881],[86.940691,27.94315],[87.005676,27.951499],[87.182305,27.824536],[87.291468,27.816081],[87.369116,27.819078],[87.476521,27.826701],[87.565073,27.810862],[87.63668,27.823556],[87.701417,27.805642],[87.826836,27.906566],[87.966392,27.882744],[88.030194,27.893266],[88.156407,27.851273],[88.134858,27.723167],[88.02334,27.474655],[88.034812,27.423805],[88.015795,27.364222],[88.004663,27.249163],[87.970733,27.10274],[88.055948,27.018042],[88.142816,26.878412],[88.167517,26.725037],[88.087136,26.5391],[88.044321,26.405676],[87.914768,26.40826],[87.869809,26.464639],[87.768988,26.451461],[87.697572,26.41627],[87.480324,26.423401],[87.344932,26.389346],[87.236308,26.3833],[87.10629,26.404746],[87.045002,26.544272],[86.985212,26.540655],[86.821863,26.438129],[86.730706,26.433788],[86.537953,26.49487],[86.475476,26.531973],[86.316002,26.580963],[86.263086,26.609075],[86.17446,26.593313],[86.115859,26.602563],[85.934682,26.632897],[85.819753,26.579516],[85.780996,26.599204],[85.701828,26.796608],[85.439622,26.78772],[85.353219,26.757593],[85.16553,26.820793],[85.018562,26.845804],[84.952726,26.897636],[84.828289,26.994839],[84.771962,26.99918],[84.644528,27.103721],[84.631919,27.277044],[84.239023,27.431143],[84.165746,27.472174],[84.079601,27.509536],[83.923022,27.449954],[83.873671,27.380087],[83.854602,27.34505],[83.387034,27.470469],[83.370962,27.410214],[83.282441,27.330943],[83.21924,27.393781],[82.876264,27.487548],[82.69705,27.669397],[82.401926,27.677175],[82.107422,27.863572],[81.946398,27.905352],[81.800154,27.884087],[81.59536,27.994726],[81.458211,28.07728],[81.417335,28.147017],[81.338115,28.132728],[81.283079,28.146087],[81.210732,28.278637],[80.993175,28.407828],[80.921344,28.436198],[80.872252,28.496866],[80.727093,28.559679],[80.635625,28.627866],[80.559041,28.673031],[80.484937,28.639287],[80.388302,28.627246],[80.291047,28.689671],[80.233273,28.732718],[80.11421,28.802584],[80.031115,28.897798],[80.085168,28.967484],[80.132607,29.110214],[80.233066,29.139308],[80.258181,29.202456],[80.263555,29.315318],[80.217666,29.434639],[80.282055,29.4843],[80.32722,29.52484],[80.345101,29.558352],[80.386626,29.62718],[80.395227,29.776582],[80.562865,29.929699],[80.680171,29.992072],[80.829825,30.117129],[80.893646,30.198106],[81.006507,30.188908],[81.084849,30.026179],[81.148145,30.023215],[81.22667,30.050467],[81.272972,30.079922],[81.293802,30.132813],[81.339222,30.143536],[81.377876,30.241204],[81.383095,30.331276],[81.46281,30.341353],[81.521639,30.331948],[81.582928,30.399438],[81.757366,30.362902]]]}},{"type":"Feature","properties":{"objectid":28,"scalerank":6,"featurecla":"Timezone","name":"+8","map_color6":4,"map_color8":2,"note":null,"zone":8,"utc_format":"UTC+08:00","time_zone":"UTC+08:00","iso_8601":"2012-05-31T12:33:50+08:00","places":"China, Hong Kong, Russia (Krasnoyarsk Krai), Malaysia, Philippines, Singapore, Taiwan, most of Mongolia, Western Australia","dst_places":null,"tz_name1st":"Australia/Perth","tz_namesum":19},"bbox":[73.603208,-66.972482,134.773531,90],"geometry":{"type":"Polygon","coordinates":[[[127.504461,90],[110.878703,73.767866],[110.827913,73.098433],[110.881554,72.58017],[112.005619,71.40497],[112.013371,71.016131],[110.127028,70.553219],[109.340976,70.092363],[108.015579,69.708045],[106.876527,67.846608],[106.057559,66.89602],[106.100347,66.337553],[106.463012,65.72989],[106.444408,65.308469],[105.960097,64.897124],[105.805584,64.519318],[106.622589,64.510378],[107.968656,64.169882],[107.551214,63.857007],[106.695039,63.765565],[106.394179,63.131806],[106.694419,62.509673],[106.210418,62.00035],[105.272697,61.424933],[104.608448,60.971783],[104.737639,60.390965],[105.442816,59.929676],[104.863006,59.562773],[105.30639,59.065542],[104.239065,58.747009],[103.29318,59.139155],[102.44827,59.006244],[101.553544,58.273911],[100.885575,57.769678],[100.358992,57.651133],[99.481836,57.892436],[97.475033,56.869397],[97.432659,56.112183],[96.844684,55.453721],[96.673532,54.805932],[95.952749,54.425981],[96.263221,53.877694],[97.378192,53.554974],[98.281909,53.184816],[98.996284,52.915969],[98.723639,52.473128],[99.5578,51.891459],[102.587537,50.41527],[106.974608,50.196369],[108.931439,49.348824],[112.869028,49.531655],[117.05854,49.672886],[119.329564,50.108054],[119.515031,50.813385],[120.465774,51.840196],[120.609693,52.574001],[121.889925,53.43059],[124.233658,53.381652],[125.8579,52.86432],[126.648859,51.741261],[127.145211,50.903509],[127.956428,49.60302],[129.404136,49.43063],[130.640243,48.477249],[131.895257,47.670011],[133.09291,48.10678],[134.587393,48.06115],[134.067941,46.926801],[133.618563,45.936267],[132.954314,45.024385],[131.218709,44.016074],[130.857181,42.849763],[130.047286,42.961901],[129.406189,42.435964],[128.720959,42.04759],[127.944211,41.470855],[127.129192,41.531575],[126.501301,41.434371],[125.682643,40.768882],[124.906588,40.476497],[124.551259,37.646174],[125.918733,35.517789],[126.191728,33.010802],[127.507942,22.98519],[124.890568,-8.628724],[124.948616,-9.078462],[127.506468,-13.323496],[127.508909,-35.244833],[127.15059,-66.578808],[116.810027,-66.795473],[112.501356,-48.827382],[112.501348,-16.454664],[114.78638,-2.688776],[115.75259,-1.107371],[114.987298,-0.178903],[114.252356,0.614433],[114.209878,1.261732],[112.76981,1.552232],[110.7104,0.901393],[109.540756,1.826556],[101.353769,2.546016],[100.187888,6.707765],[101.082616,6.246467],[101.784943,5.738188],[112.500542,18.496606],[109.506874,20.185072],[107.502175,21.581552],[106.649615,22.165056],[106.234963,22.863851],[105.228616,23.300646],[104.250433,22.72833],[103.321946,22.790273],[102.377834,22.615572],[101.61726,21.953648],[101.589148,21.213332],[100.457641,21.455022],[99.53992,22.106714],[99.200612,23.073838],[98.867919,24.143256],[97.533737,24.723324],[98.499053,25.830724],[98.737281,26.898256],[98.128946,28.105469],[96.435613,28.415166],[96.367813,29.244211],[94.9556,29.169073],[93.315183,28.658949],[92.259227,27.848198],[90.410522,28.067821],[88.760733,27.435071],[87.574293,27.805022],[86.295612,27.972376],[85.677148,28.31512],[84.737567,28.594173],[83.656961,29.160779],[82.752469,29.739323],[81.532905,30.370344],[80.180791,30.559479],[79.198939,31.287342],[78.462343,32.260151],[79.230565,33.192161],[77.352799,35.486413],[75.977533,36.162755],[74.367247,37.149165],[74.950206,37.795317],[73.789553,38.618574],[74.133822,40.095332],[75.950248,40.343068],[78.344417,41.362024],[80.206319,42.731088],[80.477104,44.693655],[82.305571,45.582852],[84.960344,46.890886],[86.774652,48.858518],[87.983984,48.552335],[89.890018,47.824317],[91.036563,46.529073],[92.39741,45.013119],[93.494915,47.562058],[95.518977,49.49486],[92.761212,50.770752],[89.921127,49.950854],[89.391289,50.319306],[89.499603,50.751786],[88.660274,51.534891],[87.944349,51.780664],[88.54948,52.22043],[89.23564,52.804322],[88.800421,53.347752],[89.073686,53.952573],[88.714431,54.364796],[88.754015,54.804562],[88.627098,55.461163],[89.11358,56.163446],[88.741716,56.713541],[89.37837,57.916879],[85.095066,59.898205],[85.387089,61.698095],[85.092533,62.679844],[85.377787,63.44388],[85.946952,64.140788],[85.16178,64.75057],[84.555615,65.243434],[83.526738,65.856601],[83.187844,66.746934],[82.364638,67.488336],[81.804879,67.947222],[82.690199,68.471842],[82.488145,69.100976],[80.941056,69.213863],[79.504451,69.637455],[79.197596,70.050427],[80.188027,70.398752],[80.671098,70.577604],[79.180543,71.445045],[80.342849,71.880264],[78.798964,72.182029],[88.949856,79.189698],[100.890361,81.534363],[127.005597,90]]]}},{"type":"Feature","properties":{"objectid":30,"scalerank":6,"featurecla":"Timezone","name":"+9.5","map_color6":1,"map_color8":4,"note":null,"zone":9.5,"utc_format":"UTC+09:30","time_zone":"UTC+09:30","iso_8601":"2012-05-31T14:03:50+09:30","places":"Australia (Northern Territory)","dst_places":"Australia (South Australia)","tz_name1st":"Australia/Adelaide","tz_namesum":3},"bbox":[128.994197,-38.241555,141.64313,-10.756313],"geometry":{"type":"Polygon","coordinates":[[[132.897276,-10.768273],[133.119398,-10.883378],[133.225986,-11.020757],[133.123437,-11.265788],[133.277075,-11.318226],[133.431549,-11.260661],[133.679839,-11.366581],[133.7161,-11.529582],[133.996839,-11.535503],[134.146918,-11.66071],[134.516193,-11.849634],[134.791478,-11.744683],[134.943365,-11.761009],[134.984256,-11.549511],[135.140842,-11.474036],[135.29734,-11.526795],[135.368932,-11.764776],[135.33543,-11.892491],[135.642219,-11.732327],[135.882831,-11.49234],[135.913722,-11.458267],[136.117515,-11.330509],[136.232239,-11.367718],[136.566659,-10.914969],[136.686651,-10.82652],[136.825832,-10.820669],[136.973586,-10.949594],[136.97801,-11.09477],[136.844344,-11.445025],[137.017755,-11.550481],[137.040952,-11.735443],[136.891823,-11.880157],[136.997402,-11.953397],[137.188624,-12.381346],[136.934714,-12.682218],[136.85684,-13.019735],[136.69663,-13.250021],[136.438639,-13.488587],[136.535422,-13.484052],[136.588288,-13.465485],[136.797986,-13.464292],[136.996532,-13.412609],[137.117999,-13.480596],[137.153378,-13.718754],[137.128857,-13.799766],[137.061097,-13.961575],[137.184698,-14.190714],[137.127407,-14.380924],[136.95507,-14.493616],[136.432608,-14.418165],[136.182615,-14.37688],[136.112722,-14.227517],[136.028137,-14.360454],[135.860181,-14.66679],[135.982275,-14.880261],[136.060986,-15.085235],[136.433927,-15.354236],[136.743099,-15.345803],[137.007954,-15.338121],[137.170042,-15.460893],[137.28238,-15.657208],[137.48975,-15.94391],[137.834094,-16.078047],[137.997035,-16.407388],[138.001044,-16.555202],[138.000187,-17.107748],[138.000187,-17.735145],[138.000187,-18.325496],[138.000187,-18.620724],[138.000187,-19.506199],[138.000187,-20.096551],[138.000187,-20.981975],[138.000187,-21.572378],[138.000187,-22.162678],[138.000187,-23.048154],[138.000187,-23.638505],[138.000187,-24.524084],[138.000187,-25.114332],[138.000187,-25.704787],[138.750064,-25.999911],[139.49994,-25.999911],[140.624729,-25.999911],[140.999745,-25.999911],[140.9999,-25.999911],[141.000107,-25.999911],[141.000107,-26.749943],[141.000107,-27.874939],[141.000107,-28.624971],[141.000107,-29.314076],[141.000107,-30.256344],[141.000107,-30.884574],[141.321618,-31.440908],[141.643065,-31.707954],[141.321554,-31.97482],[141.000107,-32.455073],[141.000107,-33.083355],[141.000107,-34.018543],[140.967086,-33.986452],[140.967241,-34.566107],[140.967551,-35.565529],[140.967665,-36.367067],[140.968016,-37.564373],[140.968165,-38.039376],[140.970592,-38.060113],[140.97063,-38.158624],[140.917842,-38.221348],[140.495257,-38.17241],[140.194655,-37.973993],[139.837811,-37.59715],[139.537657,-37.199983],[139.48457,-37.028079],[139.505343,-36.857859],[139.635928,-36.781252],[139.646525,-36.669207],[139.265419,-36.028277],[138.838486,-35.735673],[138.337359,-35.82864],[138.16503,-36.054051],[138.035852,-36.084587],[137.726891,-36.150664],[137.484412,-36.245808],[137.13652,-36.206061],[136.659867,-36.220721],[136.502684,-36.099921],[135.813437,-35.400723],[135.468641,-35.054173],[135.231852,-34.835519],[135.012623,-34.744681],[134.754268,-34.440618],[134.306447,-33.869136],[134.238446,-33.577769],[134.078114,-33.203045],[133.879533,-32.985774],[133.886517,-32.823659],[133.744514,-32.682828],[133.660524,-32.568173],[133.589725,-32.48992],[133.34794,-32.389065],[132.965578,-32.282981],[132.683633,-32.123412],[132.516652,-32.195698],[132.274166,-32.208506],[131.918294,-32.026829],[131.431759,-31.753667],[130.822523,-31.776467],[129.939104,-31.760131],[129.281971,-31.818323],[128.997119,-31.81613],[128.999653,-31.784062],[129.0011,-31.689199],[129.001724,-31.189435],[129.002712,-30.190141],[129.004194,-28.6912],[129.005182,-27.691906],[129.006506,-26.348756],[129.006601,-25.550354],[129.006118,-24.641264],[129.005394,-23.277627],[129.004911,-22.368536],[129.004187,-21.0049],[129.003656,-20.0049],[129.003125,-19.004901],[129.002329,-17.504901],[129.001798,-16.504902],[129.001128,-15.254239],[129.001068,-14.868188],[128.998071,-14.774982],[129.220699,-14.646128],[129.203961,-14.538836],[129.16718,-14.312842],[129.309105,-13.945881],[129.476984,-13.838089],[129.735397,-13.307495],[129.930564,-13.236403],[129.93063,-12.890361],[130.043605,-12.748178],[130.150615,-12.630967],[130.177395,-12.519904],[130.351983,-12.365128],[130.451338,-12.242842],[130.749486,-12.191126],[130.795172,-12.144598],[130.690825,-12.02088],[130.311185,-11.997788],[129.898438,-11.960487],[129.810901,-11.782245],[129.924337,-11.518051],[130.158286,-11.161528],[130.29508,-10.978353],[130.492868,-10.971496],[130.593134,-11.069216],[130.750296,-11.14655],[131.173854,-11.006029],[131.353775,-11.001752],[131.657148,-11.087797],[131.913526,-10.943718],[132.264275,-10.925914],[132.56602,-10.768977],[132.706891,-10.795836],[132.897276,-10.768273]]]}},{"type":"Feature","properties":{"objectid":32,"scalerank":6,"featurecla":"Timezone","name":"+10.5","map_color6":3,"map_color8":8,"note":null,"zone":10.5,"utc_format":"UTC+10:30","time_zone":"UTC+10:30","iso_8601":"2012-05-31T15:03:50+10:30","places":"Lord Howe Island","dst_places":"Lord Howe Island","tz_name1st":"Australia/Lord_Howe","tz_namesum":1},"bbox":[158.5,-32,159.5,-31],"geometry":{"type":"Polygon","coordinates":[[[159.5,-32],[159.166667,-32],[158.833333,-32],[158.5,-32],[158.5,-31.5005],[158.5,-31.001],[158.833333,-31.000667],[159.166667,-31.000333],[159.5,-31],[159.5,-31.333333],[159.5,-31.666667],[159.5,-32]]]}},{"type":"Feature","properties":{"objectid":34,"scalerank":6,"featurecla":"Timezone","name":"+11.5","map_color6":5,"map_color8":1,"note":null,"zone":11.5,"utc_format":"UTC+11:30","time_zone":"UTC+11:30","iso_8601":"2012-05-31T16:03:50+11:30","places":"Norfolk Island","dst_places":null,"tz_name1st":"Pacific/Norfolk","tz_namesum":1},"bbox":[167,-30,169.5,-28],"geometry":{"type":"Polygon","coordinates":[[[169.5,-30],[169.083333,-30],[168.666667,-30],[168.25,-30],[167.833333,-30],[167.416667,-30],[167,-30],[167,-29.5],[167,-29],[167,-28.5],[167,-28],[167.416667,-28],[167.833333,-28],[168.25,-28],[168.666667,-28],[169.083333,-28],[169.5,-28],[169.5,-28.5],[169.5,-29],[169.5,-29.5],[169.5,-30]]]}},{"type":"Feature","properties":{"objectid":0,"scalerank":6,"featurecla":"Timezone","name":"-4.5","map_color6":2,"map_color8":8,"note":null,"zone":-4.5,"utc_format":"UTC-04:30","time_zone":"UTC-04:30","iso_8601":"2012-05-31T09:03:50-04:30","places":"Venezuela","dst_places":null,"tz_name1st":"America/Caracas","tz_namesum":1},"bbox":[-73.391149,0.649315,-59.815595,12.365227],"geometry":{"type":"Polygon","coordinates":[[[-67.979603,12.12141],[-66.056516,12.07726],[-62.764597,11.713466],[-61.73014,11.076099],[-61.973054,10.317269],[-61.224443,9.875639],[-60.827429,9.700167],[-60.666877,8.818381],[-60.020285,8.557799],[-59.889751,8.219887],[-59.998013,8.12705],[-60.107903,8.035557],[-60.253294,7.934556],[-60.503279,7.820867],[-60.584411,7.699376],[-60.631695,7.6246],[-60.723834,7.495823],[-60.657275,7.408128],[-60.601774,7.330148],[-60.643064,7.220904],[-60.475322,7.188503],[-60.372021,7.172277],[-60.295798,7.070732],[-60.377344,6.938544],[-60.684146,6.784031],[-60.837625,6.786357],[-60.913383,6.811213],[-60.933821,6.731735],[-61.089057,6.717498],[-61.21197,6.561435],[-61.142594,6.449427],[-61.160913,6.342353],[-61.117944,6.267241],[-61.147348,6.18505],[-61.269382,6.107225],[-61.379608,5.9053],[-60.892661,5.368562],[-60.59193,4.949725],[-60.887958,4.711135],[-61.011956,4.518304],[-61.297262,4.52373],[-61.360023,4.41893],[-61.5335,4.27359],[-61.610188,4.251628],[-61.756355,4.246357],[-61.931486,4.146415],[-62.192659,4.094738],[-62.483701,4.13918],[-62.588656,4.030711],[-62.766267,3.964695],[-62.766836,3.822042],[-62.796446,3.597301],[-62.907706,3.560972],[-63.130845,3.762123],[-63.448241,3.939373],[-63.690759,3.943998],[-63.956944,3.901882],[-64.125099,4.088485],[-64.621064,4.14688],[-64.815548,4.231035],[-64.719533,4.123238],[-64.596104,3.935885],[-64.265556,3.652207],[-64.232121,3.461134],[-64.205301,3.089167],[-63.997562,2.714926],[-64.056628,2.488531],[-63.573815,2.434374],[-63.37052,2.281154],[-63.510666,2.1246],[-63.802277,1.97231],[-64.075955,1.745373],[-64.177086,1.551147],[-64.389579,1.369297],[-64.40901,1.507506],[-64.730876,1.247574],[-64.897404,1.219668],[-65.01321,1.16577],[-65.136769,1.126909],[-65.284382,0.919377],[-65.409439,0.755252],[-65.542661,0.649315],[-65.517004,0.862791],[-65.608109,0.985264],[-65.891761,0.895605],[-66.079192,0.777576],[-66.228278,0.762797],[-66.895886,1.265299],[-66.911906,1.405187],[-66.93361,1.501692],[-66.978052,1.644294],[-67.091585,1.946523],[-67.119025,2.023986],[-67.136027,2.127132],[-67.201346,2.227927],[-67.17375,2.336448],[-67.197625,2.402025],[-67.30568,2.466207],[-67.372033,2.530441],[-67.410572,2.571203],[-67.461743,2.62041],[-67.502217,2.675933],[-67.575586,2.691103],[-67.64566,2.808667],[-67.751028,2.842102],[-67.854958,2.790528],[-67.68514,3.02824],[-67.440341,3.249369],[-67.304647,3.425709],[-67.537449,3.73551],[-67.644419,3.834625],[-67.714079,4.056498],[-67.756189,4.135656],[-67.803398,4.259225],[-67.794965,4.383145],[-67.797071,4.434924],[-67.847663,4.504687],[-67.873398,4.546519],[-67.845647,4.689741],[-67.817122,4.821516],[-67.826372,4.894844],[-67.795211,5.052716],[-67.821089,5.100855],[-67.819844,5.166706],[-67.83402,5.258879],[-67.772577,5.409671],[-67.737023,5.42582],[-67.66447,5.474912],[-67.615572,5.548028],[-67.64907,5.65609],[-67.541583,5.876723],[-67.421082,5.984361],[-67.491199,6.114486],[-67.4643,6.199251],[-67.800792,6.308608],[-67.87485,6.278709],[-67.916289,6.24223],[-68.146508,6.223781],[-68.427421,6.197323],[-68.659344,6.13867],[-68.914471,6.188693],[-69.061129,6.217839],[-69.268584,6.097458],[-69.406146,6.129343],[-69.700211,6.445292],[-70.129203,6.972547],[-70.319062,6.938286],[-70.461302,7.008307],[-70.577375,7.084706],[-70.682606,7.084633],[-70.903445,7.063188],[-71.065477,6.984536],[-71.193815,6.965312],[-71.281458,7.007222],[-71.366001,7.02071],[-71.4677,7.012441],[-71.528833,7.027066],[-71.580613,7.031562],[-71.667016,7.051509],[-71.76434,7.029066],[-71.82189,6.992959],[-72.0287,7.038848],[-72.171481,7.249895],[-72.225759,7.387367],[-72.414619,7.413812],[-72.463402,7.570753],[-72.453451,7.859851],[-72.487793,7.94918],[-72.4171,8.025764],[-72.333849,8.065478],[-72.38479,8.314664],[-72.424954,8.387706],[-72.538849,8.492609],[-72.67543,8.651514],[-72.755063,8.953744],[-72.79103,9.113941],[-72.861724,9.13704],[-72.97319,9.128436],[-72.995462,9.239101],[-73.054395,9.274391],[-73.176175,9.190939],[-73.390839,9.194504],[-73.197414,9.478673],[-73.097161,9.596366],[-72.996961,9.900715],[-72.915519,10.394276],[-72.855933,10.523733],[-72.64007,10.896676],[-72.53394,11.052376],[-72.499317,11.120795],[-72.361444,11.158002],[-72.196906,11.277401],[-72.007926,11.624615],[-71.82804,11.698564],[-71.449458,11.795457],[-71.328056,11.85171],[-70.929829,12.193429],[-69.739933,12.261908],[-68.600674,11.665733],[-67.979603,12.12141]]]}},{"type":"Feature","properties":{"objectid":29,"scalerank":6,"featurecla":"Timezone","name":"+9","map_color6":3,"map_color8":3,"note":null,"zone":9,"utc_format":"UTC+09:00","time_zone":"UTC+09:00","iso_8601":"2012-05-31T13:33:50+09:00","places":"Southern Ocean","dst_places":null,"tz_name1st":null,"tz_namesum":1},"bbox":[127.508909,-66.917759,142.502258,-31.659374],"geometry":{"type":"Polygon","coordinates":[[[131.431759,-31.753667],[131.616395,-31.840778],[132.064957,-32.147462],[132.274166,-32.208506],[132.516652,-32.195698],[132.683633,-32.123412],[132.84615,-32.235767],[132.965578,-32.282981],[133.34794,-32.389065],[133.516043,-32.485987],[133.658455,-32.473139],[133.694221,-32.639632],[133.846573,-32.710541],[133.866491,-32.727827],[133.861354,-32.931073],[134.008761,-33.148887],[134.138238,-33.283054],[134.238446,-33.577769],[134.306447,-33.869136],[134.346308,-33.908321],[134.754268,-34.440618],[135.012623,-34.744681],[135.231852,-34.835519],[135.412607,-34.955245],[135.53796,-35.09938],[135.813437,-35.400723],[136.364392,-36.003409],[136.575795,-36.182805],[136.72733,-36.226468],[137.2737,-36.181825],[137.484412,-36.245808],[137.574145,-36.221962],[137.786922,-36.098393],[138.035852,-36.084587],[138.16503,-36.054051],[138.337359,-35.82864],[138.766634,-35.722129],[138.838486,-35.735673],[139.265419,-36.028277],[139.60756,-36.572238],[139.654563,-36.758752],[139.552313,-36.819766],[139.473982,-36.910883],[139.467452,-36.968064],[139.535783,-37.107022],[139.558719,-37.269347],[139.837811,-37.59715],[140.194655,-37.973993],[140.495257,-38.17241],[140.609261,-38.218104],[140.917842,-38.221348],[141.006477,-38.250428],[141.176786,-38.440922],[141.268003,-38.530506],[141.513529,-38.593135],[141.623921,-38.588366],[141.810995,-38.505389],[141.878597,-38.445477],[142.123106,-38.556344],[142.365784,-38.553309],[142.502258,-38.601732],[142.502258,-39.079212],[142.502258,-40.03417],[142.502258,-40.989129],[142.502258,-41.944088],[142.502258,-42.899047],[142.502258,-43.831071],[142.502258,-44.285617],[142.502258,-45.194708],[142.502258,-46.103799],[142.502258,-47.01289],[142.502258,-47.921981],[142.502258,-48.831071],[142.502258,-49.285617],[142.502258,-50.194708],[142.502258,-51.103799],[142.502258,-52.01289],[142.502258,-52.921981],[142.502258,-53.831071],[142.502258,-54.285617],[142.502258,-55.194708],[142.502258,-56.103799],[142.502258,-57.01289],[142.502258,-57.921981],[142.502258,-58.831071],[142.502258,-59.285617],[142.502258,-60.194708],[142.502258,-61.103799],[142.502258,-62.01289],[142.502258,-62.921981],[142.502258,-63.861684],[142.502258,-64.346842],[142.502258,-65.317157],[142.502258,-66.287473],[142.402784,-66.726322],[142.098443,-66.650354],[141.567119,-66.62271],[141.445317,-66.631781],[141.103494,-66.615377],[140.756401,-66.59251],[140.247928,-66.575034],[140.0613,-66.556196],[139.866025,-66.494255],[139.663561,-66.462319],[139.173503,-66.414885],[138.784188,-66.377339],[138.592355,-66.367645],[138.396301,-66.375504],[137.885744,-66.227329],[137.81793,-66.217653],[137.535727,-66.19202],[136.934784,-66.172569],[136.452559,-66.149179],[136.08707,-66.080587],[135.828396,-66.0388],[135.737667,-65.99337],[135.459735,-65.948322],[135.2517,-65.951384],[135.092484,-65.983613],[134.938975,-66.118214],[134.842944,-66.17626],[134.767792,-66.183203],[134.653447,-66.181435],[134.382332,-66.110469],[134.064336,-65.995522],[133.860974,-65.952548],[133.225391,-65.925941],[132.982852,-65.953054],[132.737814,-66.031491],[132.41466,-65.998191],[131.839025,-66.073253],[131.494698,-66.063808],[131.031342,-66.035923],[130.880307,-66.004739],[130.693638,-65.991984],[130.449908,-66.033574],[130.067146,-66.115784],[129.580644,-66.260045],[129.35436,-66.391848],[129.318349,-66.468518],[129.153424,-66.566207],[129.078059,-66.754833],[128.934286,-66.867794],[128.76573,-66.867702],[128.443068,-66.917759],[128.388349,-66.914193],[128.150046,-66.867097],[127.739556,-66.867682],[127.607697,-66.805167],[127.508909,-66.30688],[127.508909,-65.346804],[127.508909,-64.866766],[127.508909,-63.906689],[127.508909,-62.972106],[127.508909,-62.063015],[127.508909,-61.153924],[127.508909,-60.244833],[127.508909,-59.790287],[127.508909,-58.881196],[127.508909,-57.972106],[127.508909,-57.063015],[127.508909,-56.153924],[127.508909,-55.244833],[127.508909,-54.790287],[127.508909,-53.881196],[127.508909,-52.972106],[127.508909,-52.063015],[127.508909,-51.153924],[127.508909,-50.244833],[127.508909,-49.790287],[127.508909,-48.881196],[127.508909,-47.972106],[127.508909,-47.063015],[127.508909,-46.153924],[127.508909,-45.244833],[127.508909,-44.790287],[127.508909,-43.881196],[127.508909,-42.972106],[127.508909,-42.063015],[127.508909,-41.153924],[127.508909,-40.244833],[127.508909,-39.790287],[127.508909,-38.881196],[127.508909,-37.972105],[127.508909,-37.063015],[127.508909,-36.153924],[127.508909,-35.244833],[127.508909,-34.790287],[127.508909,-33.881196],[127.508909,-33.080082],[127.508909,-32.386943],[127.746997,-32.311999],[128.423399,-32.12415],[128.663265,-32.035168],[128.994341,-31.872415],[129.146508,-31.83977],[129.46847,-31.812176],[130.381055,-31.755986],[131.059137,-31.715315],[131.431759,-31.753667]]]}},{"type":"Feature","properties":{"objectid":29,"scalerank":6,"featurecla":"Timezone","name":"+9","map_color6":3,"map_color8":3,"note":null,"zone":9,"utc_format":"UTC+09:00","time_zone":"UTC+09:00","iso_8601":"2012-05-31T13:33:50+09:00","places":"East Timor, Japan, North Korea, South Korea","dst_places":null,"tz_name1st":"Asia/Tokyo","tz_namesum":6},"bbox":[122.38076,-17.515313,145.913956,51.633985],"geometry":{"type":"Polygon","coordinates":[[[141.108358,45.844748],[142.786207,45.016857],[144.556456,44.091657],[145.454641,44.487239],[145.361698,43.980702],[145.479951,43.578232],[145.846296,43.370352],[145.110312,42.839227],[143.605263,42.333326],[142.880544,41.936781],[142.514524,38.729282],[142.514055,33.804602],[142.513632,29.37239],[142.513163,24.44771],[142.512694,19.52303],[140.650915,17.060452],[135.997053,17.059857],[135.997058,12.222875],[135.997063,7.869591],[136.92766,3.999941],[141.115326,3.999653],[142.510901,0.709846],[140.974472,-2.601484],[140.975767,-4.595946],[140.976904,-6.002113],[140.967085,-6.393924],[140.92316,-6.439813],[140.918768,-6.527869],[140.873912,-6.60342],[140.857841,-6.723619],[140.908329,-6.849297],[140.976904,-7.587546],[140.977399,-8.864788],[141.507202,-9.423641],[141.988388,-9.838519],[141.968666,-10.507593],[141.616073,-11.958506],[141.383467,-12.930975],[141.390674,-14.184768],[141.170768,-15.905688],[140.752841,-17.000616],[139.658754,-17.280428],[139.664248,-16.749483],[139.578826,-16.19501],[138.53056,-16.576197],[137.48975,-15.94391],[136.886773,-15.297612],[135.860181,-14.66679],[136.432608,-14.418165],[137.130769,-14.013141],[136.996532,-13.412609],[136.438639,-13.488587],[137.188624,-12.381346],[137.017755,-11.550481],[136.825832,-10.820669],[136.117515,-11.330509],[135.33543,-11.892491],[134.984256,-11.549511],[134.146918,-11.66071],[133.431549,-11.260661],[133.119398,-10.883378],[132.264275,-10.925914],[130.990138,-11.098775],[130.29508,-10.978353],[130.006225,-12.02038],[130.578301,-12.185822],[130.150615,-12.630967],[129.657744,-13.440934],[129.342999,-14.66411],[128.557681,-14.555298],[127.65828,-13.928114],[126.736833,-10.551351],[125.023769,-9.374724],[124.957933,-9.211943],[125.059684,-9.210496],[125.150634,-9.185381],[125.139421,-9.024771],[125.073016,-8.996452],[124.947856,-9.078515],[124.898354,-8.856879],[124.436621,-9.255868],[124.347893,-9.37462],[124.310066,-9.488722],[124.256891,-9.462884],[124.153796,-9.39188],[124.46535,-8.889256],[125.23705,-7.62344],[124.302398,-3.067718],[126.007115,1.266399],[127.507942,4.803372],[127.507942,9.348827],[127.507942,13.439736],[127.507942,18.439735],[127.507942,22.98519],[124.148428,23.561171],[122.745159,25.122636],[125.575821,26.326433],[126.994163,26.544529],[127.505649,28.822849],[127.505559,33.454834],[127.167955,33.419026],[125.944047,33.269782],[126.03453,34.046128],[125.62344,34.516385],[125.365736,34.078077],[124.904623,34.201911],[124.968263,34.697535],[125.728497,34.896883],[125.918733,35.517789],[126.159295,35.785286],[126.08474,35.952126],[126.01093,36.40063],[125.900344,36.801663],[125.892367,37.346252],[125.668887,37.431159],[124.894448,37.627899],[124.413546,38.081306],[124.78497,38.728363],[124.978068,39.368102],[124.378459,39.465268],[124.370574,40.09652],[124.550206,40.224729],[124.73128,40.349735],[124.896104,40.483208],[125.006612,40.456136],[125.05002,40.541816],[125.256106,40.615041],[125.356048,40.646047],[125.414959,40.651938],[125.459814,40.701341],[125.572442,40.784758],[125.644816,40.810585],[125.779175,40.884637],[125.936168,40.877403],[125.996629,40.91492],[126.075643,40.997085],[126.260696,41.143123],[126.440892,41.348382],[126.522127,41.351947],[126.566517,41.601932],[126.712245,41.694175],[126.741545,41.729185],[126.929802,41.801041],[127.033155,41.731588],[127.048968,41.677741],[127.166067,41.594956],[127.135464,41.522216],[127.200328,41.542065],[127.28146,41.531058],[127.344597,41.49137],[127.427502,41.483152],[127.542891,41.491319],[127.662677,41.44698],[127.865146,41.43742],[127.992735,41.46114],[128.050612,41.420729],[128.14611,41.376339],[128.224142,41.669447],[128.020433,41.965062],[128.408482,42.008379],[128.56438,42.000797],[128.720959,42.04759],[129.0089,42.09508],[129.119798,42.149366],[129.18336,42.254554],[129.212402,42.307755],[129.234209,42.346564],[129.326504,42.426765],[129.352549,42.447841],[129.482463,42.41072],[129.560288,42.396793],[129.671747,42.438005],[129.751077,42.642928],[129.757278,42.734705],[129.847609,42.951281],[129.909207,43.008435],[130.047286,42.961901],[130.140407,42.907124],[130.317141,42.667397],[130.426385,42.572105],[130.501419,42.610785],[130.554749,42.487614],[130.660272,42.333929],[131.316216,42.399947],[131.876929,42.786627],[132.461561,42.592461],[134.36237,42.939197],[136.005731,44.18645],[136.817906,44.898034],[138.326666,46.191661],[139.174119,47.236934],[140.42332,48.481769],[140.82004,49.882749],[140.8317,50.601329],[141.210874,51.373179],[142.033136,51.096864],[141.905404,49.573304],[141.666292,48.601568],[141.786133,46.982926],[141.020232,46.165044]]]}},{"type":"Feature","properties":{"objectid":17,"scalerank":6,"featurecla":"Timezone","name":"+2","map_color6":4,"map_color8":3,"note":null,"zone":2,"utc_format":"UTC+02:00","time_zone":"UTC+02:00","iso_8601":"2012-05-31T06:33:50+02:00","places":"Arctic Ocean","dst_places":null,"tz_name1st":null,"tz_namesum":0},"bbox":[22.544395,69.019429,37.539799,90],"geometry":{"type":"Polygon","coordinates":[[[37.536899,82.9985],[37.53693,82.510808],[37.536961,82.023116],[37.537022,81.047732],[37.044888,81.04851],[36.060619,81.050066],[35.568484,81.050844],[35.568076,80.233707],[35.567872,79.825139],[35.567668,79.416571],[36.059709,79.007225],[36.551955,79.006447],[37.536447,79.004891],[37.536614,78.505618],[37.53695,77.507072],[37.537117,77.007799],[37.537285,76.508525],[37.53762,75.509979],[37.537788,75.010706],[37.538123,74.01216],[37.538291,73.512887],[37.538626,72.514341],[37.538793,72.015068],[37.538961,71.515795],[37.539296,70.517249],[37.539464,70.017976],[37.539799,69.019429],[37.375785,69.06052],[36.99798,69.166406],[36.814506,69.212373],[36.63143,69.272106],[36.210269,69.36996],[35.997989,69.40334],[35.462752,69.482286],[35.300154,69.490217],[34.997998,69.479085],[34.906519,69.472076],[34.779736,69.520268],[34.516279,69.590481],[34.38576,69.610022],[33.998008,69.609596],[33.881086,69.603891],[33.733417,69.63788],[33.725191,69.657606],[33.722029,69.784393],[33.660207,69.842299],[33.565151,69.889569],[33.377939,69.937408],[33.1481,69.975602],[32.94341,69.998467],[32.932289,69.999709],[32.578094,70.078414],[32.47885,70.117475],[32.362046,70.147494],[32.090718,70.178923],[31.998027,70.18044],[31.810842,70.174857],[31.745508,70.165866],[31.663876,70.212276],[31.696222,70.275887],[31.682856,70.400922],[31.474068,70.565133],[31.33573,70.617177],[30.981058,70.706562],[30.831006,70.739088],[30.70061,70.815759],[30.479779,70.880747],[30.298303,70.912715],[29.807794,70.954585],[29.659462,71.009152],[29.292557,71.080718],[29.082555,71.100924],[28.819435,71.180644],[28.798469,71.185361],[28.664796,71.236384],[28.403194,71.285771],[28.283531,71.294822],[27.91052,71.320768],[27.77944,71.334007],[27.53866,71.334855],[27.421156,71.32346],[27.068506,71.235459],[26.884027,71.200035],[26.749388,71.167182],[26.393832,71.294892],[26.053036,71.349997],[25.655635,71.375455],[25.463816,71.366491],[25.07632,71.29909],[24.790602,71.31922],[24.666062,71.318456],[24.363134,71.28589],[24.178388,71.236133],[23.858929,71.236881],[23.671636,71.217744],[23.464974,71.16682],[23.273288,71.079494],[23.030357,71.053896],[22.544395,70.953957],[22.544621,71.453165],[22.545075,72.451582],[22.545302,72.950791],[22.545755,73.949208],[22.545982,74.448417],[22.546208,74.947625],[23.044135,75.446047],[23.541834,75.44526],[24.537233,75.443687],[25.034933,75.442901],[26.030331,75.441327],[26.528031,75.440541],[27.02573,75.439754],[28.021129,75.438181],[28.518829,75.437394],[29.514228,75.435821],[30.011927,75.435035],[31.007326,75.433461],[31.505026,75.432675],[32.002725,75.431888],[32.998124,75.430315],[33.437348,75.43237],[34.315796,75.436481],[34.755019,75.438537],[34.755569,76.398926],[34.755843,76.879121],[34.756392,77.83951],[34.756667,78.319704],[34.756942,78.799899],[34.757491,79.760288],[34.757766,80.240483],[34.758236,81.063123],[34.269771,81.063455],[33.292841,81.064119],[32.804376,81.064451],[32.315911,81.064783],[31.338981,81.065447],[30.850516,81.065779],[29.873586,81.066443],[29.385121,81.066776],[28.408191,81.06744],[27.919726,81.067772],[27.431261,81.068104],[26.45433,81.068768],[25.965865,81.0691],[24.988935,81.069764],[24.50047,81.070096],[23.52354,81.07076],[23.035075,81.071092],[22.54661,81.071424],[22.54661,81.518232],[22.54661,81.999642],[22.54661,82.962463],[22.54661,83.443873],[22.54661,84.406694],[22.54661,84.888104],[22.54661,84.889162],[22.54661,85.363518],[22.54661,85.825976],[22.54661,86.750893],[22.54661,87.213352],[22.54661,88.138269],[22.54661,88.600727],[22.54661,89.525644],[22.54661,89.988103],[22.54661,89.989161],[22.987501,90],[23.428392,90],[24.310174,90],[24.751064,90],[25.632846,90],[26.073737,90],[26.514628,90],[27.39641,90],[27.8373,90],[28.719082,90],[29.159973,90],[30.041755,90],[30.482646,90],[30.923536,90],[31.805318,90],[32.246209,90],[33.127991,90],[33.568882,90],[34.450663,90],[34.891554,90],[35.332445,90],[36.214227,90],[36.655117,90],[37.536899,90],[37.536899,89.53646],[37.536899,88.60938],[37.536899,88.14584],[37.536899,87.6823],[37.536899,86.755219],[37.536899,86.291679],[37.536899,85.364599],[37.536899,84.901059],[37.536899,84.424626],[37.536899,83.949251],[37.536899,82.9985]]]}},{"type":"Feature","properties":{"objectid":17,"scalerank":6,"featurecla":"Timezone","name":"+2","map_color6":4,"map_color8":3,"note":null,"zone":2,"utc_format":"UTC+02:00","time_zone":"UTC+02:00","iso_8601":"2012-05-31T06:33:50+02:00","places":"Libya, Egypt, Malawi, Mozambique, South Africa, Swaziland, Zambia, Zimbabwe","dst_places":"Bulgaria, Cyprus, Estonia, Finland, Greece, Israel, Jordan, Latvia, Lebanon, Lithuania, Moldova, Palestine, Romania, Syria, Turkey, Ukraine","tz_name1st":"Africa/Johannesburg","tz_namesum":11},"bbox":[16.382974,-70.535433,41.036582,5.37528],"geometry":{"type":"Polygon","coordinates":[[[25.543743,5.37528],[25.668903,5.306137],[25.849357,5.217874],[26.077147,5.216324],[26.207165,5.207694],[26.460689,5.066023],[26.691683,5.094393],[26.991716,5.171288],[27.43634,5.013158],[27.734823,4.793197],[27.914037,4.549258],[28.076301,4.437689],[28.482426,4.358986],[28.762306,4.551881],[29.19613,4.337127],[29.457612,4.669535],[29.784621,4.563288],[29.924147,4.245582],[30.189351,3.95609],[30.553463,3.60451],[30.827665,3.511143],[30.804197,3.246005],[30.739395,2.603305],[30.930907,2.405591],[31.280447,2.15341],[30.306553,1.163909],[29.996391,0.859949],[29.711809,0.099582],[29.630573,-0.622028],[29.551198,-1.020143],[29.693774,-1.361208],[30.028327,-1.427147],[30.294564,-1.149644],[30.472072,-1.137656],[30.568242,-1.328135],[30.837476,-1.641087],[30.853496,-2.0237],[30.63785,-2.39701],[30.450523,-2.741795],[30.632114,-2.953772],[30.813085,-3.11769],[30.662603,-3.319228],[30.460135,-3.531928],[30.119587,-4.12352],[29.747414,-4.44319],[29.49606,-5.938654],[30.728129,-8.104104],[31.328816,-8.597717],[31.576449,-8.839666],[32.154812,-9.075207],[32.776996,-9.33824],[33.25769,-9.498024],[33.787529,-9.626491],[34.047461,-9.489962],[34.536424,-10.043003],[34.600399,-10.578061],[34.647631,-10.902899],[34.757496,-11.283755],[34.955726,-11.48674],[35.520136,-11.609109],[35.895617,-11.432789],[36.17591,-11.620065],[36.545707,-11.729412],[37.032395,-11.564874],[37.496036,-11.685074],[37.850433,-11.387624],[38.178372,-11.281791],[38.831045,-11.207997],[39.989114,-10.82094],[40.66167,-11.406386],[40.347691,-15.990785],[37.529491,-19.065456],[37.529491,-29.064398],[37.529491,-38.564504],[37.350822,-46.775753],[37.529491,-52.86535],[37.529491,-62.365456],[37.085397,-69.469275],[34.888343,-68.648508],[31.981204,-69.185584],[30.048036,-70.069931],[27.160447,-69.979042],[24.709985,-70.306359],[22.503819,-67.868981],[22.503821,-59.541557],[22.503824,-50.550863],[22.503826,-41.54933],[22.308953,-34.196253],[19.785781,-34.877547],[18.179232,-34.198839],[18.163052,-32.336153],[16.408633,-28.705855],[16.796835,-28.347829],[16.837659,-28.168202],[17.056664,-28.031156],[17.364139,-28.273312],[17.414265,-28.63267],[17.949529,-28.794727],[18.51766,-28.882267],[19.251569,-28.814261],[19.55646,-28.546163],[19.983204,-28.185049],[19.982687,-27.06367],[19.98217,-25.886274],[19.981447,-24.752493],[20.680629,-22.000671],[20.981489,-21.000733],[20.975081,-18.83766],[21.39087,-18.302913],[22.725258,-18.067475],[23.389714,-18.153258],[23.560763,-18.348491],[23.915987,-18.201213],[24.296429,-18.026237],[24.649172,-17.962778],[24.958094,-17.800928],[25.172448,-17.735092],[25.033851,-17.608485],[24.684415,-17.49242],[24.321337,-17.488699],[23.505986,-17.620474],[23.176187,-17.478157],[22.651671,-16.998703],[22.343473,-16.683167],[22.101731,-16.497958],[22.045197,-16.252289],[21.981014,-14.659104],[23.098362,-13.001479],[24.019856,-12.419189],[23.977688,-11.577277],[23.980582,-10.938349],[23.455963,-10.960984],[22.500983,-11.042426],[22.182759,-10.830449],[22.305956,-10.409803],[22.079923,-9.871644],[21.810172,-9.338137],[21.935953,-8.413025],[21.754362,-7.919619],[21.846656,-7.514269],[21.794773,-7.294024],[20.520535,-7.286376],[20.120146,-7.001949],[19.715314,-6.139573],[19.872824,-6.022061],[19.986512,-5.97054],[20.085834,-5.855405],[20.17849,-5.625599],[20.179575,-5.28407],[20.147587,-4.992667],[20.060254,-4.676097],[20.095756,-4.474662],[20.13379,-4.280255],[20.417441,-4.272814],[20.675514,-4.111118],[21.25739,-2.511836],[21.641604,-2.419955],[21.958639,-2.422074],[22.235625,-2.470857],[22.497056,-1.958847],[22.759469,-1.850791],[23.08162,-1.935902],[23.693159,-1.966495],[24.390015,-1.592977],[23.719204,-1.07952],[23.445164,-0.438009],[23.253237,-0.310162],[23.071698,0.288872],[22.818897,0.90687],[22.729497,1.164115],[22.503412,1.451669],[22.359287,1.503965],[22.433132,1.646954],[22.690894,2.046594],[22.812541,2.030755],[22.887317,2.095712],[22.964004,2.156923],[23.510018,2.223172],[23.360001,2.522043],[22.99625,2.749135],[23.014751,3.167094],[22.794092,3.250965],[22.850885,3.504515],[23.24254,3.641535],[23.510018,3.821447],[23.192879,3.888652],[22.754973,3.982677],[22.545734,4.245944],[22.697043,4.535745],[22.887316,4.755499],[23.055161,4.7378],[23.38837,4.587266],[23.816665,4.820611],[24.10843,4.92306],[24.398645,5.036024],[24.563389,5.034888],[24.836861,4.93771],[25.154568,5.009308],[25.328924,5.216013],[25.543743,5.37528]]]}},{"type":"Feature","properties":{"objectid":22,"scalerank":6,"featurecla":"Timezone","name":"+5","map_color6":1,"map_color8":7,"note":null,"zone":5,"utc_format":"UTC+05:00","time_zone":"UTC+05:00","iso_8601":"2012-05-31T09:33:50+05:00","places":"Maldives, Pakistan","dst_places":null,"tz_name1st":"Asia/Karachi","tz_namesum":5},"bbox":[60.844379,-69.660564,82.507894,37.054374],"geometry":{"type":"Polygon","coordinates":[[[74.692216,37.03588],[74.886747,36.911443],[75.195131,36.948883],[75.499837,36.72763],[75.968623,36.341814],[75.971517,36.155004],[76.123756,35.903494],[76.297483,35.809504],[76.443862,35.86329],[76.709043,35.69405],[76.896422,35.589612],[77.250819,35.530701],[77.717686,35.475407],[77.02706,35.062099],[76.782011,34.930892],[76.399915,34.750748],[75.873952,34.571379],[75.236885,34.631892],[73.962234,34.668169],[73.840381,34.44441],[73.93774,34.304212],[73.945801,34.009786],[74.212555,33.878424],[73.968332,33.662081],[74.017838,33.279494],[74.322006,32.972045],[74.418951,32.784615],[74.653562,32.837428],[74.629584,32.588089],[75.023668,32.466262],[75.29807,32.159795],[75.110278,32.07763],[74.955662,32.032206],[74.657179,31.895677],[74.516206,31.737392],[74.61191,31.440201],[74.536773,31.115156],[74.534809,30.97625],[74.353632,30.901112],[74.266712,30.788354],[74.132663,30.655494],[73.98983,30.487804],[73.845239,30.35696],[73.327441,29.80521],[72.658541,28.911001],[71.908303,28.135571],[71.150675,27.822411],[70.592879,27.964496],[70.267731,27.945272],[69.507571,27.050081],[70.158074,26.530113],[70.078285,26.099648],[70.264579,25.697296],[70.654478,25.39659],[70.915237,24.946618],[70.981899,24.52853],[71.073057,24.402103],[70.844543,24.288286],[70.545647,24.362183],[70.242565,24.330609],[69.714587,24.168578],[69.007808,24.264567],[68.848903,24.244025],[68.431564,23.967143],[68.325989,23.927791],[68.253746,23.90278],[68.172808,23.815424],[68.21757,23.358773],[68.720752,22.273979],[70.700938,20.503645],[72.371845,21.251096],[72.482277,19.553103],[72.968922,17.265803],[73.701231,15.036236],[74.615894,12.778997],[75.95487,10.139634],[77.528783,7.857689],[79.099997,9.054537],[79.492866,8.032312],[80.370312,5.73591],[81.961852,7.759541],[80.31886,10.020467],[80.312965,12.305642],[80.394903,14.619732],[81.05678,15.55946],[82.505588,16.075642],[82.505737,11.083899],[82.505899,5.629354],[82.506062,0.174808],[82.506209,-4.825192],[82.506373,-10.279737],[82.506533,-15.734282],[82.506664,-20.670645],[82.506808,-26.125191],[82.50695,-31.579736],[82.507075,-36.416101],[82.507221,-41.870646],[82.507365,-47.325192],[82.507495,-52.325192],[82.507637,-57.779737],[82.507785,-63.234283],[82.203457,-67.489665],[79.245632,-67.924169],[77.782267,-68.625017],[76.735848,-69.050905],[75.207862,-69.622476],[74.619451,-69.604969],[71.073101,-68.693857],[70.084006,-67.677454],[67.89475,-67.646888],[67.511696,-63.251125],[67.511696,-58.251125],[67.511696,-52.79658],[67.511689,-47.342034],[67.511688,-42.342034],[67.511688,-36.860217],[67.511688,-31.405672],[67.511688,-26.405672],[67.511688,-20.811455],[67.511688,-15.356909],[67.511688,-9.902364],[67.511688,-4.902364],[67.511688,0.552182],[67.511688,6.006727],[67.511688,11.190601],[67.511688,16.604218],[67.512707,22.199991],[66.823515,24.62511],[65.894076,25.201947],[63.659886,25.045058],[62.076959,24.912206],[61.639059,25.554927],[61.739311,25.803284],[61.857133,26.242379],[62.265119,26.360976],[62.306977,26.51368],[62.428003,26.564788],[62.724729,26.615121],[63.123464,26.629435],[63.25648,26.906162],[63.285573,27.184647],[63.056182,27.243196],[62.742351,27.266812],[62.799712,27.63927],[62.492288,28.300703],[62.147503,28.475266],[61.623969,28.78765],[61.4708,29.047866],[61.408582,29.148558],[61.337372,29.374384],[61.030621,29.802161],[62.029629,29.521636],[62.876451,29.440581],[63.568605,29.497477],[65.036371,29.540162],[65.762063,29.724905],[66.336808,29.952023],[66.321822,30.437368],[66.550025,30.976973],[67.016818,31.309149],[67.136759,31.241092],[67.602157,31.271116],[67.631406,31.4001],[67.781165,31.564173],[68.060476,31.725558],[68.276948,31.763592],[68.422211,31.773152],[68.705449,31.70127],[69.084754,31.715791],[69.259989,32.236819],[69.413933,32.635477],[69.376313,32.771877],[69.60834,33.079067],[69.994725,33.127333],[70.233005,33.432612],[70.170218,33.638671],[69.947234,33.771971],[69.873853,33.986325],[70.49149,33.939609],[70.977145,34.027407],[71.09688,34.244345],[70.96867,34.549727],[71.189535,34.737054],[71.493444,34.994144],[71.633694,35.203124],[71.581708,35.493132],[71.515355,35.701491],[71.416705,35.858846],[71.165919,36.045708],[71.382443,36.218566],[71.580364,36.402327],[71.791514,36.421292],[72.038838,36.580456],[72.149632,36.689338],[72.695852,36.836719],[73.223468,36.874339],[73.834077,36.882866],[74.211728,36.895139],[74.537393,36.962241],[74.692216,37.03588]],[[72.719367,7.713997],[73.023295,7.682277],[73.327222,7.650556],[73.665066,7.696169],[74.002909,7.741782],[74.002328,8.193426],[74.001746,8.645069],[74.001164,9.096713],[74.000582,9.548356],[74,10],[74,10.416667],[74,10.833333],[74,11.25],[74,11.666667],[74,12.083333],[74,12.5],[73.583333,12.5],[73.166667,12.5],[72.75,12.5],[72.333333,12.5],[71.916667,12.5],[71.5,12.5],[71.5,12.083333],[71.5,11.666667],[71.5,11.25],[71.5,10.833333],[71.5,10.416667],[71.5,10],[71.50043,9.580687],[71.50086,9.161375],[71.50129,8.742062],[71.50172,8.322749],[71.50215,7.903437],[71.907889,7.84029],[72.313628,7.777144],[72.719367,7.713997]],[[70.902832,-2.779846],[70.903126,-3.254405],[70.903421,-3.728965],[70.903716,-4.203524],[70.90401,-4.678084],[70.904305,-5.152643],[70.9046,-5.627203],[70.904895,-6.101762],[70.905189,-6.576322],[70.905484,-7.050881],[70.905779,-7.525441],[70.906073,-8],[71.203037,-8],[71.5,-8],[72,-8],[72.5,-8],[73,-8],[73,-7.625],[73,-7.25],[73,-6.875],[73,-6.5],[73,-6.074719],[73,-5.649438],[73,-5.224158],[73,-4.798877],[73,-4.373596],[73,-3.948315],[73.000058,-3.504596],[73.000116,-3.060876],[72.59873,-2.981953],[72.216922,-2.8805],[71.835115,-2.779047],[71.368973,-2.779446],[70.902832,-2.779846]]]}},{"type":"Feature","properties":{"objectid":36,"scalerank":6,"featurecla":"Timezone","name":"+12.75","map_color6":2,"map_color8":1,"note":null,"zone":12.75,"utc_format":"UTC+12:45","time_zone":"UTC+12:45","iso_8601":"2012-05-31T17:18:50+12:45","places":"Chatham Islands","dst_places":"Chatham Islands","tz_name1st":"Pacific/Chatham","tz_namesum":1},"bbox":[-177.5,-45.000354,-175.000036,-43],"geometry":{"type":"Polygon","coordinates":[[[-175.000036,-45.000354],[-175.500029,-45.000283],[-176.000022,-45.000212],[-176.500014,-45.000141],[-177,-45.000071],[-177.5,-45],[-177.5,-44.5],[-177.5,-44],[-177.5,-43.5],[-177.5,-43],[-177,-43.000064],[-176.500014,-43.000128],[-176.000022,-43.000192],[-175.500029,-43.000257],[-175.000036,-43.000321],[-175.000036,-43.400327],[-175.000036,-43.800334],[-175.000036,-44.200341],[-175.000036,-44.600347],[-175.000036,-45.000354]]]}},{"type":"Feature","properties":{"objectid":25,"scalerank":6,"featurecla":"Timezone","name":"+6","map_color6":6,"map_color8":8,"note":null,"zone":6,"utc_format":"UTC+06:00","time_zone":"UTC+06:00","iso_8601":"2012-05-31T10:33:50+06:00","places":"Bangladesh","dst_places":null,"tz_name1st":"Asia/Dhaka","tz_namesum":1},"bbox":[82.505574,-67.42845,97.519761,26.623544],"geometry":{"type":"Polygon","coordinates":[[[88.506825,26.487635],[88.611521,26.430843],[88.667435,26.368159],[88.645834,26.27602],[88.855641,26.265116],[89.0116,26.269199],[88.941217,26.340099],[88.959303,26.428569],[89.054078,26.353948],[89.068857,26.314261],[89.212621,26.098977],[89.351476,25.996864],[89.426355,25.994952],[89.528416,25.957125],[89.603864,26.084662],[89.569395,26.130086],[89.606396,26.211011],[89.670371,26.154115],[89.751141,26.071536],[89.808864,25.995107],[89.825607,25.965703],[89.801526,25.724684],[89.807365,25.304503],[90.50138,25.168801],[90.732684,25.166889],[90.975149,25.167819],[91.480752,25.135263],[91.596197,25.128907],[91.710712,25.144668],[92.001753,25.18296],[92.138593,25.1364],[92.233677,25.084956],[92.412271,24.987391],[92.491336,24.912279],[92.358321,24.853652],[92.233781,24.777533],[92.110894,24.514293],[91.971368,24.329679],[91.884345,24.175554],[91.796598,24.221598],[91.666167,24.155917],[91.581831,24.096101],[91.327066,23.987865],[91.212758,23.88074],[91.141754,23.739896],[91.136276,23.629515],[91.229707,23.461179],[91.272909,23.338499],[91.374608,23.095723],[91.436207,23.215716],[91.463595,23.184116],[91.523643,22.995213],[91.602398,22.952967],[91.667614,22.982629],[91.75598,23.061539],[91.779028,23.131767],[91.905118,23.446632],[91.949147,23.709768],[92.150788,23.731653],[92.250007,23.642615],[92.326901,23.396015],[92.352223,23.298837],[92.359871,22.926612],[92.491543,22.71107],[92.575568,22.143301],[92.593035,21.886934],[92.633756,21.282216],[92.465394,21.359834],[92.322664,21.461895],[92.178073,21.280149],[92.224272,21.093184],[92.314143,20.723768],[92.866092,19.672775],[93.383662,19.094318],[93.552999,18.484791],[94.108423,18.343258],[94.166675,16.948994],[94.350054,15.631358],[95.579609,15.573354],[97.004392,16.627248],[97.485174,15.781918],[97.519657,13.43309],[97.229004,11.803123],[97.519472,10.137169],[97.496616,8.463966],[97.519209,5.455028],[96.135985,5.517568],[94.869471,5.897568],[95.064462,5.123955],[96.702362,3.517807],[97.456121,2.515216],[96.784503,2.340147],[95.81377,3.148788],[95.867471,2.397328],[96.857836,1.393805],[97.135758,0.716763],[97.518909,0.12354],[97.513839,-3.345548],[97.513839,-7.623137],[97.513839,-11.259501],[97.080681,-12.821282],[97.513839,-15.644427],[97.513839,-19.735336],[97.513839,-23.826245],[97.513839,-27.462609],[97.513839,-31.553518],[97.513839,-35.644427],[97.513839,-39.28079],[97.513839,-43.3717],[97.513839,-47.402003],[97.513839,-51.008063],[97.513839,-55.098972],[97.513839,-58.735336],[97.513839,-62.826245],[97.443938,-66.180885],[96.449239,-65.872713],[95.921316,-66.25566],[94.862588,-66.304383],[93.793902,-66.424534],[92.472582,-66.379524],[91.029652,-66.403011],[89.086253,-66.613088],[87.231365,-66.711677],[86.482877,-66.489009],[85.377074,-66.361776],[84.607204,-66.628591],[84.350601,-66.937621],[83.141837,-67.281113],[82.507858,-66.026092],[82.50776,-62.325192],[82.507648,-58.234283],[82.507554,-54.597919],[82.507448,-50.50701],[82.507342,-46.416101],[82.507246,-42.779737],[82.507133,-38.688828],[82.507028,-34.597919],[82.506938,-31.125191],[82.506832,-27.034281],[82.506726,-22.943372],[82.506626,-19.307009],[82.50652,-15.279737],[82.506414,-11.643373],[82.50629,-7.552464],[82.506169,-3.461555],[82.506062,0.174808],[82.505938,4.265718],[82.505819,8.356627],[82.505709,11.99299],[82.505588,16.075642],[83.361406,17.433012],[84.809854,18.780197],[86.534432,19.8222],[87.201435,20.839436],[87.874377,21.509118],[89.154774,21.414463],[89.026483,21.883937],[89.04891,22.07886],[89.018628,22.264689],[89.000748,22.420131],[88.952017,22.611903],[88.926231,22.767035],[88.872177,22.926767],[88.945868,23.174349],[88.839621,23.23481],[88.686607,23.271604],[88.731927,23.472625],[88.601289,23.590344],[88.541551,23.638765],[88.577621,23.827616],[88.666505,23.8795],[88.725002,24.038379],[88.678287,24.144651],[88.747482,24.226972],[88.612451,24.292885],[88.098787,24.522484],[88.02179,24.645603],[88.088245,24.796136],[88.120337,24.906775],[88.242758,24.880601],[88.391018,24.99509],[88.550026,25.173142],[88.724537,25.166475],[88.898635,25.169318],[88.982351,25.274892],[88.849026,25.327189],[88.816315,25.437208],[88.723142,25.491417],[88.593589,25.495086],[88.423781,25.592237],[88.127726,25.774914],[88.074396,25.908135],[88.150981,26.066989],[88.205654,26.166414],[88.332933,26.267235],[88.448637,26.353431],[88.37691,26.475336],[88.313865,26.481537],[88.395927,26.599566],[88.49866,26.49487]],[[91.997413,6.500017],[91.995502,6.003478],[91.99359,5.506939],[91.991679,5.010401],[91.989767,4.513862],[91.987855,4.017323],[92.398611,4.027778],[92.725278,4.308611],[93.015791,4.648526],[93.306303,4.988442],[93.594649,5.325821],[93.882994,5.6632],[94.171339,6.000579],[94.345105,6.202458],[94.431825,6.316211],[94.632947,6.641575],[94.634028,7.13436],[94.635109,7.627144],[94.63619,8.119929],[94.637271,8.612714],[94.638352,9.105499],[94.639433,9.598284],[94.640514,10.091069],[94.641595,10.583854],[94.642676,11.076639],[94.643757,11.569424],[94.644838,12.062208],[94.645919,12.554993],[94.647,13.047778],[94.641682,13.423889],[94.636364,13.8],[94.524469,13.8],[94.178901,13.8],[93.833333,13.8],[93.683056,13.571667],[93.408889,13.695694],[93.134722,13.819722],[92.769722,14.057361],[92.404722,14.295],[92.003767,14.587816],[92.002708,14.125298],[92.001649,13.66278],[92.00059,13.200261],[91.999531,12.737743],[91.998472,12.275224],[91.997413,11.812706],[91.997413,11.329734],[91.997413,10.846763],[91.997413,10.363791],[91.997413,9.880819],[91.997413,9.397847],[91.997413,8.914876],[91.997413,8.431904],[91.997413,7.948932],[91.997413,7.46596],[91.997413,6.982989],[91.997413,6.500017]]]}},{"type":"Feature","properties":{"objectid":29,"scalerank":6,"featurecla":"Timezone","name":"+9","map_color6":3,"map_color8":3,"note":null,"zone":9,"utc_format":"UTC+09:00","time_zone":"UTC+09:00","iso_8601":"2012-05-31T13:33:50+09:00","places":"Arctic Ocean","dst_places":null,"tz_name1st":null,"tz_namesum":0},"bbox":[127.504461,79.998476,142.519409,90],"geometry":{"type":"Polygon","coordinates":[[[127.504461,90],[127.945153,90],[128.386798,90],[128.828442,90],[129.270086,90],[129.71173,90],[130.153374,90],[130.595018,90],[131.036662,90],[131.478306,90],[131.91995,90],[132.361595,90],[132.803239,90],[133.244883,90],[133.686527,90],[134.128171,90],[134.569815,90],[135.011459,90],[135.453103,90],[135.894748,90],[136.336392,90],[136.778036,90],[137.21968,90],[137.661324,90],[138.102968,90],[138.544612,90],[138.986256,90],[139.4279,90],[139.869545,90],[140.311189,90],[140.752833,90],[141.194477,90],[141.636121,90],[142.077765,90],[142.519409,90],[142.519409,89.536364],[142.519409,89.072727],[142.519409,88.609091],[142.519409,88.145455],[142.519409,87.681819],[142.519409,87.218182],[142.519409,86.754546],[142.519409,86.29091],[142.519409,85.827274],[142.519409,85.363637],[142.519409,84.900001],[142.519409,84.409849],[142.519409,83.919696],[142.519409,83.429544],[142.519409,82.939391],[142.519409,82.449239],[142.519409,81.959086],[142.519409,81.468934],[142.519409,80.978781],[142.519409,80.488629],[142.519409,79.998476],[142.019682,79.998476],[141.519955,79.998476],[141.020228,79.998476],[140.520501,79.998476],[140.020774,79.998476],[139.521046,79.998476],[139.021319,79.998476],[138.521592,79.998476],[138.021865,79.998476],[137.522138,79.998476],[137.022411,79.998476],[136.522684,79.998476],[136.022956,79.998476],[135.523229,79.998476],[135.023502,79.998476],[134.523775,79.998476],[134.024048,79.998476],[133.524321,79.998476],[133.024594,79.998476],[132.524866,79.998476],[132.025139,79.998476],[131.525412,79.998476],[131.025685,79.998476],[130.525958,79.998476],[130.026231,79.998476],[129.526504,79.998476],[129.026776,79.998476],[128.527049,79.998476],[128.027322,79.998476],[127.527595,79.998476],[127.532952,80],[127.531988,80.386849],[127.531025,80.773699],[127.530062,81.160548],[127.531746,81.160919],[127.530219,81.638839],[127.528692,82.116759],[127.527165,82.594679],[127.525638,83.072599],[127.524111,83.550518],[127.52299,84.000354],[127.52187,84.450189],[127.52075,84.900024],[127.519269,85.363658],[127.517788,85.827292],[127.516308,86.290927],[127.514827,86.754561],[127.513346,87.218195],[127.511865,87.681829],[127.510384,88.145463],[127.508904,88.609097],[127.507423,89.072732],[127.505942,89.536366],[127.504461,90]]]}},{"type":"Feature","properties":{"objectid":23,"scalerank":6,"featurecla":"Timezone","name":"+5.5","map_color6":3,"map_color8":3,"note":null,"zone":5.5,"utc_format":"UTC+05:30","time_zone":"UTC+05:30","iso_8601":"2012-05-31T10:03:50+05:30","places":"India (Laccadive Is.)","dst_places":null,"tz_name1st":null,"tz_namesum":0},"bbox":[71.5,7.650556,74.002909,12.5],"geometry":{"type":"Polygon","coordinates":[[[74,10],[74.000582,9.548356],[74.001164,9.096713],[74.001746,8.645069],[74.002328,8.193426],[74.002909,7.741782],[73.665066,7.696169],[73.327222,7.650556],[73.023295,7.682277],[72.719367,7.713997],[72.313628,7.777144],[71.907889,7.84029],[71.50215,7.903437],[71.50172,8.322749],[71.50129,8.742062],[71.50086,9.161375],[71.50043,9.580687],[71.5,10],[71.5,10.416667],[71.5,10.833333],[71.5,11.25],[71.5,11.666667],[71.5,12.083333],[71.5,12.5],[71.916667,12.5],[72.333333,12.5],[72.75,12.5],[73.166667,12.5],[73.583333,12.5],[74,12.5],[74,12.083333],[74,11.666667],[74,11.25],[74,10.833333],[74,10.416667],[74,10]]]}},{"type":"Feature","properties":{"objectid":27,"scalerank":6,"featurecla":"Timezone","name":"+7","map_color6":5,"map_color8":1,"note":null,"zone":7,"utc_format":"UTC+07:00","time_zone":"UTC+07:00","iso_8601":"2012-05-31T11:33:50+07:00","places":"Jakarta, Thailand, Vietnam","dst_places":null,"tz_name1st":"Asia/Jakarta","tz_namesum":9},"bbox":[94.805696,-66.734918,116.320938,23.366252],"geometry":{"type":"Polygon","coordinates":[[[105.389515,23.275428],[105.534829,23.136263],[105.765823,22.995471],[105.913204,22.92439],[106.255405,22.854653],[106.610371,22.85287],[106.746043,22.797188],[106.631011,22.580122],[106.541796,22.345097],[106.658378,22.120098],[106.723305,22.006978],[106.920378,21.916958],[107.023731,21.804097],[107.383833,21.618888],[107.551454,21.610768],[107.86771,21.589226],[108.099361,21.463917],[108.901969,21.160188],[109.467942,21.212996],[108.57456,19.548588],[109.268862,18.088113],[110.910074,19.275049],[110.816822,21.070903],[112.500527,20.426346],[112.513108,14.257192],[112.504046,6.74975],[105.550537,6.257097],[101.959388,6.011598],[101.763815,5.749547],[101.635037,5.855587],[101.236642,5.741666],[101.00924,5.725712],[101.089954,6.046609],[101.023635,6.241113],[100.825526,6.25148],[100.752467,6.448819],[100.468183,6.513221],[100.251741,6.701091],[100.157173,6.603526],[100.047023,6.384333],[99.74046,5.961013],[100.006957,5.153721],[101.089468,2.784745],[102.760832,1.627211],[104.032267,1.269778],[105.277547,5.011058],[109.907409,2.998941],[109.555617,1.802165],[109.781864,1.45647],[109.976263,1.287726],[110.287274,0.995341],[110.624803,0.893125],[110.745747,0.905062],[110.974364,1.017717],[111.503962,0.958822],[112.054103,1.133632],[112.320018,1.511743],[112.837402,1.576055],[112.991687,1.456966],[113.323656,1.351391],[113.892118,1.434952],[114.191149,1.330152],[113.989818,1.06438],[113.87462,0.896072],[113.917677,0.736441],[113.928654,0.599395],[114.236831,0.621616],[114.867305,0.711481],[115.033165,0.677272],[114.967949,0.364216],[115.019832,0.069557],[114.996418,-0.179378],[115.249504,0.02744],[115.284106,-0.185156],[115.421358,-0.786257],[115.655246,-0.994306],[115.785802,-1.091768],[115.66674,-1.360744],[115.353559,-1.8557],[114.879996,-2.274641],[114.868627,-2.514988],[114.661095,-2.783602],[114.154331,-3.876653],[116.320938,-7.548673],[114.259947,-9.636482],[112.500396,-14.636482],[112.500396,-21.454664],[112.500396,-28.272846],[112.500396,-35.091027],[112.500399,-41.554655],[112.500404,-48.827382],[112.500412,-55.676475],[112.500412,-62.936479],[110.478151,-66.013394],[108.99236,-66.727461],[106.689295,-66.254651],[103.480865,-65.779066],[103.425526,-65.078762],[102.529687,-65.364025],[101.405324,-65.750771],[99.913142,-65.487459],[99.445463,-66.386699],[97.646363,-66.239902],[97.513839,-60.098972],[97.513839,-53.280791],[97.513839,-46.068669],[97.513839,-39.28079],[97.513839,-32.462609],[97.513839,-25.644427],[97.513839,-18.826245],[97.513839,-12.040963],[97.513839,-5.288183],[97.486469,0.523997],[96.857836,1.393805],[95.675563,3.115249],[97.036206,2.415559],[96.105233,3.888445],[94.998172,5.969737],[97.24794,5.426592],[97.519399,8.83285],[98.389604,9.933488],[98.776534,10.462102],[98.883607,10.799187],[98.982619,10.928946],[99.151705,11.047673],[99.377634,11.435505],[99.630022,11.815766],[99.537624,12.100865],[99.459386,12.217085],[99.400268,12.497481],[99.256298,12.709458],[99.157906,12.935956],[99.133204,13.195165],[99.149534,13.665989],[99.057137,13.894088],[98.706977,14.269983],[98.452832,14.528055],[98.214914,14.943172],[98.215431,15.218865],[98.377488,15.296458],[98.530244,15.347721],[98.583781,15.976959],[98.679589,16.126149],[98.888672,16.274563],[98.663259,16.286656],[98.51226,16.643275],[98.49004,16.843211],[98.417899,17.029039],[98.221012,17.20076],[97.996116,17.480795],[97.696496,17.806563],[97.722128,18.048925],[97.680373,18.15264],[97.508084,18.27656],[97.388918,18.542228],[97.759748,18.622792],[97.689055,18.949749],[97.777318,19.278618],[97.844291,19.504521],[98.005625,19.705646],[98.237548,19.664692],[98.568278,19.699987],[98.973834,19.78807],[99.036466,20.075158],[99.520571,20.170966],[99.642217,20.308839],[99.942044,20.444025],[100.097642,20.334936],[100.21133,20.697394],[100.626602,20.853509],[100.625516,21.054117],[100.851342,21.314772],[101.179126,21.398178],[101.220364,21.233692],[101.5729,21.228163],[101.717905,21.134473],[101.814251,21.209559],[101.745211,21.495588],[101.750069,21.698057],[101.639068,21.940884],[101.551941,22.276678],[101.646044,22.424214],[101.882464,22.412173],[102.119607,22.397549],[102.383415,22.630816],[102.44367,22.765175],[102.606119,22.696704],[102.956537,22.459715],[103.145643,22.555782],[103.387518,22.745176],[103.545515,22.691019],[103.844183,22.599294],[103.98833,22.540176],[104.214148,22.824996],[104.469593,22.764865],[104.610599,22.822911],[104.798875,23.085569],[105.016639,23.206827],[105.190531,23.252199],[105.389515,23.275428]]]}},{"type":"Feature","properties":{"objectid":23,"scalerank":6,"featurecla":"Timezone","name":"+5.5","map_color6":3,"map_color8":3,"note":null,"zone":5.5,"utc_format":"UTC+05:30","time_zone":"UTC+05:30","iso_8601":"2012-05-31T10:03:50+05:30","places":"India (Andaman Is.)","dst_places":null,"tz_name1st":null,"tz_namesum":0},"bbox":[91.987855,4.017323,94.647,14.587816],"geometry":{"type":"Polygon","coordinates":[[[94.431825,6.316211],[94.345105,6.202458],[94.171339,6.000579],[93.882127,5.662186],[93.592915,5.323792],[93.303702,4.985398],[93.01449,4.647005],[92.725278,4.308611],[92.398611,4.027778],[91.987855,4.017323],[91.989767,4.513862],[91.991679,5.010401],[91.99359,5.506939],[91.995502,6.003478],[91.997413,6.500017],[91.997413,6.982989],[91.997413,7.46596],[91.997413,7.948932],[91.997413,8.431904],[91.997413,8.914876],[91.997413,9.397847],[91.997413,9.880819],[91.997413,10.363791],[91.997413,10.846763],[91.997413,11.329734],[91.997413,11.812706],[91.998472,12.275224],[91.999531,12.737743],[92.00059,13.200261],[92.001649,13.66278],[92.002708,14.125298],[92.003767,14.587816],[92.404722,14.295],[92.769722,14.057361],[93.134722,13.819722],[93.408889,13.695694],[93.683056,13.571667],[93.833333,13.8],[94.234848,13.8],[94.636364,13.8],[94.641682,13.423889],[94.647,13.047778],[94.645919,12.554993],[94.644838,12.062208],[94.643757,11.569424],[94.642676,11.076639],[94.641595,10.583854],[94.640514,10.091069],[94.639433,9.598284],[94.638352,9.105499],[94.637271,8.612714],[94.63619,8.119929],[94.635109,7.627144],[94.634028,7.13436],[94.632947,6.641575],[94.431825,6.316211]]]}},{"type":"Feature","properties":{"objectid":23,"scalerank":6,"featurecla":"Timezone","name":"+5.5","map_color6":3,"map_color8":3,"note":null,"zone":5.5,"utc_format":"UTC+05:30","time_zone":"UTC+05:30","iso_8601":"2012-05-31T10:03:50+05:30","places":"India, Sri Lanka","dst_places":null,"tz_name1st":"Asia/Kolkata","tz_namesum":1},"bbox":[67.961954,5.717801,97.362253,35.495306],"geometry":{"type":"Polygon","coordinates":[[[77.857087,35.436598],[78.273186,34.658867],[78.806073,34.122983],[79.088002,33.215827],[79.448721,32.795622],[79.102902,32.449855],[78.741602,32.578684],[78.448162,32.410658],[78.741994,31.945338],[78.75815,31.666567],[78.82263,31.293631],[79.10559,31.406198],[79.234987,31.223418],[79.46164,31.021105],[79.76064,30.977232],[80.224591,30.734094],[80.180791,30.559479],[80.781663,30.320993],[80.829825,30.117129],[80.354402,29.70488],[80.282055,29.4843],[80.236063,29.213076],[80.033905,28.915936],[80.318332,28.640113],[80.581365,28.638951],[80.941188,28.432684],[81.307057,28.123814],[81.59536,27.994726],[82.270409,27.760477],[83.169631,27.431195],[83.590432,27.45662],[84.028907,27.453726],[84.648197,27.240716],[84.938567,26.9366],[85.353219,26.757593],[85.809728,26.603028],[86.17446,26.593313],[86.510616,26.520139],[86.972448,26.531973],[87.258425,26.36294],[87.749455,26.425727],[88.074189,26.453942],[88.096824,26.959337],[88.015795,27.364222],[88.154598,27.815151],[88.379722,27.982634],[88.780141,28.028342],[88.757559,27.511448],[88.738438,27.179789],[88.942767,26.913707],[89.300161,26.844409],[89.817287,26.696201],[90.127191,26.751392],[91.127078,26.800898],[91.520646,26.79759],[91.895507,26.868284],[92.002994,27.172606],[91.779648,27.418844],[91.773872,27.763784],[92.210961,27.806263],[92.350053,27.802542],[92.629437,27.915765],[92.785375,28.183294],[93.15633,28.494851],[93.447165,28.671894],[93.888585,28.795117],[94.008784,28.956322],[94.475939,29.210802],[94.965914,29.130187],[95.281553,29.052672],[95.516289,29.209433],[95.729093,29.333172],[96.150957,29.354075],[96.183514,29.123779],[96.320271,29.024819],[96.565713,28.728273],[96.237981,28.405502],[96.420523,28.403797],[96.965791,28.330468],[97.292903,28.095082],[97.198025,27.873261],[96.883523,27.636325],[97.111726,27.148835],[96.842698,27.188522],[96.614185,27.348409],[95.777957,26.995149],[95.278969,26.652948],[95.054384,26.494921],[95.078361,26.171324],[94.969014,25.725614],[94.630533,25.42739],[94.581544,24.73012],[94.328743,24.394481],[94.13506,23.919006],[93.612404,24.009052],[93.368285,24.07848],[93.430297,23.680339],[93.272787,23.00591],[93.070835,22.69288],[93.123545,22.230686],[92.968413,22.036175],[92.862063,21.995403],[92.627555,22.012353],[92.500844,22.560536],[92.356874,23.289122],[92.261686,23.685119],[91.916487,23.709872],[91.776237,23.06526],[91.616661,22.978056],[91.470416,23.153291],[91.370887,23.062779],[91.203352,23.487921],[91.205213,23.771573],[91.480442,24.088014],[91.732933,24.234284],[91.948837,24.363527],[92.235021,24.824765],[92.458056,24.953284],[92.164741,25.133557],[91.71774,25.149836],[91.471036,25.133919],[90.707672,25.152988],[89.82323,25.489143],[89.809329,25.99521],[89.677709,26.153133],[89.585777,26.122903],[89.495343,25.995055],[89.272979,26.043476],[89.071855,26.340616],[88.912433,26.348935],[88.840654,26.232043],[88.652242,26.391517],[88.446467,26.535539],[88.353552,26.484586],[88.332933,26.267235],[88.157905,26.050452],[88.227462,25.804266],[88.69565,25.483614],[88.841998,25.332822],[88.898635,25.169318],[88.491838,25.191125],[88.20245,24.9453],[88.048455,24.711206],[88.5631,24.308207],[88.678287,24.144651],[88.633949,23.866141],[88.564392,23.616208],[88.719266,23.348292],[88.954704,23.183806],[88.926231,22.767035],[88.989482,22.39667],[89.076454,21.992457],[88.227484,21.345575],[86.607452,19.897003],[83.361406,17.433012],[80.888672,15.513915],[80.500466,12.972683],[80.939095,9.461441],[80.571204,5.717801],[79.713421,8.829986],[77.220169,7.938806],[74.857192,12.226055],[73.415559,15.741872],[72.426931,19.805922],[71.195424,20.561456],[68.8699,22.611567],[68.172808,23.815424],[68.277672,23.933501],[68.724466,23.965179],[68.962643,24.257228],[70.087174,24.28255],[70.555362,24.327018],[71.007118,24.363966],[70.954821,24.584521],[70.654478,25.39659],[70.083246,25.929943],[70.056064,26.589076],[70.101953,27.81174],[70.671738,27.791095],[71.988195,28.228097],[73.177993,29.443449],[73.906114,30.394838],[74.132663,30.655494],[74.304022,30.874034],[74.564265,31.025032],[74.583695,31.40656],[74.53698,31.775736],[74.967858,32.037891],[75.249908,32.148892],[74.83815,32.474866],[74.653562,32.837428],[74.322936,32.830529],[74.085121,33.314324],[74.177518,33.857547],[73.976704,34.161559],[73.845549,34.456477],[75.111001,34.633649],[75.98671,34.636027],[76.782011,34.930892],[77.857087,35.436598]]]}},{"type":"Feature","properties":{"objectid":22,"scalerank":6,"featurecla":"Timezone","name":"+5","map_color6":1,"map_color8":7,"note":null,"zone":5,"utc_format":"UTC+05:00","time_zone":"UTC+05:00","iso_8601":"2012-05-31T09:33:50+05:00","places":"Tajikistan","dst_places":null,"tz_name1st":null,"tz_namesum":0},"bbox":[70.482602,39.766566,70.706412,39.882218],"geometry":{"type":"Polygon","coordinates":[[[70.619906,39.850695],[70.654994,39.849765],[70.68662,39.860876],[70.698919,39.858447],[70.706412,39.839998],[70.70481,39.822067],[70.694527,39.814832],[70.661609,39.809819],[70.63298,39.79845],[70.581614,39.766566],[70.575878,39.77008],[70.547301,39.807649],[70.537379,39.817312],[70.503479,39.835502],[70.490147,39.850179],[70.482602,39.866767],[70.483739,39.882218],[70.498725,39.881908],[70.56745,39.864206],[70.568056,39.86405],[70.619906,39.850695]]]}},{"type":"Feature","properties":{"objectid":22,"scalerank":6,"featurecla":"Timezone","name":"+5","map_color6":1,"map_color8":7,"note":null,"zone":5,"utc_format":"UTC+05:00","time_zone":"UTC+05:00","iso_8601":"2012-05-31T09:33:50+05:00","places":"Uzbekistan","dst_places":null,"tz_name1st":null,"tz_namesum":0},"bbox":[71.665527,39.90077,71.789757,39.989705],"geometry":{"type":"Polygon","coordinates":[[[71.757304,39.903095],[71.741801,39.90077],[71.71617,39.906764],[71.696843,39.913844],[71.675345,39.925781],[71.665527,39.940199],[71.681753,39.955082],[71.706868,39.956115],[71.724128,39.962678],[71.735615,39.9693],[71.738767,39.971117],[71.760612,39.98371],[71.78552,39.989705],[71.789757,39.979318],[71.767123,39.915446],[71.757304,39.903095]]]}},{"type":"Feature","properties":{"objectid":22,"scalerank":6,"featurecla":"Timezone","name":"+5","map_color6":1,"map_color8":7,"note":null,"zone":5,"utc_format":"UTC+05:00","time_zone":"UTC+05:00","iso_8601":"2012-05-31T09:33:50+05:00","places":"Uzbekistan","dst_places":null,"tz_name1st":null,"tz_namesum":0},"bbox":[70.952961,39.874466,71.244002,40.157757],"geometry":{"type":"Polygon","coordinates":[[[71.169382,40.042828],[71.176926,40.042001],[71.181887,40.043397],[71.192946,40.05027],[71.198217,40.052595],[71.223745,40.057866],[71.236354,40.056057],[71.244002,40.046756],[71.237284,40.031098],[71.190982,40.006241],[71.174704,39.993994],[71.17703,39.968156],[71.221058,39.931724],[71.219094,39.900925],[71.208449,39.888781],[71.1946,39.884802],[71.16101,39.884233],[71.113674,39.874466],[71.098895,39.8755],[71.087216,39.88382],[71.084787,39.894827],[71.079981,39.903405],[71.060964,39.904129],[71.049802,39.897979],[71.036056,39.887541],[71.021897,39.880823],[71.009288,39.885732],[71.007634,39.911157],[71.050371,39.962885],[71.045823,39.99203],[71.034299,39.99911],[71.007634,40.003503],[70.994509,40.008877],[70.98314,40.021383],[70.972411,40.039495],[70.962636,40.055999],[70.955697,40.071154],[70.952961,40.079208],[70.954046,40.095797],[70.959885,40.113418],[70.977145,40.144579],[71.008564,40.157757],[71.031199,40.146905],[71.047942,40.122513],[71.06174,40.095176],[71.078844,40.07864],[71.105975,40.064946],[71.162043,40.046911],[71.165454,40.044637],[71.169382,40.042828]]]}},{"type":"Feature","properties":{"objectid":22,"scalerank":6,"featurecla":"Timezone","name":"+5","map_color6":1,"map_color8":7,"note":null,"zone":5,"utc_format":"UTC+05:00","time_zone":"UTC+05:00","iso_8601":"2012-05-31T09:33:50+05:00","places":"Kazakhstan (West), Uzbekistan","dst_places":null,"tz_name1st":"Asia/Tashkent","tz_namesum":6},"bbox":[46.478279,35.140647,75.164125,51.774541],"geometry":{"type":"Polygon","coordinates":[[[52.352132,51.730203],[52.692318,51.468436],[52.929203,51.455362],[53.214147,51.494765],[53.610298,51.388415],[53.994047,51.15339],[54.275787,50.904284],[54.407149,50.684814],[54.650958,50.765636],[54.533756,51.003245],[55.329366,50.655152],[55.764895,50.586836],[56.432038,50.976218],[56.694554,51.063499],[57.168221,51.093782],[57.467634,50.858499],[57.841771,51.105796],[58.140564,51.056652],[58.398016,51.063706],[58.643893,50.814677],[59.259049,50.620374],[59.522806,50.474646],[59.962159,50.829508],[61.404034,50.802585],[61.935269,51.185558],[62.889733,50.024208],[62.447072,49.050624],[62.842087,47.183864],[60.537835,47.112008],[59.675768,45.029139],[61.168126,44.163085],[62.026115,43.480629],[63.025383,43.605841],[64.757628,43.673614],[65.601866,43.16902],[66.019618,42.416844],[66.481192,41.996637],[66.75789,41.15314],[67.823953,41.159763],[68.008127,41.106743],[68.106623,41.065918],[68.103781,41.011916],[68.069519,40.859833],[68.067504,40.788002],[68.502671,40.609977],[68.601115,40.630028],[68.574605,40.724492],[68.573158,40.880142],[68.65863,40.954711],[68.900838,41.160641],[69.051165,41.343627],[69.109456,41.400678],[69.296834,41.46548],[69.407112,41.552245],[69.927649,41.726317],[70.218587,41.946924],[70.45542,42.093737],[70.57903,42.016248],[70.734266,42.197296],[71.217854,42.206365],[70.506476,41.78559],[70.413614,41.450701],[70.786563,41.24043],[71.164421,41.116199],[71.416085,41.127362],[71.62739,41.543202],[71.729709,41.430082],[72.085243,41.184877],[72.33236,41.072843],[72.619474,40.88009],[73.118048,40.782938],[72.585781,40.508743],[72.414422,40.410713],[72.182705,40.45779],[71.989021,40.239302],[71.667181,40.204162],[71.396551,40.271548],[70.958955,40.238372],[70.729822,40.120705],[70.455627,39.906816],[70.290262,40.098174],[69.509224,40.103445],[69.310322,39.984796],[69.339726,39.528079],[69.710349,39.574071],[70.15735,39.563891],[70.390411,39.57402],[70.655976,39.493714],[70.864181,39.400594],[71.260074,39.520638],[71.526001,39.538156],[71.71834,39.301065],[72.115525,39.268147],[72.355924,39.336101],[72.835275,39.356204],[73.335503,39.415166],[73.682975,39.12875],[73.688969,38.89109],[73.887097,38.559043],[74.095995,38.645756],[74.696453,38.52398],[74.837116,38.445742],[74.89396,37.892262],[74.938609,37.730825],[75.132499,37.418492],[74.886785,37.233624],[74.378126,37.393765],[74.052151,37.312246],[73.680494,37.242457],[73.753462,37.428388],[73.200627,37.404178],[72.714352,37.109984],[71.797612,36.686082],[71.439184,37.044097],[71.490241,37.423376],[71.57468,37.798004],[71.263536,37.924353],[71.217699,38.325827],[70.950739,38.473053],[70.741811,38.419439],[70.559393,38.268182],[70.272692,37.978174],[70.240343,37.827563],[70.253882,37.646592],[70.06919,37.545203],[69.832926,37.596673],[69.421788,37.489496],[69.384478,37.36015],[69.323913,37.120991],[68.985225,37.320359],[68.856758,37.324906],[68.662661,37.263721],[68.418025,37.128277],[68.151995,36.992782],[67.918417,37.013814],[67.666443,37.238012],[67.411265,37.22791],[67.085083,37.349633],[66.519588,37.36418],[66.232525,37.365421],[65.761443,37.578379],[65.628893,37.387538],[64.778764,36.93847],[64.410879,36.239856],[64.045579,36.011291],[63.430216,35.871042],[63.214415,35.699269],[63.036966,35.420636],[62.555437,35.230409],[62.219023,35.30627],[61.386878,35.559536],[61.269676,35.618499],[61.241047,35.893883],[61.198156,36.060797],[61.177278,36.300369],[61.186167,36.552809],[60.238524,36.769746],[59.584611,37.148896],[59.468132,37.235842],[59.312276,37.530346],[58.76926,37.656798],[58.479665,37.644112],[58.181285,37.767928],[57.754748,37.901021],[57.327074,37.994116],[57.174939,38.277561],[56.681532,38.264616],[56.299747,38.080235],[55.510957,38.085842],[55.10354,37.918798],[54.808158,37.610341],[54.364154,37.362682],[52.608948,38.225181],[50.633333,41.943333],[50,42.75],[49.344167,44.333333],[49.951667,46.001667],[49.305982,46.26304],[48.573241,46.55827],[48.697265,46.745081],[48.360955,47.492942],[47.123821,47.808039],[47.192034,48.071796],[47.111832,48.250984],[46.930034,49.004038],[47.327633,50.109294],[47.511497,50.436923],[47.993225,50.181796],[48.227113,49.879489],[48.885677,50.019894],[48.572931,50.61686],[49.347354,50.96428],[50.325383,51.303459],[50.457467,51.426888],[50.685774,51.615636],[50.900748,51.68713],[51.358963,51.561479],[51.609955,51.527734],[51.952518,51.670956],[52.352132,51.730203]]]}},{"type":"Feature","properties":{"objectid":22,"scalerank":6,"featurecla":"Timezone","name":"+5","map_color6":1,"map_color8":7,"note":null,"zone":5,"utc_format":"UTC+05:00","time_zone":"UTC+05:00","iso_8601":"2012-05-31T09:33:50+05:00","places":"Arctic Ocean","dst_places":null,"tz_name1st":null,"tz_namesum":0},"bbox":[67.536751,81.998,82.551003,90],"geometry":{"type":"Polygon","coordinates":[[[70.050401,81.998406],[69.631501,81.998338],[69.2126,81.998271],[68.7937,81.998203],[68.3748,81.998135],[67.9559,81.998068],[67.537,81.998],[67.536876,82.443896],[67.536751,82.889792],[67.536751,82.890282],[67.536751,83.292226],[67.536751,83.69417],[67.536751,84.096114],[67.536751,84.498057],[67.536751,84.900001],[67.536751,85.363637],[67.536751,85.827274],[67.536751,86.29091],[67.536751,86.754546],[67.536751,87.218182],[67.536751,87.681819],[67.536751,88.145455],[67.536751,88.609091],[67.536751,89.072727],[67.536751,89.536364],[67.536751,90],[67.977646,90],[68.41854,90],[68.859434,90],[69.300329,90],[69.741223,90],[70.182118,90],[70.623012,90],[71.063906,90],[71.504801,90],[71.945695,90],[72.386589,90],[72.827484,90],[73.268378,90],[73.709273,90],[74.150167,90],[74.591061,90],[75.031956,90],[75.47285,90],[75.913745,90],[76.354639,90],[76.795533,90],[77.236428,90],[77.677322,90],[78.118216,90],[78.559111,90],[79.000005,90],[79.4409,90],[79.881794,90],[80.322688,90],[80.763583,90],[81.204477,90],[81.645371,90],[82.086266,90],[82.52716,90],[82.52716,89.589043],[82.52716,89.178085],[82.52716,88.767128],[82.52716,88.35617],[82.52716,87.945213],[82.529147,87.449646],[82.531134,86.954079],[82.533121,86.458511],[82.535108,85.962944],[82.537095,85.467377],[82.539082,84.97181],[82.541068,84.476242],[82.543055,83.980675],[82.545042,83.485108],[82.547029,82.989541],[82.549016,82.493973],[82.551003,81.998406],[82.082249,81.998406],[81.613495,81.998406],[81.144741,81.998406],[80.675988,81.998406],[80.207234,81.998406],[79.73848,81.998406],[79.269726,81.998406],[78.800972,81.998406],[78.332218,81.998406],[77.863465,81.998406],[77.394711,81.998406],[76.925957,81.998406],[76.457203,81.998406],[75.988449,81.998406],[75.519696,81.998406],[75.050942,81.998406],[74.997624,81.998406],[74.502902,81.998406],[74.008179,81.998406],[73.513457,81.998406],[73.018735,81.998406],[72.524012,81.998406],[72.02929,81.998406],[71.534568,81.998406],[71.039845,81.998406],[70.545123,81.998406],[70.050401,81.998406]]]}},{"type":"Feature","properties":{"objectid":0,"scalerank":6,"featurecla":"Timezone","name":"+3","map_color6":3,"map_color8":4,"note":null,"zone":3,"utc_format":"UTC+03:00","time_zone":"UTC+03:00","iso_8601":"2012-05-31T07:33:50+03:00","places":"Belarus","dst_places":null,"tz_name1st":"Europe/Minsk","tz_namesum":1},"bbox":[23.165645,51.235168,32.719532,56.156806],"geometry":{"type":"Polygon","coordinates":[[[24.045385,53.930869],[24.229146,53.932368],[24.377871,53.886841],[24.670566,53.994276],[24.788698,53.969678],[24.821358,54.019908],[24.790559,54.096596],[24.817534,54.128222],[25.071989,54.132201],[25.224124,54.25855],[25.472068,54.297152],[25.501678,54.221756],[25.485762,54.175402],[25.653503,54.128739],[25.763057,54.156437],[25.786622,54.242323],[25.748898,54.276326],[25.704766,54.302991],[25.564,54.303146],[25.594696,54.400091],[25.646165,54.520394],[25.715102,54.643229],[25.72461,54.715679],[25.773393,54.803374],[25.782695,54.869675],[25.854835,54.925486],[25.981132,54.942694],[26.229386,55.06341],[26.420278,55.128109],[26.473402,55.145679],[26.641143,55.202833],[26.80072,55.27332],[26.525388,55.308098],[26.486011,55.390832],[26.532106,55.516251],[26.603833,55.643271],[26.743049,55.682856],[27.110779,55.836283],[27.282448,55.791867],[27.564601,55.792229],[27.744435,55.959738],[27.901532,56.089342],[28.06824,56.147582],[28.289828,56.046606],[28.537824,56.097714],[28.680606,56.027382],[28.830881,55.937672],[28.922451,55.992242],[29.224035,55.978186],[29.444435,55.906925],[29.407796,55.893876],[29.371933,55.836386],[29.461023,55.6873],[29.779867,55.763807],[29.988226,55.846799],[30.251517,55.837626],[30.471814,55.770964],[30.5916,55.705697],[30.639142,55.654485],[30.77071,55.591543],[30.899385,55.499146],[30.889101,55.433413],[30.811225,55.323084],[30.856803,55.253476],[30.96119,55.158546],[30.979483,55.134259],[30.973075,55.093951],[30.933491,55.025635],[30.917368,54.953959],[30.827451,54.902541],[30.770607,54.786011],[31.020928,54.673666],[31.064646,54.492282],[31.248717,54.376785],[31.309799,54.244339],[31.583116,54.129514],[31.755767,54.074943],[31.822636,54.053446],[31.839276,53.969782],[31.744656,53.794857],[32.290411,53.760854],[32.442133,53.713932],[32.48058,53.66241],[32.429421,53.56159],[32.569877,53.492395],[32.635713,53.492653],[32.688526,53.462216],[32.681808,53.326798],[32.591891,53.311837],[32.454845,53.300443],[32.423633,53.204402],[32.267983,53.124769],[32.207005,53.105158],[32.126545,53.084229],[31.954721,53.089991],[31.796281,53.112392],[31.674945,53.19523],[31.464002,53.199984],[31.367057,53.098931],[31.247064,53.014388],[31.418113,52.870237],[31.523946,52.811661],[31.547924,52.705699],[31.579033,52.577825],[31.559293,52.540541],[31.565494,52.492637],[31.59035,52.391842],[31.579602,52.318513],[31.68342,52.257199],[31.689517,52.19157],[31.649933,52.096847],[31.252438,52.044499],[31.096324,52.079613],[30.916851,52.032355],[30.915198,51.99259],[30.879024,51.982022],[30.831379,51.9459],[30.797065,51.906729],[30.737224,51.882235],[30.69733,51.850738],[30.669631,51.806064],[30.64617,51.754542],[30.613821,51.702918],[30.563488,51.647314],[30.515119,51.603673],[30.535273,51.575018],[30.567415,51.547268],[30.585399,51.509389],[30.618162,51.467144],[30.587879,51.427353],[30.637489,51.378596],[30.610462,51.317541],[30.550672,51.236796],[30.480702,51.258862],[30.368461,51.297671],[30.330014,51.370354],[30.256892,51.425053],[30.00869,51.482078],[29.873608,51.459186],[29.716511,51.465671],[29.597345,51.473965],[29.495543,51.425648],[29.340565,51.370096],[29.244395,51.447894],[29.214836,51.53546],[29.063218,51.630596],[28.892892,51.562874],[28.749439,51.46686],[28.703963,51.442623],[28.630893,51.46363],[28.488369,51.572021],[28.333857,51.52838],[28.257789,51.601761],[28.21004,51.651965],[28.070824,51.557629],[27.831252,51.612923],[27.796267,51.541532],[27.714256,51.463707],[27.705161,51.568352],[27.458768,51.617496],[27.267462,51.587498],[27.22364,51.653696],[27.184159,51.731443],[26.920816,51.742528],[26.416971,51.830636],[26.080764,51.900657],[25.351971,51.921483],[24.721829,51.882338],[24.347898,51.861151],[24.130754,51.669793],[23.845293,51.629821],[23.616677,51.624783],[23.628666,51.531223],[23.572752,51.539672],[23.539886,51.607109],[23.541436,51.659742],[23.550014,51.692427],[23.556319,51.747359],[23.610269,51.825184],[23.620604,51.883217],[23.647579,51.97409],[23.642515,52.061397],[23.604791,52.106769],[23.488726,52.16214],[23.450485,52.185911],[23.388474,52.184154],[23.284191,52.219734],[23.183525,52.281306],[23.392298,52.509638],[23.922498,52.742596],[23.903894,52.931137],[23.911336,53.00506],[23.870305,53.101256],[23.865964,53.172001],[23.782972,53.270936],[23.564794,53.742405],[23.51043,53.862502],[23.627116,53.89821],[23.794134,53.927097],[24.045385,53.930869]]]}},{"type":"Feature","properties":{"objectid":0,"scalerank":6,"featurecla":"Timezone","name":"+3","map_color6":3,"map_color8":4,"note":null,"zone":3,"utc_format":"UTC+03:00","time_zone":"UTC+03:00","iso_8601":"2012-05-31T07:33:50+03:00","places":"Russia (Kaliningrad Oblast)","dst_places":null,"tz_name1st":"Europe/Kaliningrad","tz_namesum":1},"bbox":[19.385262,54.342937,22.848352,55.427036],"geometry":{"type":"Polygon","coordinates":[[[20.061485,55.170291],[20.282006,55.167099],[20.337394,55.178407],[20.416293,55.226076],[20.575453,55.350347],[20.650773,55.427036],[20.925368,55.28257],[20.989432,55.273139],[21.208658,55.240867],[21.245762,55.244846],[21.267871,55.248377],[21.268086,55.248412],[21.349839,55.287789],[21.37485,55.28996],[21.405546,55.27239],[21.467661,55.211153],[21.503938,55.19441],[21.60512,55.192498],[21.632764,55.18471],[21.645841,55.181026],[21.716224,55.149451],[21.733381,55.136326],[21.750641,55.127954],[21.819887,55.119324],[21.85389,55.102219],[21.873217,55.094933],[21.908564,55.089868],[21.932955,55.080463],[21.942774,55.078293],[21.951352,55.080463],[21.9775,55.091987],[22.003442,55.093486],[22.015431,55.088422],[22.018635,55.077311],[22.018635,55.06093],[22.02773,55.044393],[22.049951,55.033541],[22.076823,55.02858],[22.09987,55.029924],[22.118474,55.037779],[22.129843,55.046977],[22.142658,55.054625],[22.251282,55.070852],[22.436284,55.057777],[22.541084,55.075761],[22.565475,55.067803],[22.580668,55.057622],[22.591623,55.037624],[22.608366,54.992407],[22.621699,54.970031],[22.633481,54.957939],[22.649914,54.952874],[22.706138,54.953133],[22.715543,54.951376],[22.722054,54.94719],[22.729186,54.940369],[22.738798,54.934116],[22.75213,54.931118],[22.740968,54.917631],[22.749236,54.909879],[22.808871,54.893756],[22.821273,54.885488],[22.829335,54.872724],[22.844321,54.832261],[22.848352,54.813813],[22.845768,54.79614],[22.832849,54.778673],[22.817759,54.769165],[22.78665,54.755987],[22.773007,54.742499],[22.764843,54.737125],[22.747273,54.731596],[22.736731,54.726325],[22.728256,54.725085],[22.724845,54.723379],[22.722778,54.718573],[22.724845,54.713767],[22.727532,54.709323],[22.727015,54.705344],[22.705105,54.686534],[22.700867,54.679558],[22.700764,54.669326],[22.706965,54.646485],[22.708102,54.635633],[22.703658,54.617546],[22.681747,54.5699],[22.674616,54.492282],[22.680403,54.453215],[22.706965,54.418747],[22.76722,54.35627],[22.698387,54.342937],[22.510388,54.348777],[22.27712,54.356063],[21.998946,54.364667],[21.720772,54.373271],[21.287413,54.386759],[20.929606,54.397818],[20.640838,54.406784],[20.35207,54.415749],[20.235121,54.4194],[20.043502,54.425382],[19.964703,54.427842],[19.700305,54.436056],[19.680276,54.436678],[19.63077,54.446652],[19.615285,54.454007],[19.610436,54.456937],[19.610402,54.457065],[19.610001,54.458586],[19.609076,54.478342],[19.385262,54.624208],[19.415488,54.635364],[19.509679,54.693325],[19.564336,54.75454],[19.578595,54.806223],[19.564119,54.900408],[19.571,54.947039],[19.615878,55.027607],[19.687721,55.093104],[19.778193,55.138987],[19.885452,55.164167],[19.999375,55.17119],[20.038201,55.170628],[20.061485,55.170291]]]}},{"type":"Feature","properties":{"objectid":17,"scalerank":6,"featurecla":"Timezone","name":"+2","map_color6":4,"map_color8":3,"note":null,"zone":2,"utc_format":"UTC+02:00","time_zone":"UTC+02:00","iso_8601":"2012-05-31T06:33:50+02:00","places":"Estonia, Finland, Latvia, Lithuania","dst_places":"Estonia, Finland, Latvia, Lithuania","tz_name1st":"Europe/Helsinki","tz_namesum":5},"bbox":[18.944664,53.886841,31.569525,70.07531],"geometry":{"type":"Polygon","coordinates":[[[27.897294,70.070685],[28.379745,69.822354],[29.203158,69.585986],[28.827573,69.090771],[28.413128,68.880086],[28.747268,68.760145],[28.663759,68.204003],[29.442626,67.991148],[29.977684,67.662228],[29.519831,67.298167],[29.100115,66.991235],[29.392397,66.60529],[29.551663,66.412795],[29.900169,66.108059],[30.075146,65.822805],[30.003005,65.678137],[29.74545,65.511403],[29.580085,65.235399],[29.818004,65.1522],[29.820484,65.093651],[29.78028,64.795581],[30.111113,64.744421],[30.17054,64.681686],[29.954843,64.56898],[29.978924,64.524021],[30.035768,64.491465],[30.093129,64.361241],[30.50344,64.24378],[30.562144,64.127405],[30.328567,63.895998],[30.38045,63.532454],[31.177817,63.225238],[31.262773,63.100594],[31.505446,62.968199],[31.363336,62.651577],[31.222156,62.491716],[30.98062,62.358805],[30.665497,62.199822],[30.339574,61.991669],[29.764911,61.585011],[29.4634,61.413824],[28.926379,61.147948],[28.653837,60.991885],[28.335924,60.859387],[27.808307,60.552739],[27.463889,60.228333],[26.628867,59.8222],[28.028043,59.473152],[28.149578,59.393172],[28.000647,59.333744],[27.882308,59.275659],[27.713326,58.991904],[27.498869,58.534568],[27.630437,58.08829],[27.670435,57.954965],[27.799316,57.861069],[27.553853,57.794768],[27.507757,57.714773],[27.377946,57.651702],[27.374845,57.597855],[27.344976,57.538091],[27.511323,57.430397],[27.846134,57.267307],[27.696066,57.085457],[27.720767,56.988667],[27.744074,56.864799],[27.900085,56.783047],[27.997443,56.603833],[28.099246,56.513399],[28.164255,56.392812],[28.20942,56.248144],[28.110976,56.156806],[27.901532,56.089342],[27.64501,55.922841],[27.438821,55.79874],[27.235526,55.795846],[26.842785,55.719339],[26.594531,55.666991],[26.55164,55.534492],[26.486011,55.390832],[26.542338,55.307581],[26.701088,55.236836],[26.600939,55.120823],[26.438572,55.130021],[26.231246,55.075451],[25.981132,54.942694],[25.853078,54.916442],[25.773703,54.841925],[25.734946,54.78906],[25.709521,54.67563],[25.70735,54.54153],[25.612576,54.421796],[25.607408,54.304852],[25.719236,54.281546],[25.772256,54.248938],[25.771946,54.21788],[25.679755,54.145327],[25.485762,54.175402],[25.522142,54.228629],[25.434137,54.291829],[25.193532,54.243667],[24.902283,54.149771],[24.799447,54.10321],[24.821358,54.019908],[24.788698,53.969678],[24.666845,53.993863],[24.310175,53.892681],[24.136748,53.955416],[23.812117,53.920844],[23.642618,53.898985],[23.487486,53.955622],[23.469502,54.000684],[23.449039,54.154938],[23.364082,54.208269],[23.096915,54.300821],[23.035317,54.346503],[22.952428,54.38309],[22.78603,54.36521],[22.708102,54.635633],[22.724845,54.713767],[22.773007,54.742499],[22.829335,54.872724],[22.738798,54.934116],[22.621699,54.970031],[22.251282,55.070852],[22.02773,55.044393],[21.951352,55.080463],[21.750641,55.127954],[21.467661,55.211153],[21.208658,55.240867],[20.337394,55.178407],[19.687721,55.093104],[19.415488,54.635364],[18.944664,55.891],[19.89275,57.237078],[20.4817,58.844617],[19.155522,60.367221],[19.816411,62.910887],[22.193449,64.152688],[24.117008,65.504685],[24.193799,65.695991],[24.173542,65.803891],[24.05479,65.947914],[23.98513,66.066356],[23.724164,66.206632],[23.676415,66.350008],[23.652437,66.458839],[23.806123,66.528137],[23.889115,66.614075],[23.892422,66.750914],[24.001253,66.812435],[23.761681,66.994284],[23.670627,67.074227],[23.58133,67.153137],[23.591459,67.225019],[23.751449,67.346226],[23.662669,67.436221],[23.443457,67.504718],[23.550324,67.610913],[23.484695,67.796225],[23.636107,67.913478],[23.457307,68.024324],[23.272098,68.144989],[23.149832,68.144834],[23.094848,68.255525],[22.903749,68.336605],[22.662213,68.427401],[22.377993,68.454117],[22.036722,68.492926],[21.998481,68.525844],[21.572461,68.667386],[21.385909,68.753841],[21.216617,68.817248],[20.934257,68.949023],[20.623165,69.036356],[21.033579,69.181205],[22.023079,69.012016],[22.371378,68.822622],[22.596481,68.724643],[23.481595,68.685628],[24.131167,68.776165],[24.829626,68.594109],[24.951789,68.605064],[25.144232,68.668006],[25.162732,68.784588],[25.651643,68.883497],[25.753859,68.978375],[25.765848,69.030671],[25.759027,69.082038],[25.755306,69.159552],[25.872612,69.379074],[25.892145,69.490902],[25.986196,69.565419],[25.981339,69.67487],[26.268246,69.758275],[26.48105,69.899404],[26.951099,69.920152],[27.34508,69.950744],[27.445229,70.003222],[27.897294,70.070685]],[[24.238758,65.822392],[24.239521,65.82136],[24.240806,65.8217],[24.238758,65.822392]]]}},{"type":"Feature","properties":{"objectid":17,"scalerank":6,"featurecla":"Timezone","name":"+2","map_color6":4,"map_color8":3,"note":null,"zone":2,"utc_format":"UTC+02:00","time_zone":"UTC+02:00","iso_8601":"2012-05-31T06:33:50+02:00","places":"Libya, Egypt, Bulgaria, Cyprus, Greece, Israel, Jordan, Lebanon, Moldova, Palestine, Romania, Syria, Turkey, Ukraine","dst_places":"Bulgaria, Cyprus, Greece, Israel, Jordan, Lebanon, Moldova, Palestine, Romania, Syria, Turkey, Ukraine","tz_name1st":"Europe/Mariehamn","tz_namesum":16},"bbox":[9.286544,19.496712,44.809647,52.368949],"geometry":{"type":"Polygon","coordinates":[[[33.196506,52.368949],[33.804065,52.354609],[34.06007,52.083179],[34.264916,51.881201],[34.152985,51.583984],[34.21572,51.373765],[34.578178,51.236693],[35.091325,51.197677],[35.317151,50.934205],[35.445412,50.687502],[35.652118,50.341114],[36.291976,50.274038],[36.534648,50.219933],[37.415214,50.431858],[37.979004,49.941449],[38.314074,50.049504],[38.687282,49.913802],[39.405997,49.744252],[39.998106,49.608239],[40.110244,49.227642],[39.687531,48.957581],[40.038724,48.829992],[39.835325,48.57347],[39.901471,48.361184],[39.840286,48.035002],[39.733833,47.815997],[38.830942,47.848243],[38.263638,47.421706],[38.20142,47.130742],[37.592818,45.881775],[36.61524,45.318424],[36.664146,44.913228],[39.32918,43.596594],[41.379334,42.191184],[41.706839,41.463155],[42.17265,41.493489],[42.812198,41.562994],[42.936221,41.450236],[43.230622,41.17263],[43.65194,40.894766],[43.637574,40.53515],[43.675969,40.265967],[44.114289,40.03394],[44.594156,39.84806],[44.725724,39.685331],[44.406674,39.493714],[44.026025,39.386176],[44.194801,39.120533],[44.192113,38.890754],[44.292159,38.56204],[44.459177,38.322416],[44.269525,38.030005],[44.377942,37.854125],[44.559378,37.752012],[44.572142,37.430791],[44.772336,37.161247],[44.315879,36.99397],[44.243532,37.213828],[43.720824,37.232612],[43.278629,37.30775],[42.715666,37.355292],[42.281894,36.994022],[41.240614,36.043021],[41.198033,34.994041],[39.659212,33.81481],[39.028759,32.328338],[38.400167,31.855369],[37.931565,30.549661],[37.075804,29.923291],[35.473628,29.272065],[34.781544,27.984306],[36.026319,26.699226],[36.917336,25.272825],[37.514065,24.1869],[35.486443,21.996616],[32.340744,21.996461],[31.404057,22.224819],[30.042176,21.995582],[28.290345,21.995841],[26.441052,21.996151],[24.981141,21.747225],[24.980728,20.406377],[24.474609,19.996247],[23.240162,19.862096],[21.016939,20.959962],[18.793612,22.05788],[16.570285,23.15572],[15.285816,23.134455],[14.23172,22.617949],[12.674657,23.359893],[10.699067,24.556125],[9.816744,25.588465],[9.885474,26.736612],[9.818501,27.585733],[9.743467,30.331328],[10.116881,31.494409],[10.703098,31.962185],[11.474937,33.025841],[13.454904,33.089335],[16.327349,31.445068],[19.903166,31.168661],[21.677912,33.158756],[22.105463,36.487423],[21.100535,37.510362],[20.29146,38.990702],[19.970827,39.821025],[20.220088,39.669156],[20.275485,39.792404],[20.376461,39.993736],[20.659855,40.172743],[20.770649,40.421978],[20.981489,40.523264],[20.95348,40.759167],[21.590341,40.870685],[21.831359,40.993675],[22.062767,41.13718],[22.389258,41.128343],[22.666347,41.164517],[22.954598,41.432408],[22.976613,41.666553],[22.866335,41.924884],[22.718437,42.044463],[22.454371,42.376768],[22.429436,42.571485],[22.466566,42.748529],[22.549058,42.876363],[22.769581,42.971509],[22.955384,43.108078],[22.823857,43.289297],[22.628376,43.428214],[22.479129,43.570008],[22.481449,43.600647],[22.386013,43.725611],[22.391853,43.931981],[22.57519,44.061394],[22.606196,44.174566],[22.68925,44.291804],[22.500927,44.441976],[22.580374,44.565439],[22.621182,44.637432],[22.299248,44.661704],[22.031978,44.603491],[21.610288,44.731948],[21.351528,44.85178],[21.438174,44.954633],[21.421875,45.031413],[21.458929,45.107455],[21.206075,45.245922],[20.851093,45.431097],[20.75605,45.598243],[20.754113,45.763564],[20.636611,45.82693],[20.358618,45.974235],[20.663989,46.137753],[20.848991,46.267771],[21.155949,46.298932],[21.374436,46.618448],[21.51572,46.821588],[21.636643,47.014082],[21.844589,47.249934],[22.16984,47.608775],[22.423675,47.782563],[22.836053,47.902452],[22.693219,48.101768],[22.386468,48.243051],[22.156508,48.40206],[22.32766,48.743021],[22.433655,48.94177],[22.765463,49.038403],[22.721434,49.1616],[22.660146,49.493001],[22.993046,49.854426],[23.928699,50.390827],[24.05417,50.717164],[24.046935,50.898031],[23.816045,51.178789],[23.647166,51.460193],[23.726231,51.644859],[24.639767,51.892131],[26.419968,51.839731],[27.22364,51.653696],[27.705161,51.568352],[27.87559,51.60804],[28.29851,51.582977],[28.663552,51.433993],[28.999966,51.582408],[29.319946,51.365574],[29.699975,51.483706],[30.256892,51.425053],[30.494655,51.259921],[30.622606,51.412108],[30.562868,51.521766],[30.552843,51.633335],[30.652785,51.77914],[30.788177,51.900606],[30.908377,51.998352],[31.268871,52.061242],[32.095591,52.040726],[32.755602,52.252393],[33.182863,52.367296]]]}},{"type":"Feature","properties":{"objectid":15,"scalerank":6,"featurecla":"Timezone","name":"0","map_color6":6,"map_color8":1,"note":null,"zone":0,"utc_format":"UTC\u00b100:00","time_zone":"UTC\u00b100:00","iso_8601":"2012-05-31T09:03:50\u00b100:00","places":"C\u00f4te d'Ivoire, Ghana, Senegal, Morocco, Portugal (continental and Madeira), Spain (Canary Islands)","dst_places":"Morocco, Portugal (continental and Madeira), Spain (Canary Islands)","tz_name1st":"Europe/Lisbon","tz_namesum":21},"bbox":[-18.559307,-71.208793,7.662016,42.15363],"geometry":{"type":"Polygon","coordinates":[[[-8.204016,42.069552],[-8.182132,41.965424],[-8.005889,41.853958],[-7.854425,41.870262],[-7.622192,41.832331],[-7.469384,41.852537],[-7.197928,41.9015],[-6.992359,41.96638],[-6.585149,41.95465],[-6.574349,41.731046],[-6.365937,41.663608],[-6.321031,41.419592],[-6.430998,41.339028],[-6.758988,41.151753],[-6.899238,40.966751],[-6.834539,40.79224],[-6.848389,40.56476],[-6.863943,40.300952],[-7.034579,40.193052],[-6.896913,39.987121],[-6.92766,39.861909],[-7.01365,39.729617],[-7.557286,39.679801],[-7.313528,39.457438],[-7.258079,39.211303],[-7.091268,39.112446],[-7.022125,38.94287],[-7.179738,38.790889],[-7.279422,38.628909],[-7.317146,38.424581],[-7.026414,38.199633],[-7.023985,38.022564],[-7.23405,37.98807],[-7.45755,37.700077],[-7.527598,37.555512],[-7.462253,37.417872],[-7.256135,36.974791],[-6.050786,35.967755],[-4.555563,35.396756],[-2.962325,35.653273],[-2.221126,35.049955],[-1.993491,34.878854],[-1.714232,34.485054],[-1.703225,33.761816],[-1.6254,33.494236],[-1.516363,33.073977],[-1.32702,32.69891],[-1.276636,32.200852],[-1.210335,32.08967],[-1.995455,32.111478],[-2.980253,31.85754],[-3.849605,31.654658],[-3.815189,31.337158],[-3.731421,31.176341],[-3.758551,30.933875],[-4.968142,30.47411],[-6.142023,29.845311],[-6.477507,29.824899],[-6.694031,29.566982],[-7.619453,29.389422],[-8.333259,28.93038],[-8.682385,28.500406],[-8.682385,27.781354],[-7.494912,26.587164],[-5.342331,25.316182],[-4.325235,24.679218],[-3.289123,24.001844],[-2.26319,23.331109],[-1.136903,22.594643],[-0.097044,21.914839],[0.769389,21.34831],[1.168538,20.733464],[1.465781,20.633522],[1.855008,20.294835],[1.993397,20.235949],[2.388722,20.067407],[3.147022,19.837938],[3.231668,19.489044],[3.17441,19.251643],[3.225984,19.05106],[4.22861,19.142244],[4.233777,17.534796],[4.197604,16.838508],[3.971158,16.086099],[3.909869,15.904767],[3.48881,15.357539],[2.950651,15.337463],[1.791446,15.29899],[0.922145,14.973971],[0.213196,14.985417],[0.346366,14.307577],[0.362463,14.088857],[0.428377,13.967495],[0.5632,13.796782],[0.766185,13.666971],[1.015266,13.465665],[1.182387,13.358695],[0.974648,13.048326],[1.699462,12.61489],[1.945545,12.700828],[2.203204,12.583316],[2.223254,12.409735],[2.188527,12.145461],[2.273587,11.652055],[1.782247,11.426022],[1.475289,11.460774],[1.33907,11.366103],[1.268377,11.30621],[1.172155,11.261484],[1.117482,11.178983],[1.082755,11.110692],[1.099705,11.044366],[0.986017,11.078498],[0.969997,10.991165],[0.867575,10.829211],[0.939508,10.254517],[1.352196,9.625357],[1.425267,9.284499],[1.63993,8.503255],[1.621947,7.838282],[1.590114,6.867334],[1.596522,6.62864],[1.67445,6.538594],[1.798422,6.243096],[4.662136,5.921867],[6.01729,4.093805],[7.596894,1.82144],[6.5622,-0.682542],[2.656309,-2.081036],[6.5622,-3.957506],[7.538674,-8.945609],[7.538676,-13.945609],[7.538677,-19.456316],[7.538679,-24.955126],[7.538681,-30.952747],[7.538682,-35.513909],[7.538682,-41.511529],[7.538682,-47.01034],[7.538682,-52.304671],[2.958062,-53.698862],[5.706434,-55.198862],[7.538682,-58.716289],[7.538682,-64.215099],[7.538682,-69.550066],[5.414197,-70.02525],[3.28859,-70.158779],[2.075526,-70.186664],[0.604757,-69.89673],[0.78157,-70.584598],[0.674337,-70.986567],[-0.775127,-71.078201],[-1.464238,-70.771432],[-2.348535,-70.139262],[-4.138466,-70.535287],[-4.306178,-71.113249],[-5.126657,-70.624864],[-6.145219,-70.197561],[-7.52221,-70.573984],[-7.526141,-65.06817],[-7.524081,-59.613625],[-7.522003,-54.113625],[-7.519616,-47.795446],[-7.517501,-42.19696],[-12.94203,-41.713627],[-14.640873,-38.077263],[-11.9136,-35.658974],[-7.514577,-34.295338],[-7.512738,-28.840792],[-7.510746,-22.931701],[-7.5088,-17.158975],[-7.506763,-11.11352],[-11.506172,-9.363182],[-16.154548,-8.479289],[-13.005873,-5.827609],[-7.506173,-5.827609],[-7.506173,0.165527],[-8.301438,4.381725],[-10.98812,6.212979],[-13.129622,7.463205],[-13.447424,8.788357],[-14.527126,10.019719],[-15.557648,11.039716],[-16.633341,11.463106],[-16.993719,12.614926],[-17.14892,14.244416],[-17.260142,15.11678],[-16.27827,18.350572],[-16.539059,19.998226],[-17.302529,20.744276],[-16.583804,22.66903],[-15.190355,24.742558],[-14.431366,26.482781],[-16.593494,27.052216],[-18.548999,30.578987],[-16.022145,35.309906],[-11.310271,39.639266],[-8.968556,41.865833],[-8.739591,41.975113],[-8.520018,42.077717],[-8.204016,42.069552]]]}},{"type":"Feature","properties":{"objectid":12,"scalerank":6,"featurecla":"Timezone","name":"0","map_color6":6,"map_color8":1,"note":null,"zone":0,"utc_format":"UTC\u00b100:00","time_zone":"UTC\u00b100:00","iso_8601":"2012-05-31T09:03:50\u00b100:00","places":"Greenland (north eastern part)","dst_places":null,"tz_name1st":"America/Danmarkshavn","tz_namesum":1},"bbox":[-22.920703,75.751834,-16.332199,79.639453],"geometry":{"type":"Polygon","coordinates":[[[-22.730351,79.639453],[-22.249294,79.631229],[-21.768237,79.623006],[-21.28718,79.614783],[-20.806123,79.60656],[-20.325066,79.598337],[-19.844009,79.590113],[-19.362952,79.58189],[-18.881895,79.573667],[-18.400838,79.565444],[-17.919781,79.557221],[-17.438724,79.548997],[-17.435954,79.549044],[-17.433237,79.548997],[-17.384281,79.549818],[-17.500019,79.531217],[-17.693123,79.511198],[-18.076464,79.485175],[-18.16676,79.47299],[-18.209408,79.459317],[-18.154428,79.408391],[-18.103285,79.390451],[-18.050916,79.379949],[-17.994061,79.381094],[-17.827964,79.392692],[-17.732398,79.395576],[-17.570403,79.396745],[-17.40976,79.393478],[-17.287456,79.387549],[-17.253543,79.385904],[-17.104825,79.374148],[-16.966679,79.358329],[-16.84596,79.339108],[-16.740982,79.316948],[-16.639245,79.289809],[-16.422942,79.2144],[-16.350077,79.165957],[-16.332199,79.11204],[-16.388391,79.022663],[-16.432019,78.987942],[-16.48442,78.96065],[-16.597307,78.924063],[-16.865033,78.872016],[-16.976382,78.837651],[-16.982749,78.825952],[-16.957027,78.767853],[-16.977989,78.726882],[-17.061501,78.677309],[-17.196713,78.628194],[-17.220761,78.580955],[-17.297595,78.5301],[-17.388159,78.492898],[-17.42181,78.482023],[-17.52879,78.447448],[-17.695846,78.402683],[-17.866024,78.366782],[-17.895667,78.352954],[-17.926863,78.292913],[-17.884395,78.245358],[-17.891593,78.200243],[-17.871406,78.133254],[-17.856039,78.121561],[-17.799999,78.10631],[-17.709962,78.094359],[-17.480002,78.079217],[-17.37191,78.072099],[-17.197444,78.054454],[-17.058923,78.03312],[-16.944981,78.006935],[-16.829488,77.96359],[-16.722787,77.897193],[-16.671367,77.840797],[-16.665335,77.787655],[-16.698035,77.736131],[-16.784405,77.678203],[-16.839318,77.628198],[-16.922462,77.581244],[-17.004686,77.548814],[-17.118107,77.517183],[-17.252552,77.490098],[-17.404879,77.46788],[-17.485701,77.458976],[-17.707326,77.434561],[-17.770528,77.423539],[-17.799092,77.412326],[-17.78455,77.399289],[-17.509226,77.30491],[-17.464725,77.281022],[-17.444529,77.27018],[-17.3728,77.196881],[-17.344168,77.100981],[-17.362051,77.005601],[-17.357764,76.925831],[-17.376546,76.887891],[-17.414176,76.852193],[-17.496888,76.773727],[-17.76392,76.624086],[-17.835554,76.513553],[-17.834296,76.37825],[-17.74909,76.247754],[-17.746392,76.209845],[-17.771674,76.16238],[-17.728708,76.115523],[-17.706445,76.053899],[-17.717712,75.931204],[-17.746708,75.885824],[-17.790785,75.846606],[-17.817275,75.830985],[-17.846825,75.813559],[-17.922031,75.782044],[-17.939681,75.776841],[-18.019794,75.753225],[-18.026335,75.751834],[-18.390886,75.778634],[-18.859462,75.796504],[-19.310711,75.813712],[-19.76196,75.830921],[-20.213209,75.84813],[-20.664458,75.865338],[-21.115707,75.882547],[-21.566956,75.899756],[-22.018205,75.916964],[-22.469454,75.934173],[-22.920703,75.951382],[-22.896909,76.412391],[-22.873115,76.873399],[-22.849321,77.334408],[-22.825527,77.795417],[-22.801733,78.256426],[-22.777939,78.717435],[-22.754145,79.178444],[-22.730351,79.639453]]]}},{"type":"Feature","properties":{"objectid":15,"scalerank":6,"featurecla":"Timezone","name":"0","map_color6":6,"map_color8":1,"note":null,"zone":0,"utc_format":"UTC\u00b100:00","time_zone":"UTC\u00b100:00","iso_8601":"2012-05-31T09:03:50\u00b100:00","places":"Iceland, United Kingdom, Ireland","dst_places":"Ireland, United Kingdom","tz_name1st":"Europe/London","tz_namesum":5},"bbox":[-25.044444,43.538545,7.516743,90.000206],"geometry":{"type":"Polygon","coordinates":[[[7.516627,69.888104],[7.516627,68.391673],[7.516627,66.396432],[7.516627,64.888104],[7.489906,63.57691],[7.310068,63.437847],[7.227305,63.253166],[6.4677,63.018917],[6.077791,62.79018],[5.579278,62.584152],[5.148517,62.493157],[4.730442,62.321718],[4.524796,62.035655],[4.395989,61.74908],[4.443068,61.575357],[4.504353,61.331528],[4.251932,60.939378],[4.399359,60.497565],[4.509508,60.283536],[4.719916,60.062726],[4.652719,59.786478],[4.729441,59.160145],[5.112131,58.941138],[5.057916,58.705895],[5.349851,58.399727],[6.117192,58.094448],[6.698171,57.844036],[7.272956,57.810784],[7.499045,56.847269],[7.499045,54.933953],[7.28867,53.939511],[6.547087,53.793311],[5.991538,53.682698],[4.985784,53.562771],[4.527712,53.273098],[4.37383,52.925278],[4.063578,52.273677],[3.663304,51.990006],[3.34163,51.765134],[3.086573,51.547499],[2.38179,51.281878],[1.723917,51.098587],[1.281413,50.89552],[1.122528,50.643011],[0.035849,50.235764],[-1.001392,50.139916],[-2.058636,50.152959],[-2.943087,49.774049],[-3.931155,49.534586],[-4.865194,49.313179],[-5.416123,49.212719],[-5.415631,48.364774],[-4.998269,48.205116],[-5.038765,47.998036],[-4.701754,47.80682],[-4.353369,47.590237],[-3.927264,47.595425],[-3.5767,47.413765],[-3.224424,47.090449],[-2.653188,46.824555],[-2.541342,46.534127],[-2.120487,46.512352],[-1.862241,46.2863],[-1.54954,45.778779],[-1.539094,44.779577],[-1.747727,43.668808],[-2.090269,43.550233],[-2.750205,43.679684],[-3.562708,43.746509],[-4.68561,43.648419],[-5.370016,43.786846],[-5.94716,43.881073],[-6.625537,43.806304],[-7.46832,43.95091],[-7.860098,44.479038],[-7.860098,45.925883],[-7.860098,47.840527],[-7.860098,49.740689],[-7.860098,51.640851],[-8.204494,51.531715],[-8.724805,51.360687],[-9.287053,51.265293],[-9.819543,51.233763],[-10.142331,51.366152],[-10.484121,51.521479],[-10.742783,51.813281],[-10.816953,52.142138],[-10.569152,52.402228],[-10.277684,52.601663],[-9.823531,52.902905],[-10.161362,53.169929],[-10.452958,53.28099],[-10.556987,53.525746],[-10.448943,53.697475],[-10.557411,53.852467],[-10.491264,54.163359],[-10.174289,54.491151],[-9.296612,54.528597],[-9.154008,54.627716],[-8.933776,54.918154],[-8.643487,55.225549],[-8.258159,55.374425],[-7.75799,55.481142],[-7.516197,56.348643],[-7.805965,56.792104],[-7.923038,57.032813],[-7.8224,57.444007],[-8.718738,57.604515],[-8.994957,57.894087],[-8.282961,58.094768],[-7.515864,58.864337],[-7.515637,60.581067],[-7.515467,61.868614],[-8.012228,61.983943],[-8.053178,62.193698],[-7.571529,62.431463],[-7.515288,63.219816],[-9.452413,63.214714],[-11.389538,63.209612],[-13.326663,63.204509],[-15.263788,63.199407],[-16.716632,63.19558],[-18.653757,63.190477],[-19.740665,63.304388],[-20.28997,63.192964],[-20.713925,63.320921],[-20.929568,63.56593],[-21.866817,63.634594],[-22.585188,63.606999],[-23.043269,63.677632],[-23.213171,63.99978],[-23.015302,64.244591],[-22.688961,64.30105],[-22.790638,64.471554],[-23.175021,64.593943],[-23.513373,64.541117],[-24.247683,64.59617],[-24.550627,64.893588],[-24.295576,65.082597],[-24.369325,65.279088],[-24.895332,65.353179],[-25.034287,65.553878],[-24.663328,65.795766],[-24.338864,65.995946],[-24.175202,66.211765],[-23.609136,66.519928],[-23.162507,66.656527],[-22.566496,66.672804],[-22.229396,66.657815],[-21.809011,66.474723],[-21.270152,66.271784],[-20.747967,66.244767],[-19.945597,66.331034],[-19.490856,66.294991],[-18.753889,66.410547],[-18.528625,66.513265],[-18.278438,66.744517],[-17.301254,66.754711],[-15.833009,66.755716],[-13.875348,66.757057],[-11.917688,66.758397],[-9.960028,66.759738],[-8.491783,66.760743],[-7.511746,67.457367],[-7.511746,69.411474],[-7.511746,70.903767],[-7.306,71.121371],[-7.415346,71.283698],[-7.511746,72.662431],[-7.511746,74.452487],[-7.511746,76.263638],[-7.511746,78.081819],[-7.511746,79.445456],[-7.511746,81.263638],[-7.511746,83.081819],[-7.511746,84.900001],[-7.511746,86.29091],[-7.511746,88.145455],[-7.511746,90],[-5.681401,90],[-3.803468,90],[-2.395018,90],[-0.517084,90],[0.891999,90],[2.771153,90],[4.650307,90],[6.059673,90],[7.516743,90.000206],[7.516627,88.600439],[7.516627,86.75022],[7.516627,85.362556],[7.516627,83.890483],[7.516627,81.895242],[7.516627,79.900001],[7.516627,78.391673],[7.516627,76.895242],[7.516627,74.900001],[7.516627,73.391673],[7.516627,71.396432],[7.516627,69.888104]]]}},{"type":"Feature","properties":{"objectid":0,"scalerank":6,"featurecla":"Timezone","name":"+8.75","map_color6":2,"map_color8":2,"note":null,"zone":8.75,"utc_format":"UTC+08:45","time_zone":"UTC+08:45","iso_8601":"2012-05-31T09:33:50+08:45","places":"Australia (Eucla)","dst_places":null,"tz_name1st":"Australia/Eucla","tz_namesum":0},"bbox":[127.508873,-32.386645,129.001675,-31.262213],"geometry":{"type":"Polygon","coordinates":[[[127.747264,-32.311999],[127.509176,-32.386645],[127.509025,-32.06925],[127.508873,-31.751855],[127.827655,-31.658475],[128.117456,-31.613395],[128.513518,-31.433074],[128.738919,-31.355794],[129.001675,-31.262213],[129.00123,-31.689082],[128.999653,-31.784062],[128.997386,-31.81613],[128.997386,-31.871819],[128.994608,-31.872415],[128.919356,-31.89994],[128.663532,-32.035168],[128.423666,-32.12415],[128.1838,-32.213132],[127.747264,-32.311999]]]}},{"type":"Feature","properties":{"objectid":18,"scalerank":6,"featurecla":"Timezone","name":"+3","map_color6":3,"map_color8":4,"note":null,"zone":3,"utc_format":"UTC+03:00","time_zone":"UTC+03:00","iso_8601":"2012-05-31T07:33:50+03:00","places":"Arctic Ocean","dst_places":null,"tz_name1st":null,"tz_namesum":0},"bbox":[37.536899,82.9985,52.502844,90],"geometry":{"type":"Polygon","coordinates":[[[41.997933,82.9985],[41.502263,82.9985],[41.006592,82.9985],[40.510922,82.9985],[40.015251,82.9985],[39.519581,82.9985],[39.02391,82.9985],[38.52824,82.9985],[38.03257,82.9985],[37.536899,82.9985],[37.536899,83.473875],[37.536899,83.949251],[37.536899,84.424626],[37.536899,84.900001],[37.536899,84.901059],[37.536899,85.364599],[37.536899,85.828139],[37.536899,86.291679],[37.536899,86.755219],[37.536899,87.21876],[37.536899,87.6823],[37.536899,88.14584],[37.536899,88.60938],[37.536899,89.07292],[37.536899,89.53646],[37.536899,90],[37.976889,90],[38.416879,90],[38.85687,90],[39.29686,90],[39.73685,90],[40.17684,90],[40.61683,90],[41.05682,90],[41.49681,90],[41.9368,90],[42.376791,90],[42.816781,90],[43.256771,90],[43.696761,90],[44.136751,90],[44.576741,90],[45.016731,90],[45.456721,90],[45.896711,90],[46.336702,90],[46.776692,90],[47.216682,90],[47.656672,90],[48.096662,90],[48.536652,90],[48.976642,90],[49.416632,90],[49.856623,90],[50.296613,90],[50.736603,90],[51.176593,90],[51.616583,90],[52.056573,90],[52.496563,90],[52.502844,90],[52.502653,89.533233],[52.502462,89.066467],[52.502271,88.5997],[52.50208,88.132933],[52.501889,87.666167],[52.501698,87.1994],[52.501507,86.732633],[52.501316,86.265867],[52.501125,85.7991],[52.500934,85.332333],[52.500743,84.865567],[52.500552,84.3988],[52.500361,83.932033],[52.50017,83.465267],[52.499979,82.9985],[52.022614,82.9985],[51.545248,82.9985],[51.067882,82.9985],[50.590516,82.9985],[50.113151,82.9985],[49.635785,82.9985],[49.158419,82.9985],[48.681053,82.9985],[48.203688,82.9985],[47.726322,82.9985],[47.248956,82.9985],[46.77159,82.9985],[46.294225,82.9985],[45.816859,82.9985],[45.339493,82.9985],[44.862127,82.9985],[44.384762,82.9985],[43.907396,82.9985],[43.43003,82.9985],[42.952664,82.9985],[42.475299,82.9985],[41.997933,82.9985]]]}},{"type":"Feature","properties":{"objectid":27,"scalerank":6,"featurecla":"Timezone","name":"+7","map_color6":5,"map_color8":1,"note":"Reflects 2012 shift in daylight savings time in Russia.","zone":7,"utc_format":"UTC+07:00","time_zone":"UTC+07:00","iso_8601":"2012-05-31T11:33:50+07:00","places":"Arctic Ocean","dst_places":null,"tz_name1st":null,"tz_namesum":0},"bbox":[97.501237,81.500003,112.506,90],"geometry":{"type":"Polygon","coordinates":[[[112.5,90],[112.500353,89.5],[112.500706,89],[112.501059,88.5],[112.501412,88.000001],[112.501765,87.500001],[112.502118,87.000001],[112.502471,86.500001],[112.502824,86.000001],[112.503176,85.500001],[112.503529,85.000002],[112.503882,84.500002],[112.504235,84.000002],[112.504588,83.500002],[112.504941,83.000002],[112.505294,82.500002],[112.505647,82.000003],[112.506,81.500003],[112.022006,81.501435],[111.538012,81.502866],[111.054018,81.504298],[110.570024,81.50573],[110.08603,81.507161],[109.602037,81.508593],[109.118043,81.510025],[108.634049,81.511456],[108.150055,81.512888],[107.666061,81.51432],[107.182067,81.515751],[106.698073,81.517183],[106.214079,81.518615],[105.730085,81.520047],[105.246091,81.521478],[104.762098,81.52291],[104.278104,81.524342],[103.79411,81.525773],[103.310116,81.527205],[102.826122,81.528637],[102.342128,81.530068],[101.858134,81.5315],[101.37414,81.532932],[100.890146,81.534364],[100.406152,81.535795],[99.922159,81.537227],[99.438165,81.538659],[98.954171,81.54009],[98.470177,81.541522],[97.986183,81.542954],[97.502189,81.544385],[97.501718,81.544384],[97.501237,81.544385],[97.502574,82.041774],[97.503911,82.539164],[97.505248,83.036553],[97.506585,83.533942],[97.507922,84.031331],[97.509259,84.52872],[97.510595,85.026109],[97.511932,85.523498],[97.513269,86.020887],[97.514606,86.518276],[97.515943,87.015665],[97.51728,87.513055],[97.518617,88.010444],[97.519954,88.507833],[97.521291,89.005222],[97.522627,89.502611],[97.523964,90],[98.023165,90],[98.522367,90],[99.021568,90],[99.520769,90],[100.01997,90],[100.519171,90],[101.018373,90],[101.517574,90],[102.016775,90],[102.515976,90],[103.015177,90],[103.514379,90],[104.01358,90],[104.512781,90],[105.011982,90],[105.511183,90],[106.010385,90],[106.509586,90],[107.008787,90],[107.507988,90],[108.007189,90],[108.50639,90],[109.005592,90],[109.504793,90],[110.003994,90],[110.503195,90],[111.002396,90],[111.501598,90],[112.000799,90],[112.5,90]]]}},{"type":"Feature","properties":{"objectid":16,"scalerank":6,"featurecla":"Timezone","name":"+1","map_color6":5,"map_color8":2,"note":null,"zone":1,"utc_format":"UTC+01:00","time_zone":"UTC+01:00","iso_8601":"2012-05-31T05:33:50+01:00","places":"Angola, Cameroon, Nigeria, Tunisia","dst_places":"Albania, Algeria, Austria, Belgium, Bosnia & Herz., Spain (continental), Croatia, Czech Republic, Denmark, Germany, Hungary, Italy, Kinshasa, Kosovo, Macedonia, France (metropolitan), Netherlands,Norway,Poland,Serbia,Slovakia,Slovenia,Sweden,Switzerland","tz_name1st":"Europe/Paris","tz_namesum":48},"bbox":[-9.574738,-70.704083,34.758236,90.000206],"geometry":{"type":"Polygon","coordinates":[[[7.516743,90.000206],[20.863014,90.000111],[27.919726,81.067772],[27.52343,75.438968],[26.749388,71.167182],[31.43852,70.084973],[30.141085,69.476794],[29.344544,69.464392],[26.500687,69.918317],[25.749932,69.165185],[25.13214,68.676584],[22.371378,68.822622],[21.385909,68.753841],[22.87512,68.351075],[23.484695,67.796225],[23.58133,67.153137],[23.785866,66.518422],[24.173542,65.803891],[20.4817,58.844617],[22.76722,54.35627],[23.469502,54.000684],[23.89821,53.02754],[23.427231,52.17679],[23.577299,51.766686],[23.683856,51.370276],[23.957638,50.808011],[23.207916,50.03395],[22.720194,49.161186],[22.411789,48.887766],[22.298721,48.349143],[22.849489,47.993144],[22.172837,47.615389],[21.670749,46.994394],[21.247623,46.497473],[20.727137,46.187725],[20.629676,45.833276],[20.772869,45.571272],[21.334329,45.215432],[21.353621,44.989798],[21.578,44.777589],[22.299248,44.661704],[22.551499,44.515338],[22.691879,44.228317],[22.399594,43.993336],[22.474099,43.612517],[22.653897,43.407224],[22.897462,43.063772],[22.445482,42.830178],[22.485066,42.397155],[22.877084,41.902043],[22.94447,41.368432],[22.29345,41.147515],[21.648838,40.895799],[20.981489,40.523264],[20.668226,40.138068],[20.287268,39.746671],[19.881627,39.160425],[21.947302,36.527513],[19.692799,30.780641],[12.544613,33.013876],[10.513549,31.757029],[9.934256,27.827398],[9.9695,25.395402],[13.027607,23.281138],[15.804854,23.369789],[20.399406,21.265008],[23.983063,17.405657],[22.721951,14.934671],[22.481449,14.108546],[22.019668,12.631426],[22.900442,11.408245],[23.63218,9.277574],[23.922291,8.713449],[24.51285,8.207149],[25.186504,7.600106],[25.877469,7.087734],[26.340232,6.558348],[26.440639,6.076995],[27.194288,5.667304],[27.391382,5.092223],[26.635666,5.077624],[26.175332,5.233687],[25.818971,5.214567],[25.528963,5.351897],[25.140201,5.017964],[24.553467,5.039099],[24.08962,4.920218],[23.38837,4.587266],[22.886799,4.776686],[22.539327,4.278164],[23.161047,3.893613],[23.300883,3.638667],[22.729962,3.300083],[23.020022,2.916334],[23.646908,2.194931],[22.917754,2.09889],[22.734354,2.027964],[22.296603,1.500322],[22.606455,1.367565],[22.85321,0.696909],[22.984158,-0.396926],[23.835889,-1.203647],[23.568205,-2.005355],[22.682678,-1.808261],[22.187359,-2.426932],[21.570859,-2.385435],[20.657995,-4.149876],[20.045423,-4.275139],[20.057773,-4.680334],[20.179575,-5.28407],[20.085834,-5.855405],[19.875407,-6.018185],[19.994056,-7.001949],[21.68277,-7.283102],[21.764594,-7.850682],[21.854097,-8.977849],[22.295517,-10.339316],[22.23764,-11.249545],[23.89728,-10.966461],[23.954331,-12.151919],[21.980188,-13.453493],[22.053672,-16.336521],[22.489097,-16.865378],[23.290805,-17.535414],[24.523598,-17.507819],[25.088525,-17.642695],[24.931119,-17.81054],[24.218294,-18.012595],[23.511257,-18.260331],[22.472147,-18.1145],[20.975081,-18.919206],[20.21244,-22.000671],[19.982273,-25.942395],[19.9831,-28.129031],[19.244954,-28.792453],[18.044097,-28.858392],[17.371993,-28.306075],[16.868665,-28.167892],[16.597364,-28.526216],[18.271921,-33.713271],[21.710835,-34.514315],[22.503824,-47.048035],[22.50382,-64.541557],[19.892582,-70.203798],[15.1141,-69.696023],[11.556778,-69.971341],[7.538682,-64.71391],[4.332248,-53.698862],[7.538682,-38.50677],[7.538677,-20.453936],[6.073964,-3.957506],[7.532627,2.875414],[1.681685,6.489838],[1.621947,7.838282],[1.35602,9.647474],[0.952427,11.042402],[1.100429,11.15162],[1.359017,11.378893],[2.290847,11.703214],[2.135197,12.67561],[1.177633,13.34761],[0.504082,13.845358],[0.184102,14.819562],[2.660953,15.327825],[4.060558,16.298334],[3.54462,19.015068],[3.198285,19.592397],[1.870614,20.283543],[0.596067,21.461585],[-2.783107,23.670985],[-6.703333,26.121559],[-8.333259,28.93038],[-6.346817,29.810481],[-3.624141,31.086527],[-3.016245,31.827464],[-1.275499,32.217518],[-1.725394,33.677713],[-2.193789,35.003601],[-6.048032,35.969849],[-7.515841,37.580937],[-6.947504,38.196636],[-7.196429,38.779985],[-7.264332,39.252334],[-6.994581,39.782586],[-6.875105,40.271238],[-6.899238,40.966751],[-6.285891,41.486874],[-6.824928,41.983769],[-7.588395,41.824218],[-8.123918,42.0009],[-8.804821,41.911727],[-8.061656,43.958686],[-1.434704,45.532969],[-5.044201,48.049758],[1.281413,50.89552],[6.346936,53.759644],[4.7778,59.472327],[5.277621,62.547721],[7.516627,71.895242],[7.516627,89.952526]]]}},{"type":"Feature","properties":{"objectid":26,"scalerank":6,"featurecla":"Timezone","name":"+6.5","map_color6":2,"map_color8":6,"note":null,"zone":6.5,"utc_format":"UTC+06:30","time_zone":"UTC+06:30","iso_8601":"2012-05-31T11:03:50+06:30","places":"Cocos Islands","dst_places":null,"tz_name1st":"Indian/Cocos","tz_namesum":1},"bbox":[96.214366,-12.822425,97.513839,-11.259501],"geometry":{"type":"Polygon","coordinates":[[[97.513839,-11.259501],[97.513839,-11.650232],[97.513839,-12.040963],[97.513839,-12.431694],[97.513839,-12.822425],[97.080681,-12.821282],[96.647524,-12.820139],[96.214366,-12.818997],[96.214366,-12.429123],[96.214366,-12.039249],[96.214366,-11.649375],[96.214366,-11.259501],[96.647524,-11.259501],[97.080681,-11.259501],[97.513839,-11.259501]]]}},{"type":"Feature","properties":{"objectid":26,"scalerank":6,"featurecla":"Timezone","name":"+6.5","map_color6":2,"map_color8":6,"note":null,"zone":6.5,"utc_format":"UTC+06:30","time_zone":"UTC+06:30","iso_8601":"2012-05-31T11:03:50+06:30","places":"Myanmar","dst_places":null,"tz_name1st":"Asia/Rangoon","tz_namesum":1},"bbox":[92.155692,9.488208,101.173855,28.538209],"geometry":{"type":"Polygon","coordinates":[[[97.589939,28.494696],[97.797632,28.344086],[98.031359,28.208331],[98.165822,27.929692],[98.202098,27.771252],[98.32918,27.523021],[98.474537,27.657176],[98.617495,27.59842],[98.668323,27.475249],[98.672561,27.175603],[98.736329,26.898256],[98.746458,26.68106],[98.713488,26.38945],[98.677005,26.23933],[98.625247,26.108485],[98.553808,26.071071],[98.658091,25.925034],[98.610262,25.800681],[98.474537,25.805764],[98.36984,25.636783],[98.150528,25.612962],[98.10474,25.466974],[97.992395,25.282489],[97.82362,25.261612],[97.703318,24.960416],[97.66394,24.829778],[97.520413,24.430901],[97.680993,24.377764],[97.704661,24.221727],[97.609887,23.883143],[97.697758,23.887122],[98.219152,24.117366],[98.503269,24.121268],[98.717127,24.121345],[98.663259,23.969546],[98.663672,23.796947],[98.849604,23.614735],[98.810765,23.474098],[98.86211,23.340592],[98.933423,23.172153],[99.092173,23.101511],[99.185833,23.094845],[99.237096,23.062314],[99.478196,23.065751],[99.430882,22.936741],[99.350659,22.768146],[99.356343,22.506173],[99.243689,22.341221],[99.212269,22.11245],[99.50602,22.103355],[99.694742,22.046924],[99.83463,22.019484],[99.955273,21.924554],[100.135159,21.662348],[100.085601,21.567574],[100.198846,21.433215],[100.327468,21.524269],[100.457641,21.455022],[100.662487,21.495485],[101.056261,21.754539],[101.166724,21.623281],[100.909943,21.360093],[100.745009,21.314406],[100.561851,21.0351],[100.623088,20.888545],[100.364809,20.828187],[100.202338,20.667939],[100.099812,20.362221],[99.996718,20.383511],[99.877913,20.435136],[99.651932,20.306824],[99.420629,20.375553],[99.487498,20.141252],[99.073466,20.101229],[98.999362,19.907727],[98.864487,19.773213],[98.568278,19.699987],[98.439603,19.68774],[98.205922,19.721485],[98.005625,19.705646],[97.885839,19.572812],[97.800366,19.440778],[97.768016,19.277119],[97.727812,19.037082],[97.71913,18.864638],[97.745692,18.571064],[97.427469,18.489519],[97.394602,18.48709],[97.537643,18.272581],[97.620739,18.251083],[97.698047,18.08466],[97.744039,17.997817],[97.676136,17.830334],[97.753134,17.70538],[98.035494,17.405037],[98.186182,17.224221],[98.290155,17.090844],[98.474537,16.950439],[98.49252,16.857422],[98.462548,16.760115],[98.567347,16.573305],[98.656954,16.301642],[98.843403,16.438378],[98.834721,16.167748],[98.679589,16.126149],[98.567658,16.053957],[98.54306,15.735371],[98.515464,15.363456],[98.393611,15.316276],[98.392268,15.258243],[98.17719,15.220597],[98.195691,15.010687],[98.238789,14.839095],[98.478154,14.516505],[98.67039,14.267916],[98.947583,14.046405],[99.066335,13.885329],[99.141266,13.732109],[99.176923,13.310326],[99.102199,13.151834],[99.167311,12.956006],[99.210719,12.792269],[99.276865,12.665585],[99.407089,12.530244],[99.446268,12.279796],[99.46383,12.164582],[99.539278,12.112285],[99.561395,11.87292],[99.489152,11.628439],[99.377634,11.435505],[99.206172,11.100021],[99.063648,10.95742],[98.982619,10.928946],[98.923295,10.808101],[98.81095,10.746632],[98.766405,10.4112],[98.51244,9.970253],[98.126631,9.494804],[97.519499,10.619975],[97.374049,12.001238],[97.502182,15.325344],[97.114759,16.569543],[95.579609,15.573354],[94.266442,15.672445],[94.31942,17.380032],[93.848447,18.509464],[93.285067,18.968784],[92.920425,19.637796],[92.351018,20.72634],[92.188305,21.144085],[92.225099,21.397455],[92.400282,21.370996],[92.614326,21.263148],[92.590245,21.917165],[92.658354,22.046562],[92.683779,22.154308],[92.906194,22.017314],[92.979575,22.009355],[93.02257,22.120976],[93.141735,22.187277],[93.153518,22.427521],[93.070835,22.69288],[93.143182,22.977513],[93.318262,23.03366],[93.403735,23.338757],[93.406319,23.719122],[93.301106,24.016571],[93.449004,23.968926],[93.576954,23.973008],[93.912334,23.939005],[94.13506,23.877303],[94.222186,24.122637],[94.328743,24.394481],[94.430236,24.570904],[94.589502,24.74725],[94.689135,25.138518],[94.711149,25.482787],[94.852949,25.580765],[95.013456,25.777704],[95.150088,26.070968],[95.074537,26.208324],[95.040638,26.475594],[95.122803,26.611607],[95.260573,26.647625],[95.591302,26.823739],[95.804932,27.004761],[96.474659,27.295389],[96.636406,27.335542],[96.809935,27.285777],[97.018915,27.098709],[97.133016,27.119586],[96.905123,27.408406],[96.862025,27.578369],[97.060359,27.750452],[97.182109,27.857267],[97.314917,27.884604],[97.298898,28.12924],[97.402362,28.288258],[97.446301,28.382971],[97.589939,28.494696]]]}},{"type":"Feature","properties":{"objectid":1,"scalerank":6,"featurecla":"Timezone","name":"-12","map_color6":1,"map_color8":8,"note":null,"zone":-12,"utc_format":"UTC-12:00","time_zone":"UTC-12:00","iso_8601":"2012-05-30T16:33:50-12:00","places":"Baker Island, Howland Island (both uninhabited)","dst_places":null,"tz_name1st":null,"tz_namesum":0},"bbox":[-180,34.998794,-172.500008,48.000897],"geometry":{"type":"Polygon","coordinates":[[[-180,48],[-179.500897,48.00006],[-179.001794,48.00012],[-178.502691,48.00018],[-178.003588,48.000239],[-177.504485,48.000299],[-177.005382,48.000359],[-176.50628,48.000419],[-176.007177,48.000479],[-175.508074,48.000538],[-175.008971,48.000598],[-174.509868,48.000658],[-174.010765,48.000718],[-173.511662,48.000778],[-173.012559,48.000837],[-172.513456,48.000897],[-172.512958,47.519345],[-172.51246,47.037794],[-172.511962,46.556242],[-172.511464,46.07469],[-172.510966,45.593138],[-172.510468,45.111587],[-172.50997,44.630035],[-172.509472,44.148483],[-172.508974,43.666931],[-172.508476,43.18538],[-172.507978,42.703828],[-172.507479,42.222276],[-172.506981,41.740724],[-172.506483,41.259173],[-172.505985,40.777621],[-172.505487,40.296069],[-172.504989,39.814517],[-172.504491,39.332966],[-172.503993,38.851414],[-172.503495,38.369862],[-172.502997,37.88831],[-172.502499,37.406759],[-172.502,36.925207],[-172.501502,36.443655],[-172.501004,35.962103],[-172.500506,35.480552],[-172.500008,34.999],[-173,34.998986],[-173.500007,34.998973],[-174,34.998959],[-174.500006,34.998945],[-175,34.998931],[-175.500005,34.998918],[-176,34.998904],[-176.500004,34.99889],[-177,34.998877],[-177.500003,34.998863],[-178,34.998849],[-178.500002,34.998835],[-179,34.998822],[-179.500001,34.998808],[-180,34.998794],[-180,35.48032],[-180,35.961847],[-180,36.443373],[-180,36.924899],[-180,37.406425],[-180,37.887951],[-180,38.369477],[-180,38.851003],[-180,39.33253],[-180,39.814056],[-180,40.295582],[-180,40.777108],[-180,41.258634],[-180,41.74016],[-180,42.221687],[-180,42.703213],[-180,43.184739],[-180,43.666265],[-180,44.147791],[-180,44.629317],[-180,45.110843],[-180,45.59237],[-180,46.073896],[-180,46.555422],[-180,47.036948],[-180,47.518474],[-180,48],[-180,48],[-180,48]]]}},{"type":"Feature","properties":{"objectid":1,"scalerank":6,"featurecla":"Timezone","name":"-12","map_color6":1,"map_color8":8,"note":null,"zone":-12,"utc_format":"UTC-12:00","time_zone":"UTC-12:00","iso_8601":"2012-05-30T16:33:50-12:00","places":"Pacific Ocean","dst_places":null,"tz_name1st":null,"tz_namesum":0},"bbox":[-180,-2.509434,-172.483,24.998991],"geometry":{"type":"Polygon","coordinates":[[[-178.051506,-2.509361],[-178.54208,-2.509434],[-179.017733,-2.509434],[-179.519811,-2.509434],[-179.999971,-2.509434],[-179.999977,-2.10917],[-179.999982,-1.747156],[-179.999988,-1.347036],[-180,-0.999313],[-180,-0.500821],[-180,-0.000825],[-180,0.499172],[-180,0.999168],[-180,1.499164],[-180,1.999161],[-180,2.499157],[-180,2.999153],[-180,3.49915],[-180,3.999146],[-180,4.499142],[-180,4.999139],[-180,5.499135],[-180,5.999131],[-180,6.499128],[-180,6.999124],[-180,7.49912],[-180,7.999117],[-180,8.499113],[-180,8.999109],[-180,9.499105],[-180,9.999102],[-180,10.499098],[-180,10.999094],[-180,11.499091],[-180,11.999087],[-180,12.499083],[-180,12.99908],[-180,13.499076],[-180,13.999072],[-180,14.499069],[-180,14.999065],[-180,15.499061],[-180,15.999058],[-180,16.499054],[-180,16.99905],[-180,17.499046],[-180,17.999043],[-180,18.499039],[-180,18.999035],[-180,19.499032],[-180,19.999028],[-180,20.499024],[-180,20.999021],[-180,21.499017],[-180,21.999013],[-180,22.49901],[-180,22.999006],[-180,23.499002],[-180,23.998999],[-180,24.498995],[-180,24.998991],[-179.999989,24.998991],[-179.93741,24.998991],[-179.440477,24.998991],[-178.943544,24.998991],[-178.446611,24.998991],[-177.949678,24.998991],[-177.452744,24.998991],[-176.955811,24.998991],[-176.458878,24.998991],[-175.961945,24.998991],[-175.465012,24.998991],[-174.968079,24.998991],[-174.471146,24.998991],[-173.974213,24.998991],[-173.47728,24.998991],[-172.980347,24.998991],[-172.483414,24.998991],[-172.483414,24.509353],[-172.483414,24.019715],[-172.483414,23.530077],[-172.483414,23.040438],[-172.483414,22.5508],[-172.483373,22.05082],[-172.483331,21.55084],[-172.48329,21.05086],[-172.483248,20.55088],[-172.483207,20.0509],[-172.483166,19.55092],[-172.483124,19.05094],[-172.483083,18.55096],[-172.483041,18.05098],[-172.483,17.551],[-172.483,17.129254],[-172.483,16.707509],[-172.483,16.285763],[-172.483,15.864017],[-172.483,15.442272],[-172.483,15.020526],[-172.500008,14.999085],[-172.500008,14.499088],[-172.500008,13.999091],[-172.500008,13.499094],[-172.500008,12.999097],[-172.500008,12.4991],[-172.500008,11.999103],[-172.500008,11.499106],[-172.500008,10.999109],[-172.500008,10.499112],[-172.500008,9.999115],[-172.500008,9.499118],[-172.500008,8.999122],[-172.500008,8.499125],[-172.500008,7.999128],[-172.500008,7.499131],[-172.500008,6.999134],[-172.500008,6.499137],[-172.500008,5.99914],[-172.500008,5.499143],[-172.500008,4.999146],[-172.500008,4.499149],[-172.500008,3.999152],[-172.500008,3.499155],[-172.500008,2.999158],[-172.500008,2.499161],[-172.500008,1.999164],[-172.500008,1.499168],[-172.500008,0.999171],[-172.500008,0.499174],[-172.500008,-0.000823],[-172.500008,-0.50082],[-172.500008,-1.000817],[-172.495497,-1.432146],[-172.490523,-1.907747],[-172.48423,-2.509434],[-173.083011,-2.509434],[-173.609525,-2.509434],[-174.105068,-2.509434],[-174.621258,-2.509434],[-175.075506,-2.509434],[-175.612344,-2.509434],[-176.107886,-2.509434],[-176.644724,-2.509434],[-177.119619,-2.509434],[-177.63581,-2.509434],[-178.051506,-2.509361]]]}},{"type":"Feature","properties":{"objectid":4,"scalerank":6,"featurecla":"Timezone","name":"-9","map_color6":3,"map_color8":5,"note":null,"zone":-9,"utc_format":"UTC-09:00","time_zone":"UTC-09:00","iso_8601":"2012-05-30T19:33:50-09:00","places":"Gambier Islands","dst_places":"United States (most of Alaska)","tz_name1st":null,"tz_namesum":0},"bbox":[-142.529297,-7.000973,-142.529255,-6.000698],"geometry":{"type":"Polygon","coordinates":[[[-142.529297,-6.000698],[-142.529283,-6.334123],[-142.529269,-6.667548],[-142.529255,-7.000973],[-142.529297,-7.000973],[-142.529297,-6.667548],[-142.529297,-6.334123],[-142.529297,-6.000698]]]}},{"type":"Feature","properties":{"objectid":4,"scalerank":6,"featurecla":"Timezone","name":"-9","map_color6":3,"map_color8":5,"note":null,"zone":-9,"utc_format":"UTC-09:00","time_zone":"UTC-09:00","iso_8601":"2012-05-30T19:33:50-09:00","places":"United States (most of Alaska)","dst_places":"United States (most of Alaska)","tz_name1st":"America/Anchorage","tz_namesum":4},"bbox":[-174.010241,-22.000602,-127.507767,90],"geometry":{"type":"Polygon","coordinates":[[[-127.515099,74.900001],[-127.515099,72.122719],[-128.080094,70.863334],[-128.945639,70.603023],[-128.889061,70.25264],[-129.537319,70.474377],[-130.32429,70.376506],[-131.682761,70.14886],[-132.468464,69.97399],[-133.497548,69.788869],[-134.3322,69.93602],[-135.63476,69.853722],[-136.191818,69.596246],[-136.512576,69.294607],[-137.167671,69.201285],[-137.97324,69.464073],[-138.607612,69.794929],[-139.593598,69.803509],[-140.990676,69.877864],[-141.005316,69.213606],[-141.004929,68.338982],[-141.004463,67.318476],[-141.004076,66.443775],[-141.003611,65.423372],[-141.003094,64.402892],[-141.002681,63.528268],[-141.002216,62.507762],[-141.001828,61.633087],[-141.001285,60.612684],[-140.660505,60.24051],[-140.447805,60.29446],[-139.826318,60.256478],[-139.262193,60.342778],[-139.183231,60.100157],[-138.742586,59.913192],[-138.488881,59.696357],[-137.594181,59.225275],[-137.50876,58.914906],[-137.062517,59.067211],[-136.613491,59.15422],[-136.467092,59.38449],[-136.258474,59.556107],[-135.923818,59.666747],[-135.259879,59.698218],[-135.032942,59.573109],[-135.095754,59.418855],[-134.932431,59.270647],[-134.671439,59.193752],[-134.451013,59.097893],[-134.329651,58.963017],[-134.22219,58.842714],[-133.700077,58.59937],[-133.374567,58.290965],[-132.917153,57.880499],[-132.362304,57.3457],[-132.107384,56.858753],[-131.886028,56.737055],[-131.825592,56.593343],[-131.345699,56.503271],[-130.645768,56.261942],[-130.403974,56.121898],[-130.071539,56.084123],[-130.027537,55.877288],[-130.106033,55.65309],[-130.051179,55.459458],[-130.063607,55.218594],[-130.626441,54.770508],[-130.636714,54.660219],[-130.995706,54.736072],[-131.32334,54.615264],[-131.945359,54.399733],[-132.455625,54.412601],[-132.820796,54.446543],[-133.265318,54.424508],[-133.344488,53.626216],[-132.785555,52.921741],[-131.829654,52.206067],[-131.008238,51.738701],[-130.613167,52.090171],[-130.98085,52.574751],[-131.317021,53.173827],[-131.38052,53.89511],[-131.061066,53.821464],[-130.549346,53.243453],[-129.686567,52.760064],[-129.043839,52.235859],[-128.580277,51.829215],[-128.270239,51.304154],[-128.647962,50.919933],[-128.486672,50.410378],[-127.50777,49.010582],[-127.507781,45.937856],[-127.507791,42.756038],[-127.507794,40.028765],[-127.507801,36.846947],[-127.50781,34.119674],[-127.50782,30.937856],[-127.507829,27.756038],[-127.507837,25.028765],[-127.507847,21.846947],[-127.507855,19.119674],[-127.507864,15.924868],[-127.507869,13.1924],[-127.507874,10.010582],[-127.507883,6.828764],[-127.50789,4.101491],[-127.507895,0.919673],[-127.507901,-1.663139],[-127.507911,-4.772727],[-127.50792,-7.954545],[-127.507929,-10.681818],[-127.507939,-13.863636],[-127.507947,-16.590909],[-127.509084,-19.750301],[-128.508365,-22.000602],[-131.502803,-22.000602],[-133.800096,-20.200613],[-135.000207,-17.500628],[-136.400336,-14.350646],[-137.000056,-12.140622],[-136.999568,-8.994308],[-137.45865,-6.000698],[-140.224457,-6.000698],[-142.529297,-5.10236],[-142.529297,-2.380464],[-142.529297,0.775381],[-142.529297,3.801355],[-142.529297,6.528627],[-142.529297,9.710445],[-142.529297,12.437718],[-142.529297,15.619536],[-142.529297,18.771889],[-142.529297,21.410763],[-142.529297,24.592582],[-142.529297,27.319854],[-142.529297,30.501673],[-142.529297,33.228945],[-142.529297,36.410763],[-142.529297,39.592582],[-142.529297,42.319854],[-142.529297,45.540538],[-142.529297,48.501005],[-142.530177,51.029056],[-142.533075,54.465808],[-142.535559,57.411596],[-143.450676,59.703675],[-146.189816,59.215443],[-149.441564,57.944232],[-152.693311,56.673022],[-155.480524,55.583412],[-158.600799,54.782847],[-161.411902,54.167752],[-164.771194,53.491618],[-167.650587,52.912075],[-169.331177,53.99872],[-171.378267,56.623695],[-173.132916,58.873674],[-174.007877,61.830196],[-172.607324,63.676871],[-169.834351,65.117308],[-169,67.583333],[-166.777867,68.910382],[-165.584414,69.067126],[-164.065641,69.253771],[-163.510804,69.955257],[-162.041202,70.549835],[-160.803144,70.661732],[-159.365144,71.076718],[-158.174173,71.050751],[-157.350928,71.418312],[-156.440545,71.61624],[-155.744353,71.422377],[-154.737457,71.327726],[-153.689117,71.099795],[-152.021751,71.036462],[-151.48251,70.750722],[-150.185772,70.696253],[-148.549115,70.667859],[-147.747567,70.515255],[-146.769929,70.400243],[-145.538909,70.347815],[-144.435266,70.253348],[-142.488035,70.238357],[-142.453284,72.176819],[-142.467041,75.35468],[-142.478852,78.081928],[-142.492626,81.263717],[-142.504428,83.990965],[-142.518398,87.218208],[-142.088813,90],[-139.439047,90],[-136.347653,90],[-133.697887,90],[-130.606493,90],[-127.515099,90],[-127.515099,87.218182],[-127.515099,83.99091],[-127.515099,81.263638],[-127.515099,78.081819],[-127.515099,74.900001]]]}},{"type":"Feature","properties":{"objectid":4,"scalerank":6,"featurecla":"Timezone","name":"-9","map_color6":3,"map_color8":5,"note":null,"zone":-9,"utc_format":"UTC-09:00","time_zone":"UTC-09:00","iso_8601":"2012-05-30T19:33:50-09:00","places":"Gambier Islands","dst_places":null,"tz_name1st":null,"tz_namesum":0},"bbox":[-142.529297,-75.312817,-127.507321,-26],"geometry":{"type":"Polygon","coordinates":[[[-127.697118,-73.888111],[-127.692227,-74.133455],[-128.067952,-74.101915],[-128.417338,-74.114272],[-128.769792,-74.183138],[-128.916008,-74.27411],[-128.843996,-74.53845],[-128.866332,-74.588497],[-129.299017,-74.619249],[-129.47006,-74.628963],[-129.801561,-74.67907],[-130.015447,-74.694174],[-130.317759,-74.660401],[-130.333548,-74.64194],[-130.222062,-74.564791],[-130.19288,-74.391705],[-130.312139,-74.315256],[-130.500419,-74.255998],[-130.609666,-74.235692],[-130.964684,-74.205564],[-131.365846,-74.136351],[-131.438429,-74.074427],[-131.635239,-73.993943],[-131.95339,-73.938591],[-132.285347,-73.924916],[-132.571992,-73.944742],[-132.686632,-73.962973],[-132.873933,-74.013032],[-133.063971,-74.149863],[-133.2669,-74.244475],[-133.608931,-74.35492],[-133.657771,-74.45722],[-133.485493,-74.61042],[-133.525143,-74.643246],[-133.649874,-74.63416],[-133.714667,-74.611271],[-133.93065,-74.520272],[-134.222126,-74.460925],[-134.784609,-74.398352],[-135.31262,-74.362715],[-135.735577,-74.38455],[-136.064665,-74.450946],[-136.198242,-74.501946],[-136.766983,-74.550344],[-136.935872,-74.55371],[-137.265856,-74.591295],[-137.482779,-74.663213],[-137.628454,-74.781361],[-137.768118,-74.842324],[-138.078434,-74.881094],[-138.341398,-74.918441],[-138.894496,-74.9354],[-139.146651,-74.926222],[-139.564808,-74.948976],[-140.031297,-74.986855],[-140.388594,-75.100928],[-140.872588,-75.258101],[-141.129072,-75.295519],[-141.406474,-75.298848],[-141.815514,-75.279393],[-142.409101,-75.234743],[-142.529282,-75.236236],[-142.529282,-74.356117],[-142.529282,-73.475998],[-142.529282,-72.675998],[-142.529282,-71.875999],[-142.529282,-70.966908],[-142.529282,-70.057817],[-142.529282,-69.148726],[-142.529282,-68.239635],[-142.529282,-67.78509],[-142.529282,-66.875999],[-142.529282,-65.966908],[-142.529282,-65.057817],[-142.529282,-64.148726],[-142.529282,-63.239635],[-142.529282,-62.330544],[-142.529282,-61.421454],[-142.529282,-60.966908],[-142.529282,-60.057817],[-142.529282,-59.148726],[-142.529282,-58.239635],[-142.529282,-57.330544],[-142.529282,-56.418856],[-142.529282,-55.50457],[-142.529282,-54.590285],[-142.529282,-53.675999],[-142.529282,-53.221454],[-142.529282,-52.312363],[-142.529282,-51.403272],[-142.529282,-50.494181],[-142.529282,-49.58509],[-142.529282,-48.675999],[-142.529282,-47.766908],[-142.529282,-46.857817],[-142.529282,-45.948726],[-142.529282,-45.494181],[-142.529282,-44.58509],[-142.529282,-43.675999],[-142.529285,-42.766908],[-142.529287,-41.857817],[-142.52929,-40.948726],[-142.529293,-40.039635],[-142.529296,-39.130544],[-142.529297,-38.675999],[-142.529297,-37.766908],[-142.529297,-36.857817],[-142.529297,-35.948726],[-142.529297,-35.039635],[-142.529297,-34.130544],[-142.529297,-33.208421],[-142.529297,-32.273266],[-142.529297,-31.338111],[-142.529297,-30.870533],[-142.529297,-29.935378],[-142.529297,-29.000222],[-141.686322,-29.000154],[-140.843347,-29.000085],[-140.000372,-29.000016],[-140.000189,-28.000333],[-140,-27.000649],[-139,-27.000649],[-138.50001,-27.000649],[-137.500012,-27.000649],[-136.500014,-27.000649],[-135.500016,-27.000649],[-134.500019,-27.000649],[-133.500021,-27.000649],[-133.000022,-26.667285],[-133.000022,-26.000558],[-132.500701,-26.000507],[-131.502059,-26.000406],[-130.503418,-26.000304],[-129.504776,-26.000203],[-128.506134,-26.000101],[-127.507492,-26],[-127.507488,-26.975],[-127.507484,-27.950001],[-127.507481,-28.925001],[-127.507479,-29.412502],[-127.507476,-30.354547],[-127.507473,-31.263638],[-127.50747,-32.172729],[-127.507467,-33.08182],[-127.507465,-33.990911],[-127.507462,-34.900002],[-127.507458,-35.809093],[-127.507454,-36.718184],[-127.507451,-37.172729],[-127.507447,-38.08182],[-127.507443,-38.990911],[-127.507439,-39.900002],[-127.507436,-40.809093],[-127.507433,-41.718184],[-127.50743,-42.627275],[-127.507427,-43.536366],[-127.507426,-43.990911],[-127.507423,-44.900002],[-127.50742,-45.809093],[-127.507417,-46.718184],[-127.507415,-47.627275],[-127.507412,-48.536366],[-127.507409,-49.445457],[-127.507406,-50.354547],[-127.507402,-51.263638],[-127.5074,-51.718184],[-127.507395,-52.627275],[-127.507391,-53.536366],[-127.507387,-54.445457],[-127.507384,-55.354547],[-127.507381,-56.263638],[-127.507378,-57.172729],[-127.507375,-58.08182],[-127.507373,-58.990911],[-127.507371,-59.445457],[-127.50737,-60.350002],[-127.507368,-61.254548],[-127.507364,-62.163639],[-127.507359,-63.07273],[-127.507355,-63.981821],[-127.507351,-64.890912],[-127.507347,-65.800003],[-127.507346,-66.254548],[-127.507343,-67.163639],[-127.50734,-68.07273],[-127.507337,-68.981821],[-127.507335,-69.890912],[-127.507332,-70.800003],[-127.507328,-71.721145],[-127.507323,-72.642288],[-127.526964,-73.105536],[-127.660747,-73.132659],[-127.884701,-73.206144],[-128.132918,-73.339363],[-128.206458,-73.441548],[-128.188533,-73.547667],[-128.112836,-73.641594],[-127.986448,-73.744125],[-127.906494,-73.817504],[-127.697118,-73.888111]]]}},{"type":"Feature","properties":{"objectid":18,"scalerank":6,"featurecla":"Timezone","name":"+3","map_color6":3,"map_color8":4,"note":null,"zone":3,"utc_format":"UTC+03:00","time_zone":"UTC+03:00","iso_8601":"2012-05-31T07:33:50+03:00","places":"Djibouti, Eritrea, Ethiopia, Iraq, Kenya, Madagasca, Saudi Arabia, South Sudan, Sudan, Somalia, South Sudan, Tanzania, Uganda, Yemen","dst_places":null,"tz_name1st":"Asia/Riyadh","tz_namesum":19},"bbox":[21.809449,-69.588061,55.861736,37.375498],"geometry":{"type":"Polygon","coordinates":[[[42.89674,37.324906],[43.41676,37.279173],[43.822007,37.202381],[44.218779,37.152617],[44.343112,37.042443],[44.788356,37.070245],[44.883441,36.886845],[45.04431,36.64934],[45.083739,36.412817],[45.33561,36.10772],[45.402169,35.994238],[45.854079,35.818332],[46.163518,35.797506],[46.107035,35.689812],[45.971333,35.51804],[46.130393,35.131397],[45.899399,35.06861],[45.77827,34.910893],[45.67037,34.681812],[45.500664,34.591688],[45.561022,34.264602],[45.419739,33.994257],[45.645151,33.697918],[45.868187,33.511573],[46.069725,33.34086],[46.030296,33.105681],[46.604421,32.820685],[47.36732,32.430761],[47.484522,32.239351],[47.633144,32.026935],[47.672935,30.994698],[48.235071,30.318512],[48.395578,30.115217],[48.606127,29.862442],[50.120134,29.110571],[52.32301,27.451205],[52.247558,24.744784],[51.65047,24.010603],[52.558476,22.938575],[54.968562,22.637741],[55.503826,21.576152],[54.143496,19.717144],[52.185011,18.52993],[52.736243,17.289178],[52.521328,14.466664],[54.429852,10.627392],[52.520713,4.189463],[52.520765,-3.992355],[48.686111,-7.945924],[46.261691,-10.928328],[52.520813,-11.449467],[52.520865,-19.4469],[52.520922,-27.810528],[52.520975,-35.5378],[52.521032,-43.972884],[50.731431,-46.963262],[52.521093,-53.292349],[52.521145,-61.474167],[50.429254,-66.110673],[48.034603,-66.546045],[47.9606,-67.355782],[45.680066,-67.464379],[42.666467,-67.902449],[40.159675,-68.557178],[38.712045,-69.586055],[37.529491,-64.864927],[37.529491,-56.864504],[37.529491,-49.064398],[37.529491,-44.496732],[37.529491,-37.064821],[37.529491,-29.064398],[37.529491,-20.565139],[39.900129,-16.607535],[40.778222,-13.569221],[40.4369,-10.474786],[39.498498,-10.990646],[38.759732,-11.263187],[38.178372,-11.281791],[37.875238,-11.319101],[37.626364,-11.639702],[37.323644,-11.68528],[36.820109,-11.573556],[36.378068,-11.68094],[36.151932,-11.571076],[35.902025,-11.434546],[35.559824,-11.601048],[35.423501,-11.576553],[34.80049,-11.331917],[34.681841,-11.185053],[34.672436,-10.739498],[34.585723,-10.553567],[34.537767,-10.053855],[34.137068,-9.570577],[33.911862,-9.717959],[33.438971,-9.62153],[33.16922,-9.508876],[32.739686,-9.307338],[32.125046,-9.063735],[31.672671,-8.913047],[31.353311,-8.587175],[31.03364,-8.600301],[29.738629,-6.652409],[29.344234,-5.005998],[29.780177,-4.393684],[30.173228,-4.046315],[30.426856,-3.563864],[30.639142,-3.41948],[30.823524,-3.196651],[30.755414,-2.991393],[30.49326,-2.941266],[30.499616,-2.657873],[30.649064,-2.387605],[30.879438,-2.053465],[30.835409,-1.749504],[30.737534,-1.406683],[30.515119,-1.196257],[30.471583,-1.067048],[30.280508,-1.182407],[29.960424,-1.464767],[29.734805,-1.348185],[29.556934,-1.157706],[29.613365,-0.803826],[29.645094,-0.48891],[29.800641,0.172445],[30.165683,0.921444],[30.323813,1.155848],[31.183295,1.976211],[31.045939,2.319653],[30.710559,2.445123],[30.82187,2.776162],[30.84869,3.309256],[30.823214,3.580429],[30.553463,3.60451],[30.33792,3.927875],[29.989363,4.21778],[29.785654,4.479366],[29.606751,4.643904],[29.423919,4.566053],[29.098564,4.420532],[28.762306,4.551881],[28.52878,4.373843],[28.112371,4.414641],[27.951244,4.55595],[27.801383,4.590522],[27.671882,4.855855],[27.441301,5.070777],[27.261054,5.577593],[27.194288,5.667304],[26.99182,5.847758],[26.527972,6.043172],[26.508955,6.20541],[26.290674,6.444672],[26.270623,6.702486],[26.050585,6.896686],[25.815767,7.099774],[25.481163,7.266173],[25.164593,7.567343],[25.180509,7.884016],[24.832107,8.16573],[24.310278,8.261564],[24.245579,8.591802],[23.72127,8.702002],[23.565931,8.940024],[23.623291,9.265637],[23.669077,9.652022],[22.956459,11.2088],[22.592863,11.988933],[22.372825,12.463116],[21.809449,12.793665],[22.195885,13.580464],[22.531472,14.122627],[22.442382,14.356928],[22.695493,14.88147],[22.923593,15.455569],[23.984406,15.72194],[23.981306,19.484226],[24.867247,19.994956],[24.980831,20.624944],[24.981245,21.995351],[26.635769,21.995093],[28.387703,21.994783],[30.13938,21.994524],[31.42328,22.226965],[32.340744,21.995403],[35.253796,21.995558],[37.514065,22.404434],[37.162313,25.040819],[36.615374,25.972675],[35.115397,27.928425],[34.848816,29.251366],[36.603584,29.681471],[37.779327,30.400419],[37.089653,31.370076],[39.146168,32.125844],[38.853048,33.130119],[40.690467,34.331497],[41.34221,35.593694],[41.385411,36.516377],[42.401887,37.114144],[42.89674,37.324906]]]}},{"type":"Feature","properties":{"objectid":27,"scalerank":6,"featurecla":"Timezone","name":"+7","map_color6":5,"map_color8":1,"note":"Reflects 2012 shift in daylight savings time in Russia.","zone":7,"utc_format":"UTC+07:00","time_zone":"UTC+07:00","iso_8601":"2012-05-31T11:33:50+07:00","places":"Russia (Novosibirsk Oblast), Mongolia (western part)","dst_places":null,"tz_name1st":"Asia/Omsk","tz_namesum":4},"bbox":[70.383952,44.997485,95.689694,61.04723],"geometry":{"type":"Polygon","coordinates":[[[83.988807,60.826882],[84.732534,60.318541],[84.530789,59.98515],[87.102518,59.866992],[88.609817,59.297363],[87.926447,58.519632],[88.07972,58.182185],[89.328429,57.950003],[89.147355,57.61421],[88.954292,57.458302],[88.64754,57.21165],[88.725262,57.075276],[88.740765,56.713541],[88.502743,56.597062],[88.592453,56.443635],[89.041005,56.304677],[89.073664,56.204632],[89.170919,56.141586],[89.271792,55.996892],[89.446665,55.855764],[89.362845,55.772539],[88.669244,55.500179],[88.396496,55.279003],[88.510804,55.113122],[88.602065,54.977833],[88.66449,54.880836],[88.729189,54.77428],[88.613434,54.686275],[88.564238,54.49254],[88.382647,54.383709],[88.621827,54.313274],[88.798664,54.407067],[89.011827,54.288777],[89.19035,54.308158],[89.19376,54.153232],[89.057644,53.973657],[89.182081,53.872061],[89.164773,53.778815],[89.003798,53.667629],[88.871609,53.554768],[88.766499,53.354728],[88.973722,53.339639],[89.051443,53.13562],[88.898171,52.99568],[89.12348,52.910828],[89.235618,52.810033],[89.069943,52.663194],[88.998733,52.5293],[88.71565,52.370628],[88.658082,52.244667],[88.46781,52.175472],[88.249218,52.062611],[88.058222,52.053102],[87.970786,51.921844],[87.889262,51.786555],[88.103698,51.766091],[87.967375,51.597574],[88.119924,51.395261],[88.592165,51.3826],[88.653453,51.518406],[88.971552,51.418774],[88.951398,51.222403],[89.040695,51.108379],[89.383619,50.857568],[89.593736,50.660319],[89.828347,50.543065],[89.765405,50.418008],[89.513741,50.469426],[89.470539,50.346488],[89.352614,50.245461],[89.421882,50.192906],[89.550018,50.107045],[89.603658,49.998861],[89.721656,49.939744],[90.476183,50.21461],[90.976101,50.413926],[91.654096,50.640063],[92.361488,50.8683],[92.747569,50.721453],[93.140103,50.599445],[94.391788,50.185568],[94.921729,50.045862],[95.469737,49.887033],[95.535285,49.477497],[95.570632,48.986674],[94.621771,48.722143],[93.498924,48.373585],[93.263279,48.119699],[93.964942,47.264661],[93.783248,46.585581],[93.499854,46.17899],[93.129334,45.32788],[92.847593,45.039112],[92.285354,45.019527],[91.724664,45.070738],[91.3836,45.124224],[90.861276,45.231659],[90.920187,45.950065],[91.036563,46.529073],[90.93538,46.856831],[90.713068,47.014702],[90.352987,47.588311],[90.065304,47.85062],[89.732094,47.864754],[89.503663,48.029989],[89.046762,47.992989],[88.597177,48.197679],[88.305825,48.469006],[88.017574,48.539803],[87.95244,48.761107],[87.873552,48.96802],[87.507011,49.120879],[87.217963,49.229813],[86.933071,49.390113],[86.611126,49.620228],[86.700217,49.777738],[86.48178,49.676917],[85.963001,49.478583],[85.673302,49.560439],[85.320352,49.599454],[84.954793,49.99049],[84.790669,50.132755],[84.324341,50.219623],[84.151225,50.552574],[83.712802,50.882218],[83.08607,50.95255],[82.341206,50.750288],[81.945365,50.769202],[81.401212,50.922991],[81.098336,51.190907],[80.664564,51.300151],[80.424062,51.092102],[80.181286,50.875655],[79.926935,50.878498],[78.617971,52.476617],[76.525695,53.961307],[76.800097,54.260668],[76.852394,54.461173],[76.23424,54.347433],[75.277503,53.917692],[74.644467,53.734602],[74.305986,53.492602],[74.063003,53.608719],[73.640704,53.563243],[73.39121,53.520249],[73.485261,53.874852],[73.528256,54.01071],[73.360307,53.938414],[72.519222,54.088224],[72.455556,53.905341],[72.407911,54.089568],[72.27872,54.262735],[72.06757,54.251108],[71.983647,54.231575],[71.549358,54.126982],[71.143698,54.113701],[71.09688,54.315652],[71.148246,54.492489],[70.994095,54.807508],[70.977145,55.053385],[70.469942,55.296625],[70.675511,55.505036],[70.544046,55.696342],[70.67086,55.807343],[70.803358,55.920876],[70.843252,56.153627],[70.832194,56.258479],[70.939164,56.362968],[70.81142,56.491849],[71.168917,56.675714],[71.425646,56.733333],[71.656639,56.915596],[71.093883,57.241984],[71.098327,57.339136],[70.780414,57.239969],[70.6536,57.245498],[70.675201,57.511322],[70.605954,57.580517],[70.429841,57.784794],[70.437489,57.953595],[71.083548,58.51847],[71.28984,58.369822],[71.26917,58.076352],[72.52346,58.015219],[74.483857,58.269053],[74.891067,58.447027],[75.641616,58.982395],[75.914571,59.432135],[76.727958,59.729481],[76.781081,60.172917],[76.805886,60.471141],[76.977348,60.641467],[77.104782,60.852462],[77.908971,60.748385],[78.906946,60.788021],[79.247494,60.810707],[79.395082,60.66392],[81.02754,60.754742],[82.190467,60.530828],[83.948602,60.841558]]]}},{"type":"Feature","properties":{"objectid":12,"scalerank":6,"featurecla":"Timezone","name":"-3","map_color6":3,"map_color8":6,"note":null,"zone":-3,"utc_format":"UTC-03:00","time_zone":"UTC-03:00","iso_8601":"2012-05-31T01:33:50-03:00","places":"St. Pierre et Miquelon","dst_places":null,"tz_name1st":"America/Miquelon","tz_namesum":1},"bbox":[-57.097629,46.305897,-55.910203,47.36549],"geometry":{"type":"Polygon","coordinates":[[[-56.150923,46.554379],[-56.151551,46.305897],[-56.404924,46.306412],[-56.405083,46.367611],[-56.688519,46.457224],[-56.838603,46.554379],[-56.899048,46.609201],[-57.097629,46.983709],[-56.86915,47.129388],[-56.663595,47.216],[-56.495344,47.36549],[-56.378029,47.33592],[-56.255539,47.305045],[-56.155349,47.168301],[-56.105427,47.100166],[-56.130351,46.930726],[-56.099912,46.859684],[-56.092343,46.854683],[-56.080673,46.849085],[-55.983402,46.802429],[-55.910203,46.662117],[-55.954045,46.61677],[-56.080673,46.569635],[-56.150923,46.554379]]]}},{"type":"Feature","properties":{"objectid":12,"scalerank":6,"featurecla":"Timezone","name":"-3","map_color6":3,"map_color8":6,"note":null,"zone":-3,"utc_format":"UTC-03:00","time_zone":"UTC-03:00","iso_8601":"2012-05-31T01:33:50-03:00","places":"Greenland (central part)","dst_places":null,"tz_name1st":"America/Sao_Paulo","tz_namesum":23},"bbox":[-73.593523,-78.176655,-10.01167,90],"geometry":{"type":"Polygon","coordinates":[[[-37.549198,84.900001],[-31.119018,83.799329],[-23.305631,83.196201],[-20.201798,82.429531],[-16.020145,82.030986],[-10.279351,81.342102],[-14.817437,80.284999],[-22.801733,78.256426],[-17.260152,75.498978],[-18.665231,74.191339],[-20.778991,72.953877],[-23.376243,70.360239],[-24.044962,69.203369],[-30.013199,67.898007],[-33.706084,66.555863],[-37.54919,64.513884],[-37.54919,50.422975],[-37.54919,36.332065],[-37.54919,22.186609],[-37.54919,9.002455],[-37.518708,-4.408757],[-35.108048,-9.271826],[-37.549022,-18.537525],[-37.549058,-32.628434],[-37.549086,-46.59671],[-45.039166,-53.036721],[-37.54912,-59.403389],[-37.549153,-73.536366],[-44.31587,-77.80142],[-49.954185,-77.606545],[-52.533033,-66.384751],[-52.540263,-51.614819],[-52.558319,-36.334156],[-56.207782,-35.136014],[-56.875058,-37.573977],[-62.137297,-40.320328],[-64.654634,-42.018895],[-65.022904,-44.579934],[-67.16594,-46.445112],[-67.30583,-49.163424],[-67.915818,-53.01697],[-63.489948,-54.792513],[-68.264391,-54.876908],[-69.490776,-52.132476],[-72.402307,-51.579704],[-72.298925,-51.029236],[-73.101388,-50.770596],[-73.578226,-49.932352],[-73.472212,-49.387579],[-72.587641,-48.760537],[-72.403259,-48.042338],[-72.21464,-47.420257],[-71.965715,-46.962197],[-71.768828,-46.244515],[-71.807275,-45.72403],[-71.413397,-45.378728],[-71.894918,-44.94723],[-71.500241,-44.743447],[-71.69984,-44.393362],[-71.767329,-43.828435],[-71.851609,-43.542486],[-71.894918,-43.319215],[-72.137953,-42.631712],[-71.906287,-42.163058],[-71.893575,-41.512762],[-71.955121,-40.709297],[-71.748157,-40.296506],[-71.630335,-39.93105],[-71.525483,-39.614997],[-71.015463,-38.746316],[-71.014455,-38.16506],[-71.141889,-37.425053],[-71.166539,-36.89878],[-70.995128,-36.483302],[-70.667112,-36.244557],[-70.390307,-35.921165],[-70.392116,-35.16669],[-69.917055,-34.284573],[-69.892276,-33.678718],[-70.091178,-33.201331],[-70.165282,-32.525197],[-70.392969,-32.041712],[-70.596858,-31.549598],[-70.283802,-31.039448],[-70.152415,-30.353908],[-69.921085,-29.805621],[-69.938087,-29.176926],[-69.698696,-28.579753],[-69.195677,-27.951368],[-68.834511,-27.136017],[-68.310848,-26.897995],[-68.498536,-25.155879],[-68.547061,-24.877447],[-68.216538,-24.372465],[-67.021159,-22.523844],[-66.515815,-22.162935],[-65.59892,-22.091105],[-64.564358,-22.36065],[-64.350822,-22.846104],[-63.798513,-22.011524],[-62.64587,-22.236213],[-62.286874,-22.512061],[-62.12523,-22.792148],[-61.724015,-23.249277],[-61.248411,-23.533084],[-60.843112,-23.871823],[-60.301905,-24.016414],[-59.362893,-24.468996],[-58.444008,-24.872796],[-57.876187,-25.085289],[-57.701373,-25.653408],[-57.911327,-25.968646],[-58.211671,-26.402728],[-58.250687,-26.680231],[-58.472688,-26.975717],[-58.619501,-27.226657],[-57.491526,-27.415921],[-56.776642,-27.506744],[-56.104435,-27.300555],[-55.574157,-27.245984],[-55.143848,-26.953702],[-54.785833,-26.510422],[-54.620727,-25.882863],[-54.509054,-25.278663],[-54.306534,-24.089898],[-53.485137,-22.830751],[-52.534187,-22.229444],[-52.0491,-21.666119],[-51.87663,-21.14398],[-51.092518,-20.263362],[-51.177027,-19.28746],[-52.08083,-18.926596],[-52.862126,-18.556696],[-53.114436,-17.896375],[-53.120508,-17.142829],[-52.637902,-16.528913],[-52.530828,-16.145681],[-51.931097,-15.809732],[-51.682275,-15.296844],[-51.260725,-15.015362],[-50.980794,-14.532239],[-50.923949,-14.115365],[-50.862739,-13.75978],[-50.674507,-13.437164],[-50.555884,-13.050004],[-50.569397,-12.805161],[-50.669934,-12.600109],[-50.630841,-12.272532],[-50.677117,-11.871006],[-50.664456,-11.586424],[-50.619963,-11.075603],[-50.591799,-10.639867],[-50.309439,-10.020835],[-56.683675,-9.377308],[-57.078199,-9.197681],[-57.628011,-8.632238],[-57.720124,-8.13573],[-58.179734,-7.24085],[-57.146586,-4.013799],[-56.473223,-2.26012],[-56.735119,-2.184673],[-57.105174,-1.804386],[-57.517035,-1.654059],[-58.156014,-1.237599],[-58.552838,-0.774423],[-58.868891,-0.173736],[-58.586634,1.272998],[-58.366363,1.547606],[-57.999642,1.56869],[-57.390609,1.925464],[-56.798722,1.873725],[-56.585258,2.016803],[-57.00606,2.514163],[-57.176746,2.819712],[-57.242221,3.143478],[-57.398956,3.373826],[-57.670102,3.417544],[-58.037625,3.987716],[-57.907917,4.852728],[-57.361697,5.012434],[-57.238008,5.260572],[-57.280978,5.387398],[-53.217218,5.750319],[-52.537645,17.539709],[-52.53763,31.308414],[-52.536632,45.331113],[-52.535917,55.399324],[-52.915396,65.055131],[-54.42082,67.236213],[-54.568955,69.18723],[-54.544837,71.010266],[-56.517195,72.480755],[-57.762178,73.932494],[-59.074158,75.161648],[-62.758151,75.988707],[-67.878983,79.912304],[-60.481686,82.138856],[-52.6636,82.560757],[-46.369045,90],[-37.549198,84.900001]]]}},{"type":"Feature","properties":{"objectid":35,"scalerank":6,"featurecla":"Timezone","name":"+12","map_color6":6,"map_color8":2,"note":null,"zone":12,"utc_format":"UTC+12:00","time_zone":"UTC+12:00","iso_8601":"2012-05-31T16:33:50+12:00","places":"New Zealand, Kiribati (Gilbert Islands), Fiji","dst_places":"New Zealand","tz_name1st":"Pacific/Auckland","tz_namesum":9},"bbox":[-180,-50.990153,-172.499983,-2.509434],"geometry":{"type":"Polygon","coordinates":[[[-177.011485,-20.022858],[-177.224948,-20.449836],[-177.438411,-20.876815],[-177.651874,-21.303793],[-177.865338,-21.730772],[-178.292264,-22.584729],[-178.505728,-23.011708],[-178.719191,-23.438687],[-178.932654,-23.865665],[-179.146118,-24.292644],[-179.573044,-25.146601],[-179.786508,-25.57358],[-179.999971,-26.000558],[-179.501833,-26.000558],[-179.003694,-26.000558],[-178.007418,-26.000558],[-177.509279,-26.000558],[-177.011141,-26.000558],[-176.513003,-26.000558],[-176.014864,-26.000558],[-175.018588,-26.000558],[-174.520449,-26.000558],[-174.022311,-26.000558],[-173.524173,-26.000558],[-173.026034,-26.000558],[-172.499983,-26.373552],[-172.499983,-27.000079],[-172.499983,-27.389086],[-172.499983,-27.999926],[-172.499983,-28.425344],[-172.499983,-29.236347],[-172.499983,-29.834656],[-172.499983,-30.352785],[-172.499983,-30.937534],[-172.499983,-31.316506],[-172.499983,-32.290589],[-172.499983,-32.81247],[-172.499983,-33.285397],[-172.499983,-33.723198],[-172.499983,-34.21803],[-172.499983,-35.192113],[-172.499983,-35.624915],[-172.499983,-36.207646],[-172.499983,-36.562505],[-172.499983,-37.181729],[-172.499983,-38.166175],[-172.499983,-38.622128],[-172.499983,-39.140258],[-172.499983,-39.679112],[-172.499983,-40.114341],[-172.499983,-41.249968],[-172.499983,-41.627278],[-172.499983,-42.187476],[-172.499983,-42.601361],[-172.499983,-43.125066],[-172.499983,-44.062412],[-172.499983,-44.54717],[-172.499983,-45.000002],[-172.968696,-45.375331],[-173.282799,-45.626886],[-174.022073,-46.218678],[-174.374959,-46.501318],[-174.843754,-46.876647],[-175.175651,-47.142418],[-175.524696,-47.421943],[-176.249977,-48.002634],[-176.718731,-48.377964],[-177.187445,-48.753293],[-177.494036,-48.99881],[-177.880437,-49.308154],[-178.593749,-49.879198],[-178.923937,-50.143659],[-179.300971,-50.445581],[-179.732182,-50.790849],[-180,-50.990153],[-180,-49.990367],[-180,-49.490473],[-180,-48.99058],[-180,-48.490687],[-180,-47.990793],[-180,-46.991006],[-180,-46.491113],[-180,-45.99122],[-180,-45.491326],[-180,-44.991433],[-180,-43.991646],[-180,-43.491753],[-180,-42.99186],[-180,-42.491966],[-180,-41.992073],[-180,-40.992286],[-180,-40.492393],[-180,-39.992499],[-180,-39.492606],[-180,-38.992713],[-180,-37.992926],[-180,-37.493033],[-180,-36.993139],[-180,-36.493246],[-180,-35.993352],[-180,-34.993566],[-180,-34.493672],[-180,-33.993779],[-180,-33.493886],[-180,-32.993992],[-180,-31.994206],[-180,-31.494312],[-180,-30.994419],[-180,-30.494526],[-180,-29.994632],[-180,-28.994845],[-180,-28.494952],[-180,-27.995059],[-180,-27.495165],[-180,-26.995272],[-180,-25.995485],[-180,-25.495592],[-180,-24.995699],[-180,-24.495805],[-180,-23.995912],[-180,-22.996125],[-180,-22.496232],[-180,-21.996338],[-180,-21.496445],[-180,-20.996552],[-180,-19.996765],[-180,-19.496872],[-180,-18.996978],[-180,-18.497085],[-180,-17.997191],[-180,-16.997405],[-180,-16.497511],[-180,-15.997618],[-180,-15.497725],[-180,-14.997831],[-180,-13.998045],[-180,-13.498151],[-180,-12.998258],[-180,-12.498364],[-180,-11.998471],[-180,-10.998684],[-180,-10.498791],[-180,-9.998898],[-180,-9.499004],[-180,-8.999111],[-180,-7.999324],[-180,-7.499431],[-180,-6.999537],[-180,-6.499644],[-180,-5.999751],[-180,-4.999964],[-180,-4.500071],[-180,-4.000177],[-180,-3.500284],[-180,-3.000391],[-179.519811,-2.509434],[-179.017733,-2.509434],[-178.54208,-2.509434],[-178.053044,-2.509434],[-178.051412,-2.890161],[-178.051412,-3.834833],[-178.051412,-4.307169],[-178.051412,-4.779505],[-178.051412,-5.251841],[-178.051412,-5.724177],[-178.051412,-6.668849],[-178.051412,-7.141185],[-178.051412,-7.613521],[-178.051412,-7.615982],[-178.051412,-7.666656],[-177.551408,-8.333328],[-177.301406,-8.666664],[-177.051404,-9],[-176.75799,-9.386087],[-176.464577,-9.772173],[-175.877749,-10.544347],[-175.584335,-10.930434],[-175.290921,-11.31652],[-174.997508,-11.702607],[-174.704094,-12.088694],[-174.411714,-12.895651],[-174.412747,-13.31652],[-174.413781,-13.73739],[-174.414814,-14.15826],[-174.415847,-14.57913],[-174.847401,-15],[-175.277921,-15],[-175.70844,-15],[-176.13896,-15],[-176.56948,-15],[-177.011485,-15],[-177.011485,-15.495695],[-177.011485,-15.99139],[-177.011485,-16.439331],[-177.011485,-16.887272],[-177.011485,-17.783153],[-177.011485,-18.231094],[-177.011485,-18.679035],[-177.011485,-19.126976],[-177.011485,-20.022858]],[[-177.5,-45],[-177,-45.000071],[-176.500014,-45.000141],[-176.000022,-45.000212],[-175.500029,-45.000283],[-175.000036,-45.000354],[-175.000036,-44.600347],[-175.000036,-44.200341],[-175.000036,-43.800334],[-175.000036,-43.400327],[-175.000036,-43.000321],[-175.500029,-43.000257],[-176.000022,-43.000192],[-176.500014,-43.000128],[-177,-43.000064],[-177.5,-43],[-177.5,-43.4],[-177.5,-43.8],[-177.5,-44.2],[-177.5,-44.6],[-177.5,-45]]]}},{"type":"Feature","properties":{"objectid":35,"scalerank":6,"featurecla":"Timezone","name":"+12","map_color6":6,"map_color8":2,"note":null,"zone":12,"utc_format":"UTC+12:00","time_zone":"UTC+12:00","iso_8601":"2012-05-31T16:33:50+12:00","places":"New Zealand","dst_places":"New Zealand","tz_name1st":"Pacific/Auckland","tz_namesum":9},"bbox":[160.55857,-90,180,51.776162],"geometry":{"type":"MultiPolygon","coordinates":[[[[179.988511,-89.999999],[179.988511,-90],[179.988456,-90],[179.988511,-89.999999]]],[[[179.988511,-89.999999],[179.988511,-89.522992],[179.988512,-89.045985],[179.988512,-88.568978],[179.988513,-88.09197],[179.988513,-87.614963],[179.988514,-87.137956],[179.988514,-86.660949],[179.988515,-86.183942],[179.988515,-85.706935],[179.988515,-85.229928],[179.988516,-84.752921],[179.988516,-84.900002],[179.988516,-85],[179.988516,-85.333333],[179.988516,-85.666667],[179.988516,-86],[179.988516,-86.333333],[179.988516,-86.666667],[179.988516,-87],[179.988516,-87.333333],[179.988516,-87.666667],[179.988516,-88],[179.988516,-88.333333],[179.988516,-88.666667],[179.988516,-89],[179.988516,-89.499999],[179.988516,-89.999999],[179.988515,-89.999999],[179.988511,-89.999999]]],[[[179.988516,-84.752921],[179.986646,-83.276487],[179.984152,-81.307907],[179.982282,-79.831473],[179.979789,-77.862893],[178.485288,-77.807542],[176.49262,-77.733739],[174.99812,-77.678387],[173.005452,-77.604585],[172.507724,-76.710217],[172.5086,-74.958383],[172.509274,-73.611333],[172.510185,-71.793151],[172.510867,-70.429515],[172.511775,-68.611333],[172.512453,-67.247697],[172.513357,-65.429515],[172.51406,-64.020424],[172.51506,-62.020426],[172.515811,-60.520427],[172.516766,-58.611337],[172.517449,-57.247701],[172.518359,-55.429519],[172.50733,-54.520428],[170.539893,-54.520428],[169.537698,-54.520428],[167.542292,-54.520428],[166.045737,-54.520428],[165.049041,-53.913303],[165.051532,-52.413305],[165.054852,-50.413309],[165.057342,-48.913311],[165.060663,-46.913314],[165.063153,-45.413317],[165.32317,-43.509333],[166.095749,-42.297375],[167.125854,-40.681431],[167.932155,-39.416569],[169.007222,-37.730087],[169.813522,-36.465225],[170.790862,-34.932059],[171.523866,-33.782185],[172.501205,-32.24902],[172.50122,-30.782591],[172.501241,-28.907422],[172.501251,-27.662773],[172.501264,-25.992073],[172.501276,-24.628436],[172.501293,-22.810254],[172.501306,-21.446618],[172.501322,-19.628436],[172.501334,-18.2648],[172.501351,-16.446618],[172.501363,-15.082982],[172.50138,-13.2648],[172.501393,-11.901163],[172.501409,-10.082982],[172.501422,-8.719345],[172.501439,-6.901163],[172.501451,-5.537527],[172.501468,-3.719345],[172.50148,-2.355709],[170.544403,-2.355309],[169.180767,-2.35503],[167.362585,-2.354658],[165.998949,-2.354379],[164.383978,-2.354049],[163.995926,-0.867637],[163.994683,0.618695],[163.993026,2.600472],[163.991783,4.086804],[163.990126,6.068581],[163.988883,7.554913],[162.518512,8.050357],[161.048556,8.050357],[160.559726,9.455046],[160.560882,10.859735],[160.563146,12.677916],[160.564844,14.041551],[160.567108,15.859732],[160.568981,17.359731],[160.571477,19.359729],[160.573349,20.859728],[162.500152,20.859781],[163.863789,20.859818],[165.681971,20.859868],[167.045607,20.859905],[168.863789,20.859954],[170.227425,20.859992],[172.045607,20.860042],[172.500558,21.822429],[172.50137,23.74718],[172.501979,25.190743],[172.502756,27.035566],[172.503331,28.399203],[172.504096,30.217385],[172.504706,31.67193],[172.505542,33.671929],[172.506169,35.171928],[172.506953,37.035564],[172.507527,38.399201],[172.508293,40.217383],[172.508867,41.581019],[172.509633,43.399201],[172.510207,44.762837],[172.510972,46.581019],[172.511547,47.944655],[172.512312,49.762837],[172.508224,50.671936],[172.967056,51.55717],[174.261119,50.916482],[175.996838,50.047944],[177.333909,49.370998],[179.110077,48.443828],[180,47.505043],[180,45.525212],[180,44.040338],[180,42.060507],[180,40.575634],[180,38.595803],[180,37.11093],[180,35.131099],[180,33.646225],[180,31.666394],[180,30.181521],[180,28.20169],[180,26.716817],[180,24.736986],[180,23.252113],[180,21.272282],[180,19.787408],[180,17.807577],[180,16.322704],[180,14.342873],[180,12.363042],[180,10.878169],[180,8.898338],[180,7.413465],[180,5.433634],[180,3.94876],[180,1.968929],[180,0.484056],[180,-1.500711],[180,-3.000391],[180,-4.999964],[180,-6.499644],[180,-8.499218],[180,-9.998898],[180,-11.998471],[180,-13.498151],[180,-15.497725],[180,-16.997405],[180,-18.996978],[180,-20.496658],[180,-22.496232],[180,-23.995912],[180,-25.995485],[180,-27.495165],[180,-29.494739],[180,-30.994419],[180,-32.993992],[180,-34.493672],[180,-36.493246],[180,-37.992926],[180,-39.992499],[180,-41.492179],[180,-43.491753],[180,-44.991433],[180,-46.991006],[180,-48.490687],[180,-50.49026],[179.988516,-51.5],[179.988516,-52.900002],[179.988516,-53.900002],[179.988516,-55.233335],[179.988516,-56.233335],[179.988516,-57.566669],[179.988516,-58.566669],[179.988516,-59.900002],[179.988516,-60.900002],[179.988516,-62.233335],[179.988516,-63.233335],[179.988516,-64.566669],[179.988516,-65.566669],[179.988516,-66.900002],[179.988516,-67.900002],[179.988516,-69.233335],[179.988516,-70.233335],[179.988516,-71.566669],[179.988516,-72.566669],[179.988516,-73.900002],[179.988516,-74.900002],[179.988516,-76.233335],[179.988516,-77.233335],[179.988516,-78.566669],[179.988516,-79.566669],[179.988516,-80.900002],[179.988516,-81.900002],[179.988516,-83.233335],[179.988516,-84.752921]],[[179.988516,-43.000965],[179.988515,-43.000965],[179.988515,-43.438907],[179.988515,-43.876849],[179.988515,-44.314791],[179.988515,-44.752733],[179.988515,-45.190675],[179.988515,-45.628617],[179.988515,-46.066559],[179.988515,-46.504501],[179.988516,-46.504501],[179.988516,-46.066559],[179.988516,-45.628617],[179.988516,-45.190675],[179.988516,-44.752733],[179.988516,-44.314791],[179.988516,-43.876849],[179.988516,-43.438907],[179.988516,-43.000965]]]]}},{"type":"Feature","properties":{"objectid":1,"scalerank":6,"featurecla":"Timezone","name":"-11","map_color6":5,"map_color8":3,"note":null,"zone":-11,"utc_format":"UTC-11:00","time_zone":"UTC-11:00","iso_8601":"2012-05-30T17:33:50-11:00","places":"Antarctica","dst_places":null,"tz_name1st":"Antarctica/","tz_namesum":0},"bbox":[-172.538728,-90,-157.506348,-76.863426],"geometry":{"type":"Polygon","coordinates":[[[-157.506348,-76.888801],[-157.506348,-77.365201],[-157.506348,-77.8416],[-157.506348,-78.318],[-157.506348,-78.794399],[-157.506348,-79.270799],[-157.506348,-79.747198],[-157.506348,-80.223598],[-157.506348,-80.699997],[-157.506348,-81.154542],[-157.506348,-81.609088],[-157.506348,-82.063633],[-157.506348,-82.518179],[-157.506348,-82.972724],[-157.506348,-83.42727],[-157.506348,-83.881815],[-157.506348,-84.336361],[-157.506348,-84.790906],[-157.506348,-85.245452],[-157.506348,-85.699997],[-157.506348,-86.177768],[-157.506348,-86.655538],[-157.506348,-87.133309],[-157.506348,-87.611079],[-157.506348,-88.08885],[-157.506348,-88.566621],[-157.506348,-89.044391],[-157.506348,-89.522162],[-157.506348,-89.999933],[-157.98721,-90],[-158.428152,-90],[-158.869094,-90],[-159.310037,-90],[-159.750979,-90],[-160.191921,-90],[-160.632863,-90],[-161.073805,-90],[-161.514748,-90],[-161.95569,-90],[-162.396632,-90],[-162.837574,-90],[-163.278516,-90],[-163.719459,-90],[-164.160401,-90],[-164.601343,-90],[-165.042285,-90],[-165.483227,-90],[-165.92417,-90],[-166.365112,-90],[-166.806054,-90],[-167.246996,-90],[-167.687938,-90],[-168.128881,-90],[-168.569823,-90],[-169.010765,-90],[-169.451707,-90],[-169.892649,-90],[-170.333592,-90],[-170.774534,-90],[-171.215476,-90],[-171.656418,-90],[-172.097361,-90],[-172.538303,-90],[-172.538318,-89.575001],[-172.538333,-89.150001],[-172.538348,-88.725002],[-172.538364,-88.300003],[-172.53838,-87.845458],[-172.538397,-87.390912],[-172.538414,-86.936367],[-172.53843,-86.481821],[-172.538447,-86.027276],[-172.538464,-85.57273],[-172.53848,-85.118185],[-172.538497,-84.663639],[-172.538513,-84.209094],[-172.53853,-83.754548],[-172.538547,-83.300003],[-172.538564,-82.828574],[-172.538582,-82.357145],[-172.538599,-81.885716],[-172.538616,-81.414287],[-172.538634,-80.942858],[-172.538651,-80.471429],[-172.538669,-80],[-172.538684,-79.591816],[-172.538699,-79.183632],[-172.538714,-78.775449],[-172.538728,-78.367265],[-172.048689,-78.382686],[-171.55865,-78.398106],[-171.068611,-78.413527],[-170.578573,-78.428948],[-170.088534,-78.444369],[-169.598495,-78.45979],[-169.108456,-78.47521],[-168.618417,-78.490631],[-168.128378,-78.506052],[-167.638339,-78.521473],[-167.1483,-78.536894],[-166.658261,-78.552314],[-166.168222,-78.567735],[-165.678183,-78.583156],[-165.188144,-78.598577],[-164.698105,-78.613998],[-164.208066,-78.629419],[-163.75936,-78.571396],[-163.310655,-78.513374],[-162.86195,-78.455352],[-162.413245,-78.39733],[-161.96454,-78.339307],[-161.515835,-78.281285],[-161.06713,-78.223263],[-160.618425,-78.165241],[-160.16972,-78.107219],[-159.721015,-78.049196],[-159.317684,-77.997042],[-159.459071,-77.953032],[-159.512871,-77.924439],[-159.545986,-77.8947],[-159.555131,-77.839859],[-159.507738,-77.780638],[-159.394521,-77.702157],[-159.259606,-77.648051],[-159.206901,-77.594787],[-159.154987,-77.559678],[-159.179142,-77.527832],[-159.178783,-77.50392],[-159.124411,-77.441822],[-159.194063,-77.379901],[-159.214377,-77.323881],[-159.197402,-77.274118],[-159.134448,-77.209656],[-159.178667,-77.139253],[-159.150395,-77.069364],[-159.098711,-77.028928],[-159.005743,-76.987791],[-158.874203,-76.948291],[-158.735622,-76.918863],[-158.607167,-76.901305],[-158.438104,-76.886003],[-158.115494,-76.867665],[-157.969713,-76.863426],[-157.827776,-76.864748],[-157.677683,-76.872127],[-157.535641,-76.885163],[-157.506348,-76.888801]]]}},{"type":"Feature","properties":{"objectid":2,"scalerank":6,"featurecla":"Timezone","name":"-10","map_color6":4,"map_color8":4,"note":null,"zone":-10,"utc_format":"UTC-10:00","time_zone":"UTC-10:00","iso_8601":"2012-05-30T18:33:50-10:00","places":"Antarctica","dst_places":null,"tz_name1st":"Antarctica/","tz_namesum":0},"bbox":[-157.506348,-90,-142.529282,-75.236236],"geometry":{"type":"Polygon","coordinates":[[[-142.529282,-75.236236],[-142.529282,-75.699059],[-142.529282,-76.161882],[-142.529282,-76.624705],[-142.529282,-77.087528],[-142.529282,-77.550352],[-142.529282,-78.013175],[-142.529282,-78.475998],[-142.529282,-78.930543],[-142.529282,-79.385089],[-142.529282,-79.839634],[-142.529282,-80.29418],[-142.529282,-80.748725],[-142.529282,-81.203271],[-142.529282,-81.657816],[-142.529282,-82.112362],[-142.529282,-82.566907],[-142.529282,-83.021453],[-142.529282,-83.475998],[-142.529282,-83.930543],[-142.529282,-84.385089],[-142.529282,-84.839634],[-142.529282,-85.29418],[-142.529282,-85.748725],[-142.529282,-86.203271],[-142.529282,-86.657816],[-142.529282,-87.112362],[-142.529282,-87.566907],[-142.529282,-88.021453],[-142.529282,-88.475998],[-142.529282,-88.856998],[-142.529282,-89.237999],[-142.529282,-89.618999],[-142.529282,-90],[-142.969784,-90],[-143.410286,-90],[-143.850788,-90],[-144.29129,-90],[-144.731792,-90],[-145.172294,-90],[-145.612796,-90],[-146.053297,-90],[-146.493799,-90],[-146.934301,-90],[-147.374803,-90],[-147.815305,-90],[-148.255807,-90],[-148.696309,-90],[-149.136811,-90],[-149.577313,-90],[-150.017815,-90],[-150.458317,-90],[-150.898819,-90],[-151.339321,-90],[-151.779823,-90],[-152.220325,-90],[-152.660827,-90],[-153.101329,-90],[-153.541831,-90],[-153.982332,-90],[-154.422834,-90],[-154.863336,-90],[-155.303838,-90],[-155.74434,-90],[-156.184842,-90],[-156.625344,-90],[-157.065846,-90],[-157.506348,-90],[-157.506348,-89.522222],[-157.506348,-89.044444],[-157.506348,-88.566666],[-157.506348,-88.088888],[-157.506348,-87.611109],[-157.506348,-87.133331],[-157.506348,-86.655553],[-157.506348,-86.177775],[-157.506348,-85.699997],[-157.506348,-85.245452],[-157.506348,-84.790906],[-157.506348,-84.336361],[-157.506348,-83.881815],[-157.506348,-83.42727],[-157.506348,-82.972724],[-157.506348,-82.518179],[-157.506348,-82.063633],[-157.506348,-81.609088],[-157.506348,-81.154542],[-157.506348,-80.699997],[-157.506348,-80.223598],[-157.506348,-79.747198],[-157.506348,-79.270799],[-157.506348,-78.794399],[-157.506348,-78.318],[-157.506348,-77.8416],[-157.506348,-77.365201],[-157.506348,-76.888801],[-157.283749,-76.91645],[-157.17469,-76.924278],[-157.067636,-76.927161],[-156.92295,-76.921122],[-156.731392,-76.895789],[-156.594945,-76.882306],[-156.366808,-76.871831],[-155.898192,-76.865719],[-155.71178,-76.868721],[-155.517651,-76.882302],[-155.234285,-76.917395],[-155.190664,-76.919717],[-154.897475,-76.908555],[-154.738338,-76.890691],[-154.505983,-76.875296],[-154.338083,-76.870295],[-154.164687,-76.872053],[-153.910794,-76.886466],[-153.661306,-76.914576],[-153.48049,-76.94929],[-153.26409,-77.007632],[-152.971552,-77.015094],[-152.778281,-77.027446],[-152.564705,-77.055037],[-152.340848,-77.104962],[-152.079903,-77.11476],[-151.952883,-77.09324],[-151.663534,-77.059182],[-151.637925,-77.052551],[-151.666615,-77.004332],[-151.661283,-76.963177],[-151.635763,-76.933377],[-151.550365,-76.873674],[-151.690819,-76.798272],[-151.718392,-76.769745],[-151.727753,-76.740723],[-151.70312,-76.690052],[-151.630573,-76.641545],[-151.55219,-76.60954],[-151.474945,-76.586196],[-151.285652,-76.547449],[-151.086804,-76.524588],[-150.701577,-76.505487],[-150.611403,-76.489434],[-150.571557,-76.471213],[-150.548034,-76.448392],[-150.536083,-76.362944],[-150.492334,-76.306063],[-150.395526,-76.246429],[-150.26641,-76.197384],[-150.101144,-76.155672],[-149.906089,-76.123979],[-149.698969,-76.104241],[-149.466905,-76.096683],[-149.355067,-76.037026],[-149.205701,-75.988625],[-148.989749,-75.94347],[-148.750139,-75.910109],[-148.544843,-75.896059],[-148.293196,-75.890943],[-148.072982,-75.893157],[-147.869409,-75.906255],[-147.62172,-75.877597],[-147.412429,-75.866476],[-147.308108,-75.865954],[-147.092572,-75.875016],[-147.022202,-75.874341],[-146.819665,-75.784196],[-146.777649,-75.742809],[-146.797093,-75.698401],[-146.901799,-75.636918],[-146.941254,-75.596603],[-146.94648,-75.55372],[-146.913393,-75.510132],[-146.839802,-75.46404],[-146.734177,-75.422794],[-146.587326,-75.385495],[-146.401061,-75.349075],[-146.213841,-75.324453],[-146.013492,-75.310775],[-145.821349,-75.308173],[-145.611246,-75.317321],[-145.424067,-75.335035],[-145.270493,-75.357703],[-144.970781,-75.420051],[-144.805743,-75.460572],[-144.588355,-75.430159],[-144.232447,-75.414265],[-143.92493,-75.381657],[-143.617412,-75.349049],[-143.430066,-75.341026],[-143.237294,-75.343937],[-143.110357,-75.305267],[-142.959713,-75.272344],[-142.799203,-75.250719],[-142.731709,-75.245969],[-142.607153,-75.237202],[-142.529282,-75.236236]]]}},{"type":"Feature","properties":{"objectid":0,"scalerank":6,"featurecla":"Timezone","name":"-12","map_color6":1,"map_color8":8,"note":null,"zone":-12,"utc_format":"UTC-12:00","time_zone":"UTC-12:00","iso_8601":"2012-05-30T16:33:50-12:00","places":"Antarctica","dst_places":null,"tz_name1st":"Antarctica/","tz_namesum":0},"bbox":[-180,-90,-172.538303,-77.966003],"geometry":{"type":"Polygon","coordinates":[[[-179.558728,-90],[-180,-90],[-180,-89.666667],[-180,-89.333333],[-180,-89],[-180,-88.666667],[-180,-88.333333],[-180,-88],[-180,-87.666667],[-180,-87.333333],[-180,-87],[-180,-86.75],[-180,-86.5],[-180,-86.166667],[-180,-85.833333],[-180,-85.5],[-180,-85.214341],[-180,-84.731119],[-180,-84.247896],[-180,-83.764674],[-180,-83.281451],[-180,-82.798229],[-180,-82.315006],[-180,-81.831784],[-180,-81.348561],[-180,-80.865339],[-180,-80.382116],[-180,-79.898893],[-180,-79.415671],[-180,-78.932448],[-180,-78.449226],[-180,-77.966003],[-179.541502,-78.004212],[-179.083003,-78.042422],[-178.624505,-78.080631],[-178.166006,-78.11884],[-177.707508,-78.157049],[-177.249009,-78.195258],[-176.790511,-78.233467],[-176.31809,-78.248334],[-175.84567,-78.2632],[-175.37325,-78.278067],[-174.90083,-78.292933],[-174.428409,-78.307799],[-173.955989,-78.322666],[-173.483569,-78.337532],[-173.011149,-78.352398],[-172.538728,-78.367265],[-172.538714,-78.775449],[-172.538699,-79.183632],[-172.538684,-79.591816],[-172.538669,-80],[-172.538651,-80.471429],[-172.538634,-80.942858],[-172.538616,-81.414287],[-172.538599,-81.885716],[-172.538582,-82.357145],[-172.538564,-82.828574],[-172.538547,-83.300003],[-172.53853,-83.754548],[-172.538513,-84.209094],[-172.538497,-84.663639],[-172.53848,-85.118185],[-172.538464,-85.57273],[-172.538447,-86.027276],[-172.53843,-86.481821],[-172.538414,-86.936367],[-172.538397,-87.390912],[-172.53838,-87.845458],[-172.538364,-88.300003],[-172.538348,-88.725002],[-172.538333,-89.150001],[-172.538318,-89.575001],[-172.538303,-90],[-172.939655,-90],[-173.380926,-90],[-173.822198,-90],[-174.263469,-90],[-174.704741,-90],[-175.146013,-90],[-175.587284,-90],[-176.028556,-90],[-176.469827,-90],[-176.911099,-90],[-177.35237,-90],[-177.793642,-90],[-178.234914,-90],[-178.676185,-90],[-179.117457,-90],[-179.558728,-90]]]}},{"type":"Feature","properties":{"objectid":7,"scalerank":6,"featurecla":"Timezone","name":"-7","map_color6":1,"map_color8":1,"note":null,"zone":-7,"utc_format":"UTC-07:00","time_zone":"UTC-07:00","iso_8601":"2012-05-30T21:33:50-07:00","places":"Antarctica","dst_places":null,"tz_name1st":"Antarctica/","tz_namesum":0},"bbox":[-112.503342,-90,-97.537091,-71.548073],"geometry":{"type":"Polygon","coordinates":[[[-97.537091,-71.680116],[-97.537381,-72.15703],[-97.537672,-72.633945],[-97.538253,-73.587774],[-97.538543,-74.064688],[-97.539124,-75.018517],[-97.539401,-75.473062],[-97.539954,-76.382153],[-97.540231,-76.836699],[-97.540784,-77.74579],[-97.541061,-78.200335],[-97.541614,-79.109426],[-97.541891,-79.563972],[-97.542456,-80.489946],[-97.542743,-80.961375],[-97.543319,-81.904233],[-97.543606,-82.375662],[-97.544182,-83.31852],[-97.544459,-83.773065],[-97.544735,-84.227611],[-97.545289,-85.136702],[-97.545566,-85.591247],[-97.546119,-86.500338],[-97.546396,-86.954884],[-97.546949,-87.863975],[-97.547226,-88.31852],[-97.547737,-89.15926],[-97.547992,-89.57963],[-97.988104,-90],[-98.427959,-90],[-99.307671,-90],[-99.747526,-90],[-100.627238,-90],[-101.067094,-90],[-101.946805,-90],[-102.386661,-90],[-103.266372,-90],[-103.706228,-90],[-104.146084,-90],[-105.025795,-90],[-105.465651,-90],[-106.345362,-90],[-106.785218,-90],[-107.664929,-90],[-108.104785,-90],[-108.984496,-90],[-109.424352,-90],[-110.304063,-90],[-110.743919,-90],[-111.623631,-90],[-112.063486,-90],[-112.503332,-89.505639],[-112.503321,-89.011278],[-112.503301,-88.022556],[-112.503291,-87.528195],[-112.503281,-87.033834],[-112.50326,-86.045112],[-112.50325,-85.550751],[-112.50323,-84.64166],[-112.503221,-84.187115],[-112.503201,-83.278024],[-112.503192,-82.823478],[-112.503172,-81.914387],[-112.503162,-81.459842],[-112.503143,-80.550751],[-112.503133,-80.096206],[-112.503114,-79.187115],[-112.503104,-78.732569],[-112.503085,-77.823478],[-112.503075,-77.368933],[-112.503056,-76.459842],[-112.503047,-76.005296],[-112.503029,-75.217415],[-112.503022,-74.884079],[-112.503014,-74.550743],[-112.452892,-74.092446],[-112.29217,-74.051653],[-111.967394,-73.990541],[-111.825657,-73.975409],[-111.388173,-73.971388],[-110.984997,-74.001525],[-110.480029,-74.037735],[-110.273427,-74.052307],[-110.00843,-74.0982],[-109.889088,-74.132994],[-109.541797,-74.293464],[-109.476211,-74.355686],[-109.356119,-74.449248],[-109.324579,-74.525251],[-109.362752,-74.629302],[-109.453209,-74.701739],[-109.462756,-74.764608],[-109.542937,-74.85122],[-109.641132,-74.9017],[-109.630493,-74.92491],[-109.574358,-74.936918],[-109.06278,-74.97593],[-108.656015,-75.004385],[-107.842485,-75.061296],[-107.698254,-75.077716],[-107.272516,-75.107286],[-107.080968,-75.102027],[-106.649613,-75.1119],[-106.566334,-75.108353],[-106.056023,-75.039605],[-105.941696,-75.026046],[-105.631142,-74.967449],[-105.49208,-74.937923],[-105.144875,-74.902698],[-104.790685,-74.899953],[-104.649675,-74.905049],[-104.085287,-74.914143],[-103.839023,-74.923845],[-103.35993,-74.878511],[-103.14771,-74.882074],[-102.396501,-74.902263],[-102.227793,-74.909528],[-101.894177,-74.87794],[-101.749116,-74.87546],[-101.461238,-74.880194],[-101.377914,-74.862847],[-101.317772,-74.793582],[-101.360471,-74.759812],[-101.482068,-74.72454],[-101.783397,-74.683724],[-102.114786,-74.591253],[-102.21248,-74.530029],[-102.239729,-74.47303],[-102.188531,-74.263387],[-102.17061,-74.219931],[-102.313273,-74.17092],[-102.463242,-74.156129],[-102.923841,-74.139938],[-103.045172,-74.129848],[-103.287621,-74.090623],[-103.421722,-74.053933],[-103.598895,-73.970945],[-103.645893,-73.928749],[-103.668611,-73.843534],[-103.633897,-73.786337],[-103.723208,-73.599907],[-103.699142,-73.556851],[-103.583518,-73.481943],[-103.458174,-73.434475],[-103.8325,-73.29671],[-103.854082,-73.294706],[-103.921715,-73.30555],[-104.384955,-73.403985],[-104.510768,-73.416467],[-104.842675,-73.423841],[-105.02234,-73.412805],[-105.341275,-73.362337],[-105.470558,-73.326579],[-105.688538,-73.2311],[-105.77047,-73.172775],[-105.859296,-73.050781],[-105.863362,-72.987844],[-105.769201,-72.895938],[-105.674699,-72.848357],[-105.446027,-72.776705],[-105.317347,-72.753654],[-105.03774,-72.73273],[-104.89876,-72.734447],[-104.75446,-72.743868],[-104.509564,-72.782876],[-104.363011,-72.82935],[-104.116356,-72.955597],[-104.083384,-72.960732],[-104.131937,-72.869549],[-104.124246,-72.814756],[-103.902894,-72.65095],[-103.753311,-72.599118],[-103.282673,-72.513461],[-103.085271,-72.49975],[-102.70062,-72.510515],[-102.633522,-72.316338],[-102.83558,-72.250174],[-102.926948,-72.195615],[-103.000472,-72.089688],[-102.995536,-72.0349],[-102.896678,-71.931562],[-102.818781,-71.89399],[-102.720093,-71.861684],[-102.377697,-71.787646],[-102.200066,-71.768282],[-101.261703,-71.716297],[-100.792521,-71.690304],[-100.52636,-71.637599],[-100.313491,-71.616787],[-99.947298,-71.623462],[-99.787617,-71.644026],[-99.600746,-71.682279],[-99.574569,-71.683822],[-99.2449,-71.595854],[-99.082846,-71.567037],[-98.520227,-71.548073],[-98.372862,-71.553694],[-97.964381,-71.619598],[-97.682695,-71.671704],[-97.537091,-71.680116]]]}},{"type":"Feature","properties":{"objectid":8,"scalerank":6,"featurecla":"Timezone","name":"-6","map_color6":6,"map_color8":2,"note":null,"zone":-6,"utc_format":"UTC-06:00","time_zone":"UTC-06:00","iso_8601":"2012-05-30T22:33:50-06:00","places":"Antarctica","dst_places":null,"tz_name1st":"Antarctica/","tz_namesum":0},"bbox":[-97.548248,-90,-82.491687,-71.624061],"geometry":{"type":"Polygon","coordinates":[[[-96.878767,-71.624061],[-96.607014,-71.634144],[-96.401216,-71.626214],[-96.268473,-71.627687],[-96.101109,-71.640917],[-95.950614,-71.663055],[-95.818937,-71.692001],[-95.688817,-71.730146],[-95.513286,-71.794458],[-95.42034,-71.848937],[-95.292629,-71.871091],[-95.20111,-71.893194],[-95.024267,-71.962498],[-94.958289,-72.003065],[-94.836601,-72.107554],[-94.820105,-72.159969],[-94.850928,-72.22044],[-94.770973,-72.263172],[-94.738779,-72.265389],[-94.64314,-72.258157],[-94.53547,-72.256341],[-94.327499,-72.266959],[-94.163783,-72.290173],[-93.771666,-72.358755],[-93.619821,-72.358635],[-93.396667,-72.340468],[-93.277241,-72.335124],[-93.136875,-72.335519],[-92.998392,-72.343071],[-92.864942,-72.35779],[-92.756949,-72.376112],[-92.641198,-72.404138],[-92.547957,-72.435933],[-92.472301,-72.474961],[-92.094291,-72.440566],[-91.953782,-72.407929],[-91.669029,-72.358202],[-91.484073,-72.342465],[-91.124542,-72.332997],[-90.959315,-72.334884],[-90.786596,-72.347064],[-90.628955,-72.368441],[-90.487702,-72.397787],[-90.352812,-72.437805],[-90.189619,-72.501448],[-90.088274,-72.518723],[-89.994809,-72.512062],[-89.766428,-72.461421],[-89.55072,-72.433578],[-89.341857,-72.425922],[-89.090278,-72.436062],[-88.733493,-72.461112],[-88.376709,-72.486163],[-88.019924,-72.511213],[-87.881361,-72.528991],[-87.745914,-72.558637],[-87.570916,-72.625656],[-87.504447,-72.666529],[-87.452128,-72.711153],[-87.420771,-72.76022],[-87.398795,-72.83106],[-87.402006,-72.866538],[-87.428457,-72.911251],[-87.412444,-72.930512],[-87.327262,-72.950626],[-87.074241,-72.97598],[-86.933229,-72.998249],[-86.697152,-73.072903],[-86.48529,-73.047686],[-86.319336,-73.008558],[-86.223589,-72.991294],[-86.020378,-72.969257],[-85.866494,-72.962227],[-85.709957,-72.962257],[-85.554849,-72.969165],[-85.40525,-72.982757],[-85.265241,-73.002836],[-85.16288,-73.023431],[-84.992765,-73.076247],[-84.925699,-73.110402],[-84.879172,-73.147789],[-84.846475,-73.239044],[-84.672926,-73.301585],[-84.615619,-73.315908],[-84.525051,-73.338544],[-84.458292,-73.348404],[-84.397215,-73.351654],[-84.197795,-73.340737],[-84.015789,-73.338323],[-83.735489,-73.345624],[-83.714157,-73.347328],[-83.468695,-73.366935],[-83.336399,-73.38633],[-83.218403,-73.415119],[-83.119559,-73.4517],[-83.044033,-73.495235],[-82.704496,-73.511186],[-82.62666,-73.518838],[-82.493378,-73.53806],[-82.493327,-74.036904],[-82.493224,-75.034594],[-82.493173,-75.533438],[-82.493122,-76.032283],[-82.49307,-76.531127],[-82.493019,-77.029972],[-82.492968,-77.528817],[-82.492917,-78.027661],[-82.492866,-78.526506],[-82.492814,-79.025351],[-82.492763,-79.524195],[-82.492712,-80.02304],[-82.492609,-81.020729],[-82.492558,-81.519574],[-82.492507,-82.018418],[-82.492456,-82.517263],[-82.492405,-83.016108],[-82.492353,-83.514952],[-82.492302,-84.013797],[-82.492251,-84.512642],[-82.4922,-85.011486],[-82.492148,-85.510331],[-82.492097,-86.009175],[-82.491995,-87.006865],[-82.491944,-87.505709],[-82.491892,-88.004554],[-82.491841,-88.503399],[-82.49179,-89.002243],[-82.491739,-89.501088],[-82.491687,-89.999933],[-82.901302,-89.999966],[-83.310917,-90],[-83.755833,-90],[-84.20075,-90],[-85.090583,-90],[-85.5355,-90],[-85.980416,-90],[-86.425333,-90],[-86.870249,-90],[-87.315166,-90],[-87.760083,-90],[-88.204999,-90],[-88.649916,-90],[-89.094832,-90],[-89.539749,-90],[-90.429582,-90],[-90.874499,-90],[-91.319415,-90],[-91.764332,-90],[-92.209249,-90],[-92.654165,-90],[-93.099082,-90],[-93.543998,-90],[-93.988915,-90],[-94.433832,-90],[-94.878748,-90],[-95.768582,-90],[-96.213498,-90],[-96.658415,-90],[-97.103331,-90],[-97.548248,-90],[-97.547992,-89.57963],[-97.547737,-89.15926],[-97.547481,-88.73889],[-97.547226,-88.31852],[-97.546949,-87.863975],[-97.546672,-87.409429],[-97.546119,-86.500338],[-97.545842,-86.045793],[-97.545566,-85.591247],[-97.545289,-85.136702],[-97.545012,-84.682156],[-97.544735,-84.227611],[-97.544459,-83.773065],[-97.544182,-83.31852],[-97.543894,-82.847091],[-97.543606,-82.375662],[-97.543319,-81.904233],[-97.542743,-80.961375],[-97.542456,-80.489946],[-97.542168,-80.018517],[-97.541891,-79.563972],[-97.541614,-79.109426],[-97.541338,-78.654881],[-97.541061,-78.200335],[-97.540784,-77.74579],[-97.540508,-77.291244],[-97.540231,-76.836699],[-97.539954,-76.382153],[-97.539401,-75.473062],[-97.539124,-75.018517],[-97.538833,-74.541603],[-97.538543,-74.064688],[-97.538253,-73.587774],[-97.537962,-73.110859],[-97.537672,-72.633945],[-97.537381,-72.15703],[-97.537091,-71.680116],[-97.422562,-71.683719],[-97.150452,-71.638269],[-96.878767,-71.624061]]]}},{"type":"Feature","properties":{"objectid":9,"scalerank":6,"featurecla":"Timezone","name":"-5","map_color6":5,"map_color8":3,"note":null,"zone":-5,"utc_format":"UTC-05:00","time_zone":"UTC-05:00","iso_8601":"2012-05-30T23:33:50-05:00","places":"Antarctica","dst_places":null,"tz_name1st":"Antarctica/","tz_namesum":0},"bbox":[-82.493378,-90,-67.492767,-66.099408],"geometry":{"type":"MultiPolygon","coordinates":[[[[-68.143869,-66.503407],[-68.31145,-66.503407],[-68.244428,-66.480182],[-68.096117,-66.440274],[-67.814922,-66.391253],[-67.719628,-66.365605],[-67.688952,-66.344977],[-67.595925,-66.167352],[-67.51671,-66.108605],[-67.492767,-66.099408],[-67.492767,-66.503407],[-67.818318,-66.503407],[-68.143869,-66.503407]]],[[[-69.148465,-69.211266],[-69.076402,-69.215096],[-68.617814,-69.106125],[-68.493232,-69.084021],[-68.260149,-69.070229],[-68.143427,-69.075732],[-67.734885,-69.139882],[-67.712613,-69.139863],[-67.673359,-69.123008],[-67.685629,-69.112862],[-67.978568,-68.958313],[-68.041309,-68.896739],[-68.047508,-68.775706],[-67.987004,-68.71967],[-67.736688,-68.626144],[-67.492767,-69.050764],[-67.492767,-69.475383],[-67.492767,-70.354547],[-67.492767,-70.809093],[-67.492767,-71.718184],[-67.492767,-72.172729],[-67.492767,-73.08182],[-67.492767,-73.536366],[-67.492767,-74.445457],[-67.492767,-74.900002],[-67.492767,-75.809093],[-67.492767,-76.263638],[-67.492767,-77.172729],[-67.492767,-78.08182],[-67.492767,-78.536366],[-67.492767,-79.445457],[-67.492767,-79.900002],[-67.492767,-80.809093],[-67.492767,-81.263638],[-67.492767,-82.172729],[-67.492767,-82.627275],[-67.492767,-83.536366],[-67.492767,-83.990911],[-67.492767,-84.900002],[-67.492767,-85.363638],[-67.492767,-86.290911],[-67.492767,-87.218183],[-67.492767,-87.681819],[-67.492767,-88.609091],[-67.492767,-89.072728],[-67.492767,-90],[-67.567589,-90],[-68.234256,-90],[-68.567589,-90],[-69.234256,-90],[-69.567589,-90],[-70.234256,-90],[-70.567589,-90],[-71.234256,-90],[-71.900922,-90],[-72.234256,-90],[-72.900922,-90],[-73.234256,-90],[-73.900922,-90],[-74.234256,-90],[-74.900922,-90],[-75.234256,-90],[-75.900922,-90],[-76.234256,-90],[-76.900922,-90],[-77.234256,-90],[-77.900922,-90],[-78.567589,-90],[-78.900922,-90],[-79.567589,-90],[-79.900922,-90],[-80.567589,-90],[-80.900922,-90],[-81.567589,-90],[-82.029638,-89.999966],[-82.491739,-89.501088],[-82.49179,-89.002243],[-82.491892,-88.004554],[-82.491944,-87.505709],[-82.492046,-86.50802],[-82.492148,-85.510331],[-82.4922,-85.011486],[-82.492302,-84.013797],[-82.492353,-83.514952],[-82.492456,-82.517263],[-82.492507,-82.018418],[-82.492609,-81.020729],[-82.492661,-80.521885],[-82.492763,-79.524195],[-82.492814,-79.025351],[-82.492917,-78.027661],[-82.492968,-77.528817],[-82.49307,-76.531127],[-82.493173,-75.533438],[-82.493224,-75.034594],[-82.493327,-74.036904],[-82.493378,-73.53806],[-82.129596,-73.60517],[-82.072186,-73.611771],[-82.019293,-73.590701],[-82.068855,-73.479358],[-82.084467,-73.304397],[-82.03879,-73.237629],[-81.859081,-73.131912],[-81.729238,-73.09414],[-81.40048,-73.040962],[-81.376814,-73.017996],[-81.316921,-72.921658],[-81.140106,-72.834845],[-81.031843,-72.804991],[-80.74591,-72.757057],[-80.604049,-72.745609],[-80.12858,-72.755599],[-79.806056,-72.792143],[-79.240901,-72.866196],[-79.089367,-72.905987],[-78.675391,-73.060497],[-78.576106,-73.103357],[-78.206539,-73.208209],[-78.095332,-73.2565],[-77.93879,-73.276825],[-77.588682,-73.257202],[-77.460534,-73.256323],[-77.179741,-73.253742],[-76.965984,-73.248568],[-76.893212,-73.228485],[-76.868161,-73.205255],[-76.76367,-73.034924],[-76.664575,-72.976574],[-76.468417,-72.841102],[-76.426528,-72.807121],[-76.200266,-72.724095],[-76.086736,-72.701153],[-75.819016,-72.648821],[-75.731751,-72.099812],[-75.855515,-72.067158],[-76.055394,-71.959465],[-76.095919,-71.906557],[-76.101404,-71.801593],[-76.047885,-71.736645],[-76.083752,-71.650823],[-76.050339,-71.595279],[-75.924005,-71.515383],[-75.994666,-71.340318],[-76.263399,-71.343587],[-76.563524,-71.318629],[-76.792742,-71.277562],[-76.971236,-71.215418],[-77.082323,-71.140097],[-77.18627,-70.947996],[-77.167286,-70.909755],[-76.974396,-70.788527],[-76.869261,-70.751149],[-76.439488,-70.654575],[-76.220817,-70.628633],[-75.67266,-70.59312],[-75.612195,-70.523569],[-75.353522,-70.418167],[-75.165864,-70.385169],[-75.705381,-70.333642],[-76.109081,-70.269853],[-76.263735,-70.219183],[-76.369759,-70.151383],[-76.44732,-70.035062],[-76.350326,-69.84538],[-76.24241,-69.776215],[-76.017361,-69.703336],[-75.958015,-69.660205],[-75.790876,-69.5978],[-75.661876,-69.573293],[-74.959766,-69.506698],[-74.831016,-69.510789],[-74.542392,-69.545504],[-74.310642,-69.603965],[-74.215756,-69.643554],[-74.029371,-69.74233],[-73.965899,-69.778416],[-73.566896,-69.565099],[-73.584148,-69.503866],[-73.471737,-69.370816],[-73.339843,-69.306647],[-73.003323,-69.221385],[-72.750575,-69.195034],[-72.771602,-69.041169],[-72.741462,-68.999394],[-72.578904,-68.896586],[-72.443868,-68.812755],[-72.362775,-68.786313],[-71.891006,-68.705252],[-71.596009,-68.660132],[-71.2634,-68.648488],[-71.02754,-68.610255],[-70.501237,-68.572415],[-70.312297,-68.573936],[-69.774936,-68.705098],[-69.663108,-68.748698],[-69.532946,-68.843477],[-69.471633,-68.991075],[-69.395515,-69.115467],[-69.148465,-69.211266]]]]}},{"type":"Feature","properties":{"objectid":10,"scalerank":6,"featurecla":"Timezone","name":"-4","map_color6":4,"map_color8":4,"note":null,"zone":-4,"utc_format":"UTC-04:00","time_zone":"UTC-04:00","iso_8601":"2012-05-31T00:33:50-04:00","places":"Palmer, Escudero, Great Wall, Gen. Bernado O'Higgins Stations","dst_places":"Falkland Islands, Palmer Station, Capitan Arturo Prat Station, Escudero Base, Gen. Bernado O'Higgons Station,","tz_name1st":"Antarctica/Palmer","tz_namesum":1},"bbox":[-67.492767,-90,-52.532249,-61.695678],"geometry":{"type":"Polygon","coordinates":[[[-58.018232,-61.695678],[-57.522837,-61.717507],[-57.255452,-61.827523],[-57.212228,-62.137115],[-57.627773,-62.237897],[-57.972054,-62.355997],[-58.67752,-62.505867],[-59.319992,-62.702156],[-60.074205,-63.036274],[-60.408518,-63.211721],[-60.894993,-63.19005],[-61.903538,-62.990716],[-61.639791,-63.140944],[-61.487771,-63.291706],[-61.531879,-63.517239],[-61.174261,-63.523288],[-60.73692,-63.458831],[-60.004993,-63.347729],[-59.700235,-63.34305],[-59.273061,-63.392781],[-58.501921,-63.229057],[-58.012531,-63.108448],[-57.294315,-63.000367],[-56.874639,-62.853929],[-56.380713,-62.77065],[-55.929908,-62.809588],[-55.504729,-62.922084],[-54.820567,-63.049632],[-54.594506,-63.19681],[-54.718808,-63.455611],[-55.050681,-63.559604],[-55.640752,-63.743776],[-55.982325,-63.791401],[-56.380587,-63.801967],[-56.884086,-63.146516],[-57.366421,-63.993953],[-56.410915,-64.417672],[-56.242653,-64.086963],[-56.107997,-64.267551],[-56.330624,-64.440123],[-56.670108,-64.636548],[-57.170983,-64.774723],[-57.56851,-64.759786],[-57.902661,-64.63205],[-58.4271,-64.676601],[-58.756523,-64.755337],[-59.207848,-64.723765],[-59.241467,-64.995029],[-58.933005,-65.224283],[-59.049654,-65.363613],[-59.380215,-65.449572],[-59.846206,-65.418973],[-60.193069,-65.293826],[-60.337659,-65.136887],[-60.592499,-65.104484],[-60.865056,-65.206089],[-61.300724,-65.404957],[-61.19849,-65.577129],[-60.843491,-65.701894],[-60.213467,-65.793685],[-60.053385,-65.895946],[-60.229762,-66.214664],[-60.459534,-66.386352],[-60.729109,-66.524353],[-61.415401,-66.646137],[-62.263523,-66.899098],[-62.692403,-66.934231],[-63.129933,-66.87557],[-63.426679,-67.065192],[-64.115832,-67.183242],[-64.202811,-67.317193],[-64.024023,-67.589365],[-64.085673,-67.721217],[-64.342233,-67.91676],[-64.205732,-68.076807],[-64.329333,-68.283763],[-64.146854,-68.289614],[-63.33643,-68.203341],[-62.414725,-68.293757],[-62.289826,-68.419246],[-62.369258,-68.570984],[-62.623901,-68.855538],[-62.494445,-68.920495],[-61.775861,-69.039519],[-61.236198,-69.326808],[-61.211798,-69.597388],[-60.851775,-69.691673],[-60.512435,-69.869021],[-60.588399,-70.0787],[-60.921485,-70.173796],[-61.091027,-70.318902],[-60.442748,-70.302471],[-59.981955,-70.39628],[-59.797741,-70.591908],[-60.039377,-70.805952],[-59.880815,-71.081348],[-60.107834,-71.211669],[-60.290742,-71.279205],[-60.425388,-71.484258],[-60.140213,-71.621388],[-60.16312,-71.850636],[-59.986261,-71.969244],[-59.44946,-72.153388],[-59.451668,-72.300395],[-59.668031,-72.411332],[-60.004645,-72.518538],[-59.650843,-72.689475],[-59.31436,-72.7939],[-59.296445,-73.148295],[-59.285834,-73.315522],[-59.631999,-73.4633],[-60.070887,-73.528582],[-59.987872,-73.742215],[-60.182274,-73.961102],[-60.26717,-74.064915],[-59.89351,-74.205255],[-59.88558,-74.345638],[-60.121203,-74.481298],[-60.515606,-74.673131],[-60.981225,-74.73461],[-61.005758,-74.825692],[-61.351161,-75.028554],[-59.701635,-75.353372],[-58.267847,-75.686418],[-56.834059,-76.019463],[-54.922341,-76.463523],[-53.488553,-76.796568],[-52.532681,-77.422655],[-52.532641,-78.634823],[-52.532583,-80.351379],[-52.532538,-81.663879],[-52.532492,-82.993424],[-52.532429,-84.811606],[-52.532381,-86.175243],[-52.532333,-87.538879],[-52.532266,-89.507776],[-53.41228,-90],[-54.732325,-90],[-56.052371,-90],[-57.812432,-90],[-59.132478,-90],[-60.452523,-90],[-62.212584,-90],[-63.53263,-90],[-64.852676,-90],[-66.172721,-90],[-67.492767,-89.536364],[-67.492767,-88.145455],[-67.492767,-86.754547],[-67.492767,-84.900002],[-67.492767,-83.536366],[-67.492767,-82.172729],[-67.492767,-80.354547],[-67.492767,-78.990911],[-67.492767,-77.627275],[-67.492767,-76.263638],[-67.492767,-74.445457],[-67.492767,-73.08182],[-67.492767,-71.718184],[-67.492767,-69.900002],[-67.492767,-68.626144],[-66.193279,-68.626144],[-66.193279,-66.927954],[-67.059604,-66.503407],[-67.416679,-66.070183],[-67.053901,-65.925146],[-66.682617,-65.740122],[-66.155063,-65.357568],[-65.84308,-65.265717],[-65.366742,-65.272746],[-65.12095,-65.347245],[-65.022995,-65.462346],[-65.157408,-65.624288],[-64.976419,-65.568794],[-64.787696,-65.464706],[-64.581796,-65.357807],[-64.498788,-65.048884],[-64.573143,-64.880312],[-64.773439,-64.760152],[-64.560021,-64.452368],[-64.130239,-64.259473],[-63.791088,-64.082444],[-63.211169,-64.027683],[-62.771097,-63.848494],[-62.387742,-63.773027],[-62.238517,-63.615916],[-62.618333,-63.496732],[-62.878139,-63.305812],[-63.175028,-63.086387],[-62.688853,-62.71777],[-62.292673,-62.665304],[-61.837646,-62.612364],[-61.50014,-62.439419],[-60.976398,-62.275717],[-60.617177,-62.276571],[-60.070651,-62.241507],[-59.532393,-62.13142],[-59.13456,-61.954902],[-58.573951,-61.737844],[-58.018232,-61.695678]],[[-58.714826,-61.861072],[-58.714826,-62.119946],[-58.714826,-62.37882],[-58.290921,-62.37882],[-58.290921,-62.119946],[-58.290921,-61.861072],[-58.714826,-61.861072]]]}},{"type":"Feature","properties":{"objectid":13,"scalerank":6,"featurecla":"Timezone","name":"-2","map_color6":2,"map_color8":7,"note":null,"zone":-2,"utc_format":"UTC-02:00","time_zone":"UTC-02:00","iso_8601":"2012-05-31T02:33:50-02:00","places":"Antarctica","dst_places":null,"tz_name1st":"Antarctica/","tz_namesum":0},"bbox":[-37.54919,-90,-22.51387,-75.432179],"geometry":{"type":"Polygon","coordinates":[[[-22.516667,-76.198891],[-22.516575,-76.653436],[-22.516483,-77.107982],[-22.516391,-77.562527],[-22.516299,-78.017073],[-22.516207,-78.471618],[-22.516115,-78.926164],[-22.516023,-79.380709],[-22.515932,-79.835255],[-22.51584,-80.2898],[-22.515748,-80.744346],[-22.515656,-81.198891],[-22.515564,-81.653436],[-22.515472,-82.107982],[-22.51538,-82.562527],[-22.515288,-83.017073],[-22.515196,-83.471618],[-22.515104,-83.926164],[-22.515012,-84.380709],[-22.514921,-84.835255],[-22.514829,-85.2898],[-22.514737,-85.744346],[-22.514645,-86.198891],[-22.514548,-86.67403],[-22.514451,-87.149168],[-22.514354,-87.624307],[-22.514257,-88.099445],[-22.51416,-88.574584],[-22.514064,-89.049723],[-22.513967,-89.524861],[-22.51387,-90],[-22.519909,-90],[-22.853242,-90],[-23.186576,-90],[-23.519909,-90],[-23.853242,-90],[-24.186576,-90],[-24.519909,-90],[-24.853242,-90],[-25.186576,-90],[-25.519909,-90],[-25.853242,-90],[-26.186576,-90],[-26.519909,-90],[-26.853242,-90],[-27.186576,-90],[-27.519909,-90],[-27.853242,-90],[-28.186576,-90],[-28.519909,-90],[-28.853242,-90],[-29.186576,-90],[-29.519909,-90],[-29.853242,-90],[-30.186576,-90],[-30.519909,-90],[-30.853242,-90],[-31.186576,-90],[-31.519909,-90],[-31.853242,-90],[-32.186576,-90],[-32.519909,-90],[-32.853242,-90],[-33.186576,-90],[-33.519909,-90],[-33.853242,-90],[-34.186576,-90],[-34.519909,-90],[-34.853242,-90],[-35.186576,-90],[-35.519909,-90],[-35.853242,-90],[-36.186576,-90],[-36.519909,-90],[-36.863003,-89.999978],[-37.206096,-89.999955],[-37.54919,-89.999933],[-37.549189,-89.536302],[-37.549188,-89.072672],[-37.549187,-88.609042],[-37.549186,-88.145412],[-37.549185,-87.681782],[-37.549184,-87.218152],[-37.549183,-86.754522],[-37.549182,-86.290892],[-37.549181,-85.827262],[-37.54918,-85.363632],[-37.549179,-84.900002],[-37.549178,-84.445457],[-37.549177,-83.990911],[-37.549176,-83.536366],[-37.549175,-83.08182],[-37.549174,-82.627275],[-37.549173,-82.172729],[-37.549172,-81.718184],[-37.549171,-81.263638],[-37.549169,-80.809093],[-37.549168,-80.354547],[-37.549167,-79.900002],[-37.549167,-79.760581],[-37.058613,-79.760581],[-36.56806,-79.760581],[-36.077506,-79.760581],[-35.586952,-79.760581],[-35.096399,-79.760581],[-34.605845,-79.760581],[-34.115291,-79.760581],[-33.624738,-79.760581],[-33.624856,-79.3076],[-33.624975,-78.85462],[-33.625094,-78.40164],[-33.625213,-77.94866],[-33.625331,-77.49568],[-33.62545,-77.0427],[-33.530351,-77.022881],[-33.163075,-76.970565],[-32.89114,-76.93515],[-32.618158,-76.915716],[-32.442058,-76.851566],[-32.276524,-76.813107],[-32.137374,-76.791833],[-31.833461,-76.75482],[-31.529548,-76.717806],[-31.440645,-76.704216],[-31.354311,-76.679537],[-31.115781,-76.578398],[-30.797869,-76.488112],[-30.657932,-76.461421],[-30.399481,-76.427121],[-30.350627,-76.412304],[-30.232691,-76.36173],[-29.98485,-76.294306],[-29.83384,-76.26464],[-29.625407,-76.237301],[-29.442849,-76.195162],[-29.298451,-76.169728],[-29.100227,-76.14326],[-28.752322,-76.102575],[-28.404418,-76.061891],[-28.210457,-76.039837],[-28,-76.025665],[-28,-76.245324],[-28,-76.540564],[-28,-76.828719],[-28,-77.154665],[-27.439287,-77.153632],[-26.956722,-77.153632],[-26.474157,-77.153632],[-25.991591,-77.153632],[-25.509026,-77.153632],[-25,-77.153138],[-25,-76.8],[-25,-76.3],[-25,-75.9],[-25,-75.61881],[-24.846996,-75.604706],[-24.516788,-75.560214],[-24.22093,-75.543472],[-23.923999,-75.538357],[-23.627069,-75.533242],[-23.367775,-75.504602],[-23.162908,-75.49535],[-22.927592,-75.454352],[-22.791973,-75.44114],[-22.649543,-75.433454],[-22.516822,-75.432179],[-22.516744,-75.815535],[-22.516667,-76.198891]]]}},{"type":"Feature","properties":{"objectid":14,"scalerank":6,"featurecla":"Timezone","name":"-1","map_color6":1,"map_color8":8,"note":null,"zone":-1,"utc_format":"UTC-01:00","time_zone":"UTC-01:00","iso_8601":"2012-05-31T03:33:50-01:00","places":"Aboa, Svea, Wasa, Novolazarevskaya Stations","dst_places":null,"tz_name1st":"Antarctica/Central","tz_namesum":1},"bbox":[-22.516822,-90,-7.528742,-70.705932],"geometry":{"type":"Polygon","coordinates":[[[-9.768699,-70.727353],[-9.768699,-71.13549],[-9.768699,-71.543628],[-9.320708,-71.951766],[-8.872716,-71.951766],[-7.976733,-71.951766],[-7.528742,-71.951766],[-7.529077,-72.839052],[-7.529245,-73.282695],[-7.52958,-74.169982],[-7.529748,-74.613625],[-7.530091,-75.522716],[-7.530263,-75.977261],[-7.530606,-76.886352],[-7.530778,-77.340898],[-7.531121,-78.249989],[-7.531293,-78.704534],[-7.531636,-79.613625],[-7.531745,-79.900002],[-7.532088,-80.809093],[-7.532259,-81.263638],[-7.532602,-82.172729],[-7.532774,-82.627275],[-7.532945,-83.08182],[-7.533288,-83.990911],[-7.533459,-84.445457],[-7.533806,-85.363638],[-7.533981,-85.827274],[-7.534331,-86.754547],[-7.534506,-87.218183],[-7.534856,-88.145455],[-7.535031,-88.609091],[-7.535381,-89.536364],[-7.535556,-90],[-8.513871,-90],[-8.847204,-90],[-9.513871,-90],[-9.847204,-90],[-10.513871,-90],[-10.847204,-90],[-11.513871,-90],[-11.847204,-90],[-12.513871,-90],[-12.847204,-90],[-13.513871,-90],[-13.847204,-90],[-14.180538,-90],[-14.847204,-90],[-15.180538,-90],[-16.01387,-90],[-16.51387,-90],[-17.180537,-90],[-17.51387,-90],[-18.180537,-90],[-18.51387,-90],[-19.180537,-90],[-19.51387,-90],[-20.180537,-90],[-20.51387,-90],[-21.180537,-90],[-21.51387,-90],[-22.180537,-90],[-22.51387,-90],[-22.514064,-89.049723],[-22.51416,-88.574584],[-22.514354,-87.624307],[-22.514451,-87.149168],[-22.514548,-86.67403],[-22.514737,-85.744346],[-22.514829,-85.2898],[-22.515012,-84.380709],[-22.515104,-83.926164],[-22.515288,-83.017073],[-22.51538,-82.562527],[-22.515564,-81.653436],[-22.515656,-81.198891],[-22.51584,-80.2898],[-22.515932,-79.835255],[-22.516115,-78.926164],[-22.516207,-78.471618],[-22.516391,-77.562527],[-22.516483,-77.107982],[-22.516667,-76.198891],[-22.516744,-75.815535],[-22.445532,-75.431495],[-22.242576,-75.434245],[-21.857423,-75.461848],[-21.643507,-75.461004],[-21.391166,-75.407859],[-21.238719,-75.366752],[-20.817979,-75.290271],[-20.574196,-75.266238],[-20.405142,-75.262451],[-20.020813,-75.284905],[-19.968675,-75.291632],[-19.711437,-75.319307],[-19.674459,-75.316813],[-19.682308,-75.200035],[-19.64892,-75.165807],[-19.375006,-75.038696],[-19.273956,-74.954617],[-19.131865,-74.888234],[-18.923622,-74.839117],[-18.7371,-74.740578],[-18.726647,-74.714356],[-18.728708,-74.581915],[-18.67946,-74.546647],[-18.550043,-74.493991],[-18.429238,-74.46763],[-18.378389,-74.432199],[-18.37754,-74.359745],[-18.315797,-74.304905],[-18.133629,-74.221274],[-18.030503,-74.192126],[-17.770304,-74.145382],[-17.583134,-74.129417],[-16.949954,-74.103873],[-16.854361,-74.09533],[-16.830598,-74.076931],[-17.009282,-74.046172],[-17.233674,-73.959464],[-17.294844,-73.908849],[-17.259822,-73.782831],[-17.3291,-73.713492],[-17.286212,-73.445937],[-17.220203,-73.386037],[-16.962232,-73.267445],[-16.736811,-73.205843],[-16.510352,-73.0372],[-16.382194,-72.990343],[-16.196498,-72.930872],[-16.419261,-72.917893],[-16.779267,-72.865723],[-16.890324,-72.834064],[-16.987156,-72.797177],[-17.135147,-72.711256],[-17.197572,-72.647839],[-17.231014,-72.53236],[-17.213871,-72.483504],[-17.118936,-72.391938],[-17.039646,-72.351132],[-16.766958,-72.275476],[-16.655375,-72.25914],[-16.320474,-72.244883],[-16.160628,-72.255356],[-15.836365,-72.317874],[-15.728369,-72.358313],[-15.488983,-72.540461],[-15.426099,-72.615583],[-15.418738,-72.7338],[-15.475685,-72.784239],[-15.726102,-72.871527],[-15.588563,-72.867148],[-15.202602,-72.835629],[-15.160936,-72.828601],[-15.124733,-72.795808],[-15.054105,-72.631411],[-14.981173,-72.595038],[-14.769326,-72.535091],[-14.65353,-72.516326],[-14.41021,-72.498246],[-14.269506,-72.497898],[-13.967159,-72.516111],[-13.807245,-72.534584],[-13.457665,-72.54116],[-13.390744,-72.514763],[-13.02029,-72.413164],[-13.035261,-72.39869],[-13.313449,-72.311845],[-13.411008,-72.276914],[-13.577137,-72.185248],[-13.630744,-72.128488],[-13.640921,-72.017404],[-13.59509,-71.96268],[-13.429802,-71.875178],[-13.302882,-71.837526],[-13.019682,-71.793874],[-12.875018,-71.787203],[-12.72378,-71.790132],[-12.724731,-71.742624],[-12.829806,-71.676859],[-13.044191,-71.437226],[-13.037291,-71.369624],[-12.867769,-71.22648],[-12.725892,-71.169656],[-12.468984,-71.108923],[-12.277483,-71.08965],[-11.877317,-71.04795],[-11.686804,-71.051641],[-11.324872,-71.09452],[-11.094126,-71.143146],[-10.983923,-71.125575],[-11.04912,-71.07788],[-11.095825,-71.004193],[-11.093439,-70.96702],[-10.937503,-70.845601],[-10.747349,-70.784569],[-10.260571,-70.710898],[-10.013706,-70.705932],[-9.768699,-70.727353]]]}},{"type":"Feature","properties":{"objectid":6,"scalerank":6,"featurecla":"Timezone","name":"-8","map_color6":2,"map_color8":7,"note":null,"zone":-8,"utc_format":"UTC-08:00","time_zone":"UTC-08:00","iso_8601":"2012-05-30T20:33:50-08:00","places":"Antarctica","dst_places":null,"tz_name1st":"Antarctica/","tz_namesum":0},"bbox":[-127.507321,-90,-112.503005,-73.066741],"geometry":{"type":"Polygon","coordinates":[[[-126.445564,-73.066741],[-126.007735,-73.091268],[-125.749896,-73.120579],[-125.658566,-73.13867],[-125.571944,-73.163176],[-125.437751,-73.222809],[-125.187732,-73.263755],[-125.041847,-73.303249],[-124.911468,-73.36336],[-124.838596,-73.438507],[-124.733856,-73.468416],[-124.613942,-73.517465],[-124.577123,-73.522637],[-124.389426,-73.527587],[-124.217809,-73.544497],[-124.074011,-73.570468],[-123.947751,-73.608056],[-123.904821,-73.606283],[-123.850977,-73.597338],[-123.580415,-73.527051],[-123.409829,-73.495754],[-123.211589,-73.476175],[-122.979011,-73.469548],[-122.571789,-73.475033],[-122.164566,-73.480518],[-122.053201,-73.487958],[-121.804246,-73.519321],[-121.359838,-73.535985],[-120.915431,-73.552648],[-120.763312,-73.558352],[-120.587031,-73.549045],[-120.418351,-73.55151],[-120.225718,-73.569205],[-119.975659,-73.60996],[-119.738898,-73.579527],[-119.542215,-73.568887],[-119.085847,-73.575099],[-118.854856,-73.590172],[-118.592044,-73.630138],[-118.441998,-73.664139],[-118.303392,-73.713538],[-118.202946,-73.774047],[-118.145388,-73.847213],[-118.135352,-73.902923],[-118.155268,-73.937655],[-118.283704,-74.052822],[-118.289472,-74.06566],[-118.278177,-74.070194],[-118.161886,-74.059465],[-118.127485,-74.05263],[-118.021155,-73.979829],[-117.956388,-73.952722],[-117.878364,-73.929641],[-117.625448,-73.870199],[-117.286129,-73.797475],[-116.946809,-73.724751],[-116.787113,-73.693957],[-116.654329,-73.675556],[-116.507165,-73.663947],[-116.350542,-73.660316],[-116.143534,-73.667914],[-115.94265,-73.691232],[-115.680732,-73.741974],[-115.485721,-73.798266],[-115.413233,-73.806529],[-115.350605,-73.801088],[-115.213792,-73.769008],[-115.06881,-73.743493],[-114.860965,-73.724692],[-114.651638,-73.688504],[-114.43982,-73.666304],[-114.282808,-73.658352],[-114.130605,-73.658542],[-113.965652,-73.66925],[-113.810625,-73.689184],[-113.570946,-73.735837],[-113.430176,-73.768371],[-113.256275,-73.839148],[-113.092329,-73.873787],[-112.99309,-73.901879],[-112.841092,-73.966368],[-112.73441,-74.031375],[-112.680835,-74.091229],[-112.667149,-74.182038],[-112.70212,-74.247425],[-112.592004,-74.15221],[-112.528478,-74.119975],[-112.503005,-74.110697],[-112.503014,-74.550743],[-112.503022,-74.884079],[-112.503029,-75.217415],[-112.503037,-75.550751],[-112.503047,-76.005296],[-112.503056,-76.459842],[-112.503066,-76.914387],[-112.503075,-77.368933],[-112.503085,-77.823478],[-112.503095,-78.278024],[-112.503104,-78.732569],[-112.503114,-79.187115],[-112.503124,-79.64166],[-112.503133,-80.096206],[-112.503143,-80.550751],[-112.503153,-81.005296],[-112.503162,-81.459842],[-112.503172,-81.914387],[-112.503182,-82.368933],[-112.503192,-82.823478],[-112.503201,-83.278024],[-112.503211,-83.732569],[-112.503221,-84.187115],[-112.50323,-84.64166],[-112.50324,-85.096206],[-112.50325,-85.550751],[-112.50326,-86.045112],[-112.50327,-86.539473],[-112.503281,-87.033834],[-112.503291,-87.528195],[-112.503301,-88.022556],[-112.503311,-88.516917],[-112.503321,-89.011278],[-112.503332,-89.505639],[-112.503342,-90],[-112.944634,-90],[-113.385925,-90],[-113.827217,-90],[-114.268508,-90],[-114.7098,-90],[-115.151091,-90],[-115.592383,-90],[-116.033675,-90],[-116.474966,-90],[-116.916258,-90],[-117.357549,-90],[-117.798841,-90],[-118.240133,-90],[-118.681424,-90],[-119.122716,-90],[-119.564007,-90],[-120.005299,-90],[-120.446591,-90],[-120.887882,-90],[-121.329174,-90],[-121.770465,-90],[-122.211757,-90],[-122.653048,-90],[-123.09434,-90],[-123.535632,-90],[-123.976923,-90],[-124.418215,-90],[-124.859506,-90],[-125.300798,-90],[-125.74209,-90],[-126.183381,-90],[-126.624673,-90],[-127.065964,-90],[-127.507256,-90],[-127.507257,-89.536364],[-127.507259,-89.072728],[-127.50726,-88.609091],[-127.507261,-88.145455],[-127.507263,-87.681819],[-127.507264,-87.218183],[-127.507265,-86.754547],[-127.507267,-86.290911],[-127.507268,-85.827274],[-127.50727,-85.363638],[-127.507271,-84.900002],[-127.507273,-84.445457],[-127.507275,-83.990911],[-127.507277,-83.536366],[-127.507279,-83.08182],[-127.507281,-82.627275],[-127.507283,-82.172729],[-127.507286,-81.718184],[-127.507288,-81.263638],[-127.50729,-80.809093],[-127.507292,-80.354547],[-127.507294,-79.900002],[-127.507296,-79.444447],[-127.507297,-78.988891],[-127.507299,-78.533336],[-127.507301,-78.07778],[-127.507302,-77.622225],[-127.507304,-77.166669],[-127.507306,-76.711114],[-127.507307,-76.255558],[-127.507309,-75.800003],[-127.507311,-75.350479],[-127.507313,-74.900955],[-127.507315,-74.451431],[-127.507317,-74.001907],[-127.507319,-73.552383],[-127.507321,-73.102859],[-127.392983,-73.087272],[-127.250875,-73.076523],[-127.085363,-73.074735],[-126.863645,-73.081977],[-126.614289,-73.067188],[-126.445564,-73.066741]]]}},{"type":"Feature","properties":{"objectid":31,"scalerank":6,"featurecla":"Timezone","name":"+10","map_color6":2,"map_color8":5,"note":null,"zone":10,"utc_format":"UTC+10:00","time_zone":"UTC+10:00","iso_8601":"2012-05-31T14:33:50+10:00","places":"Dumont d'Urville Station","dst_places":null,"tz_name1st":"Antarctica/DumontDUrville","tz_namesum":1},"bbox":[139.663561,-90,157.517593,-66.462319],"geometry":{"type":"Polygon","coordinates":[[[142.514706,-66.778425],[142.577928,-66.826842],[142.652218,-66.865547],[142.679893,-66.863399],[143.230944,-66.719348],[143.369075,-66.696054],[143.648554,-66.696945],[143.944308,-66.742168],[144.222218,-66.849266],[144.466105,-66.844482],[144.811499,-66.909535],[144.959096,-66.986907],[145.066614,-67.127791],[145.031264,-67.192541],[144.820592,-67.401741],[144.727075,-67.462719],[144.604748,-67.564334],[144.648903,-67.566849],[144.877317,-67.448801],[144.997933,-67.397697],[145.263459,-67.351448],[145.396895,-67.348288],[145.667326,-67.380008],[145.772979,-67.415287],[146.153121,-67.433737],[146.309313,-67.459135],[146.609864,-67.581024],[146.739815,-67.612767],[146.914499,-67.704044],[146.961895,-67.765657],[147.18325,-67.828341],[147.247816,-67.861071],[147.394332,-67.93548],[147.434175,-67.95617],[147.508386,-68.060546],[147.507587,-68.115128],[147.480958,-68.20229],[147.609523,-68.196217],[148.008262,-68.219635],[148.153492,-68.252604],[148.43444,-68.267889],[148.664629,-68.24111],[148.748743,-68.242108],[149.048017,-68.241848],[149.176938,-68.240615],[149.466259,-68.220219],[149.640052,-68.194202],[149.926054,-68.206652],[150.007412,-68.224681],[150.198369,-68.267302],[150.422647,-68.261575],[150.787022,-68.186931],[150.91797,-68.18034],[151.160655,-68.19691],[151.251666,-68.214763],[151.403102,-68.26895],[151.502104,-68.337015],[151.644755,-68.489267],[151.687122,-68.504478],[151.905814,-68.503845],[152.017037,-68.506739],[152.237015,-68.545045],[152.446106,-68.536051],[152.679252,-68.560843],[152.820562,-68.59309],[153.086915,-68.638454],[153.203802,-68.620207],[153.253131,-68.545298],[153.28384,-68.479084],[153.242922,-68.333298],[153.285485,-68.255774],[153.495861,-68.146606],[153.675617,-68.115847],[154.043644,-68.129681],[154.270564,-68.179028],[154.885436,-68.344974],[154.988407,-68.382246],[155.212109,-68.591277],[155.224671,-68.639327],[155.640294,-68.774533],[156.0664,-68.816514],[156.161273,-68.844451],[156.395592,-68.971778],[156.505619,-69.001946],[156.576415,-69.006887],[156.758665,-69.005602],[157.040926,-68.97828],[157.212128,-68.98985],[157.517593,-69.033714],[157.517593,-69.530779],[157.517593,-70.524909],[157.517593,-71.021974],[157.517593,-72.016104],[157.517593,-72.513169],[157.517593,-73.507299],[157.517593,-74.004364],[157.517593,-74.913455],[157.517593,-75.368],[157.517593,-76.277091],[157.517593,-76.731637],[157.517593,-77.640728],[157.517593,-78.095273],[157.517593,-79.004364],[157.517593,-79.458909],[157.517593,-80.368],[157.517593,-80.822546],[157.517593,-81.731637],[157.517593,-82.186182],[157.517593,-83.095273],[157.517593,-83.549819],[157.517593,-84.458909],[157.517593,-84.913455],[157.517593,-85.822546],[157.517593,-86.277091],[157.517593,-87.186182],[157.517593,-87.640728],[157.517593,-88.549819],[157.517593,-89.004364],[157.517593,-90],[157.502258,-90],[156.835592,-90],[156.168925,-90],[155.835592,-90],[155.168925,-90],[154.835592,-90],[154.168925,-90],[153.835592,-90],[153.168925,-90],[152.835592,-90],[152.168925,-90],[151.835592,-90],[151.168925,-90],[150.835592,-90],[150.168925,-90],[149.835592,-90],[149.168925,-90],[148.835592,-90],[148.168925,-90],[147.835592,-90],[147.168925,-90],[146.835592,-90],[146.168925,-90],[145.835592,-90],[145.168925,-90],[144.835592,-90],[144.168925,-90],[143.835592,-90],[143.168925,-90],[142.835592,-90],[142.502258,-89.544132],[142.502258,-89.088264],[142.502258,-88.176529],[142.502258,-87.743196],[142.502258,-86.876529],[142.502258,-86.443196],[142.502258,-85.57653],[142.502258,-85.121985],[142.502258,-84.212894],[142.502258,-83.758348],[142.502258,-82.849257],[142.502258,-81.940166],[142.502258,-81.485621],[142.502258,-80.57653],[142.502258,-80.121985],[142.502258,-79.212894],[142.502258,-78.758348],[142.502258,-77.849257],[142.502258,-77.394712],[142.502258,-76.485621],[142.502258,-76.031075],[142.502258,-75.136529],[142.502258,-74.696528],[142.502258,-73.816527],[142.502258,-73.376526],[142.502258,-72.467435],[142.502258,-72.01289],[142.502258,-71.103799],[142.502258,-70.649253],[142.502258,-69.740162],[142.502258,-69.285617],[142.502258,-68.376526],[142.502258,-67.996604],[142.02915,-67.738058],[141.556042,-67.738058],[140.609826,-67.738058],[140.136718,-67.738058],[139.663594,-67.312811],[139.663577,-66.887565],[139.866025,-66.494255],[139.950551,-66.515898],[140.138122,-66.569857],[140.247928,-66.575034],[140.756401,-66.59251],[140.973722,-66.598401],[141.307341,-66.659289],[141.445317,-66.631781],[141.753024,-66.627435],[142.098443,-66.650354],[142.402784,-66.726322],[142.514706,-66.778425]]]}},{"type":"Feature","properties":{"objectid":33,"scalerank":6,"featurecla":"Timezone","name":"+11","map_color6":1,"map_color8":6,"note":null,"zone":11,"utc_format":"UTC+11:00","time_zone":"UTC+11:00","iso_8601":"2012-05-31T15:33:50+11:00","places":"Antarctica","dst_places":null,"tz_name1st":"Antarctica/","tz_namesum":0},"bbox":[157.517593,-90,172.507731,-69.003545],"geometry":{"type":"Polygon","coordinates":[[[161.344655,-70.106919],[161.381219,-70.108965],[161.622455,-70.067606],[161.728987,-70.053726],[161.960776,-70.050252],[162.081962,-70.063771],[162.557728,-70.099434],[162.824124,-70.115874],[162.995862,-70.148135],[163.229149,-70.165363],[163.534305,-70.170792],[163.799204,-70.204058],[163.967555,-70.259532],[164.034494,-70.305858],[164.237041,-70.319682],[164.34497,-70.323505],[164.888769,-70.372076],[165.392354,-70.392831],[165.542584,-70.399332],[165.871719,-70.458086],[166.221227,-70.418786],[166.518808,-70.418657],[166.891352,-70.454654],[167.009135,-70.473682],[167.206764,-70.537227],[167.296121,-70.585508],[167.508913,-70.589405],[167.902501,-70.631605],[168.050083,-70.663433],[168.32429,-70.796786],[168.397316,-70.901504],[168.419489,-70.969945],[168.749224,-71.004293],[168.976778,-71.039383],[169.257368,-71.161975],[169.477526,-71.200279],[169.655381,-71.233086],[170.088797,-71.12589],[170.209997,-71.117742],[170.434258,-71.125195],[170.535198,-71.140285],[170.698384,-71.191917],[170.928072,-71.340863],[171.152915,-71.550291],[171.40403,-71.692211],[171.442766,-71.737721],[171.53218,-71.83217],[171.457232,-71.931252],[171.356752,-71.992298],[171.163536,-72.081213],[170.96684,-72.140613],[170.771009,-72.188608],[170.871936,-72.31317],[170.92597,-72.419416],[170.888106,-72.515646],[170.852487,-72.621701],[170.752026,-72.700733],[170.545693,-72.761578],[170.520125,-72.773048],[170.240981,-73.046887],[170.227032,-73.083015],[170.107596,-73.171121],[170.265337,-73.211308],[170.362721,-73.256473],[170.481885,-73.3983],[170.579313,-73.486308],[170.549522,-73.571249],[170.352599,-73.715865],[170.27324,-73.74296],[170.02041,-73.786551],[169.852919,-73.802466],[169.578243,-73.807974],[169.348339,-73.786199],[169.256972,-73.766955],[168.94893,-73.66044],[168.876077,-73.622954],[168.830243,-73.547599],[168.901756,-73.469121],[168.896168,-73.46155],[168.701257,-73.425957],[168.57955,-73.416924],[168.507313,-73.427994],[168.096332,-73.587069],[167.92254,-73.619052],[167.629356,-73.68716],[167.386309,-73.712163],[166.918373,-73.770578],[166.635145,-73.92755],[166.514488,-73.958883],[166.149557,-74.028303],[166.149557,-73.657316],[165.67295,-73.286329],[164.719734,-73.286329],[164.243126,-73.286329],[163.289911,-73.286329],[162.813303,-73.286329],[161.860087,-73.286329],[161.859956,-74.225903],[161.85989,-74.69569],[161.859759,-75.635263],[161.859693,-76.10505],[161.859562,-77.044623],[161.859496,-77.51441],[161.859365,-78.453983],[161.859233,-79.393557],[161.859168,-79.863344],[162.827219,-79.861322],[163.311245,-79.860311],[164.279296,-79.858289],[165.247347,-79.856267],[165.731372,-79.855256],[166.699424,-79.853234],[167.183449,-79.852223],[168.1515,-79.850201],[169.119552,-79.848179],[169.603577,-79.847168],[170.571628,-79.845146],[171.055654,-79.844135],[172.023705,-79.842113],[172.507339,-80.309034],[172.506948,-80.776967],[172.506164,-81.712831],[172.505773,-82.180763],[172.504989,-83.116627],[172.504206,-84.052492],[172.503814,-84.520424],[172.503359,-85.429515],[172.503132,-85.88406],[172.502677,-86.793151],[172.502222,-87.702242],[172.501995,-88.156788],[172.50154,-89.065879],[172.501312,-89.520424],[172.060392,-90],[171.179011,-90],[170.73832,-90],[169.856938,-90],[169.416247,-90],[168.534865,-90],[167.653484,-90],[167.212793,-90],[166.331411,-90],[165.89072,-90],[165.009338,-90],[164.127957,-90],[163.687266,-90],[162.805884,-90],[162.365193,-90],[161.483811,-90],[160.602429,-90],[160.161739,-90],[159.280357,-90],[158.839666,-90],[157.958284,-90],[157.517593,-89.502182],[157.517593,-89.004364],[157.517593,-88.095273],[157.517593,-87.640728],[157.517593,-86.731637],[157.517593,-85.822546],[157.517593,-85.368],[157.517593,-84.458909],[157.517593,-84.004364],[157.517593,-83.095273],[157.517593,-82.186182],[157.517593,-81.731637],[157.517593,-80.822546],[157.517593,-80.368],[157.517593,-79.458909],[157.517593,-78.549819],[157.517593,-78.095273],[157.517593,-77.186182],[157.517593,-76.731637],[157.517593,-75.822546],[157.517593,-74.913455],[157.517593,-74.458909],[157.517593,-73.507299],[157.517593,-73.010234],[157.517593,-72.016104],[157.517593,-71.021974],[157.517593,-70.524909],[157.517593,-69.530779],[157.517593,-69.033714],[157.879992,-69.003545],[158.130006,-69.013944],[158.525938,-69.085568],[158.903373,-69.151911],[159.061892,-69.173789],[159.309019,-69.259985],[159.683508,-69.328211],[159.937635,-69.349093],[160.207177,-69.426641],[160.307991,-69.495094],[160.579463,-69.626739],[160.763109,-69.714169],[160.803312,-69.748632],[160.809023,-69.888381],[160.92861,-69.912067],[161.216938,-70.030438],[161.344655,-70.106919]]]}},{"type":"Feature","properties":{"objectid":20,"scalerank":6,"featurecla":"Timezone","name":"+4","map_color6":2,"map_color8":5,"note":null,"zone":4,"utc_format":"UTC+04:00","time_zone":"UTC+04:00","iso_8601":"2012-05-31T08:33:50+04:00","places":"Antarctica","dst_places":null,"tz_name1st":"Antarctica/","tz_namesum":0},"bbox":[52.521174,-90,67.511703,-65.646792],"geometry":{"type":"Polygon","coordinates":[[[59.584699,-67.198854],[59.980839,-67.205291],[60.380699,-67.179246],[60.581776,-67.180544],[60.699879,-67.196802],[60.994475,-67.264744],[61.2269,-67.28911],[61.476769,-67.35073],[61.659623,-67.346041],[62.02691,-67.362953],[62.027616,-67.790133],[62.028322,-68.217312],[62.029029,-68.644491],[62.029735,-69.07167],[62.030441,-69.498849],[62.528737,-69.498849],[63.52533,-69.498849],[64.023626,-69.498849],[64.521922,-69.498849],[65.020219,-69.498849],[65.518515,-69.498849],[66.016811,-69.498849],[66.515107,-69.498849],[67.013404,-69.498849],[67.5117,-69.498849],[67.5117,-69.806251],[67.511701,-70.113653],[67.511701,-70.284868],[67.511702,-70.685523],[67.511702,-71.086178],[67.511703,-71.486834],[67.511703,-72.342034],[67.511703,-72.79658],[67.511703,-73.251125],[67.511703,-73.705671],[67.511703,-74.160216],[67.511703,-74.614762],[67.511703,-75.069307],[67.511703,-75.523853],[67.511703,-75.978398],[67.511703,-76.432944],[67.511703,-76.887489],[67.511703,-77.347611],[67.511703,-77.807734],[67.511703,-78.267856],[67.511703,-78.727979],[67.511703,-79.648224],[67.511703,-80.102769],[67.511703,-80.557315],[67.511703,-81.01186],[67.511703,-81.466406],[67.511703,-81.920951],[67.511703,-82.375497],[67.511703,-82.830042],[67.511703,-83.284588],[67.511703,-83.739133],[67.511703,-84.193679],[67.511703,-84.648224],[67.511703,-85.102769],[67.511703,-85.557315],[67.511703,-86.01186],[67.511703,-86.466406],[67.511703,-87.375497],[67.511703,-87.830042],[67.511703,-88.284588],[67.511703,-88.739133],[67.511703,-89.193679],[67.511703,-89.648224],[67.511703,-90],[67.016518,-90],[66.521332,-90],[66.187999,-90],[65.854666,-90],[65.521332,-90],[65.187999,-90],[64.854666,-90],[64.521332,-90],[63.854663,-90],[63.521328,-90],[63.187995,-90],[62.854662,-90],[62.521328,-90],[62.187995,-90],[61.854662,-90],[61.521328,-90],[61.187995,-90],[60.854662,-90],[60.521328,-90],[60.187995,-90],[59.854662,-90],[59.521328,-90],[59.187995,-90],[58.521328,-90],[58.187995,-90],[57.854662,-90],[57.521328,-90],[57.187995,-90],[56.854662,-90],[56.521328,-90],[56.187995,-90],[55.854662,-90],[55.521328,-90],[55.187995,-90],[54.854662,-90],[54.521328,-90],[54.187995,-90],[53.854662,-90],[53.521328,-90],[52.854662,-90],[52.521328,-90],[52.521328,-89.658056],[52.521328,-89.316111],[52.521328,-88.974167],[52.521325,-88.519622],[52.521322,-88.065076],[52.521319,-87.610531],[52.521315,-87.155985],[52.521312,-86.70144],[52.521309,-86.246894],[52.521306,-85.792349],[52.521303,-85.337803],[52.5213,-84.883258],[52.521296,-84.428712],[52.52129,-83.519622],[52.521287,-83.065076],[52.521284,-82.610531],[52.521281,-82.155985],[52.521278,-81.70144],[52.521275,-81.246894],[52.521272,-80.792349],[52.521268,-80.337803],[52.521265,-79.883258],[52.521262,-79.428712],[52.521259,-78.974167],[52.521257,-78.5575],[52.521254,-78.140834],[52.521252,-77.724167],[52.521249,-77.3075],[52.521244,-76.474167],[52.521241,-76.019622],[52.521238,-75.565076],[52.521235,-75.110531],[52.521232,-74.655985],[52.521229,-74.20144],[52.521226,-73.746894],[52.521223,-73.292349],[52.521219,-72.837803],[52.521216,-72.383258],[52.521213,-71.928712],[52.52121,-71.474167],[52.521207,-71.019622],[52.521205,-70.565076],[52.521202,-70.110531],[52.521199,-69.655985],[52.521193,-68.746894],[52.52119,-68.292349],[52.521188,-67.837803],[52.521185,-67.383258],[52.521182,-66.928712],[52.521179,-66.474167],[52.521177,-66.121111],[52.521174,-65.768056],[52.63055,-65.766387],[52.754989,-65.759523],[53.081891,-65.717997],[53.325854,-65.698714],[53.598583,-65.657236],[53.765742,-65.646792],[53.913902,-65.653444],[54.347466,-65.682332],[54.825065,-65.71095],[55.302663,-65.739568],[55.412335,-65.756643],[55.881609,-65.864045],[55.953329,-65.887987],[56.041278,-65.933855],[56.143721,-65.960095],[56.204273,-65.984164],[56.396788,-66.118764],[56.568124,-66.187869],[56.910762,-66.21308],[57.041588,-66.23357],[57.413146,-66.343723],[57.600967,-66.41621],[57.753196,-66.531623],[57.770225,-66.584916],[57.773794,-66.758028],[57.79715,-66.789713],[57.84176,-66.813193],[58.087575,-66.86536],[58.199451,-66.898592],[58.347301,-66.918172],[58.488968,-66.955536],[58.565739,-66.961351],[58.888558,-66.965884],[59.012856,-66.977052],[59.115124,-66.994198],[59.219607,-67.024759],[59.483078,-67.124536],[59.584699,-67.198854]]]}},{"type":"Feature","properties":{"objectid":28,"scalerank":6,"featurecla":"Timezone","name":"+8","map_color6":4,"map_color8":2,"note":null,"zone":8,"utc_format":"UTC+08:00","time_zone":"UTC+08:00","iso_8601":"2012-05-31T12:33:50+08:00","places":"Casety Station","dst_places":null,"tz_name1st":"Antarctica/Casey","tz_namesum":1},"bbox":[110.087118,-90,127.508909,-65.609002],"geometry":{"type":"Polygon","coordinates":[[[112.500412,-65.685467],[112.62818,-65.669265],[113.05144,-65.615593],[113.323193,-65.615514],[113.400526,-65.627673],[113.59018,-65.711619],[113.643649,-65.731297],[113.993789,-65.812394],[114.086292,-65.850335],[114.187458,-65.911552],[114.555092,-66.029798],[114.748406,-66.129192],[114.825973,-66.210805],[114.793333,-66.29415],[114.944972,-66.312651],[115.133461,-66.317115],[115.347171,-66.347096],[115.483958,-66.391094],[115.80007,-66.45406],[116.038302,-66.566901],[116.186005,-66.77056],[116.090879,-66.926746],[116.091898,-66.93731],[116.214757,-66.934193],[116.370277,-66.93661],[116.672211,-66.823902],[116.810027,-66.795473],[116.948488,-66.787305],[117.195923,-66.822307],[117.29061,-66.857445],[117.54717,-66.922156],[117.73826,-66.936267],[118.35273,-66.873762],[118.46058,-66.871385],[118.694015,-66.909214],[118.834299,-66.960715],[118.894304,-66.971241],[119.080821,-66.957548],[119.242138,-66.949483],[119.495448,-66.902566],[119.740384,-66.870774],[120.391022,-66.732597],[120.661915,-66.712179],[121.138181,-66.619347],[121.31051,-66.626313],[121.447502,-66.655786],[121.635973,-66.787111],[121.668461,-66.796172],[122.033004,-66.708482],[122.11369,-66.694433],[122.409818,-66.657848],[122.535084,-66.651883],[122.790739,-66.615831],[123.174818,-66.574332],[123.353141,-66.582109],[123.53426,-66.513506],[123.56745,-66.506242],[123.948543,-66.432629],[124.145933,-66.426991],[124.437907,-66.454357],[124.521687,-66.476041],[124.661373,-66.546094],[124.871505,-66.524137],[124.982104,-66.379309],[125.116932,-66.310277],[125.254271,-66.273237],[125.641335,-66.188934],[125.731568,-66.164658],[125.925505,-66.145346],[126.01971,-66.149034],[126.116273,-66.161557],[126.44515,-66.197668],[126.595701,-66.210314],[126.898362,-66.267827],[127.10801,-66.329611],[127.246718,-66.439158],[127.22724,-66.504657],[127.15479,-66.609071],[127.235451,-66.683468],[127.406443,-66.767991],[127.508909,-67.196852],[127.508909,-67.606785],[127.508909,-68.426651],[127.508909,-68.876653],[127.508909,-69.776656],[127.508909,-70.226658],[127.508909,-71.126661],[127.508909,-71.576663],[127.508909,-72.026665],[127.508909,-72.935756],[127.508909,-73.390301],[127.508909,-74.299392],[127.508909,-74.753938],[127.508909,-75.663029],[127.508909,-76.117574],[127.508909,-77.026665],[127.508909,-77.48121],[127.508909,-77.935756],[127.508909,-78.844847],[127.508909,-79.299392],[127.508909,-80.208483],[127.508909,-80.663029],[127.508909,-81.57212],[127.508909,-82.026665],[127.508909,-82.505554],[127.508909,-83.463333],[127.508909,-83.942223],[127.508909,-84.900002],[127.508909,-85.363638],[127.508909,-86.290911],[127.508909,-86.754547],[127.508909,-87.681819],[127.508909,-88.145455],[127.508909,-88.609091],[127.508909,-89.536364],[127.508909,-90],[127.168031,-90],[126.834697,-90],[126.168031,-90],[125.834697,-90],[125.168031,-90],[124.834697,-90],[124.501364,-90],[123.834697,-90],[123.501364,-90],[122.834697,-90],[122.501364,-90],[121.834697,-90],[121.501364,-90],[120.834697,-90],[120.501364,-90],[120.168031,-90],[119.501364,-90],[119.168031,-90],[118.501364,-90],[118.168031,-90],[117.501364,-90],[117.168031,-90],[116.501364,-90],[116.168031,-90],[115.834697,-90],[115.168031,-90],[114.834697,-90],[114.168031,-90],[113.834697,-90],[113.168031,-90],[112.834697,-90],[112.501364,-89.718239],[112.501364,-89.436478],[112.501364,-88.981933],[112.501364,-88.072842],[112.501364,-87.618296],[112.501364,-86.709205],[112.501364,-86.25466],[112.501364,-85.345569],[112.501364,-84.891023],[112.501364,-84.436478],[112.501364,-83.527387],[112.501364,-83.072842],[112.501364,-82.163751],[112.501364,-81.709205],[112.501364,-80.800114],[112.501364,-80.345569],[112.501364,-79.436478],[112.501364,-78.981933],[112.501364,-78.527387],[112.501364,-77.618296],[112.501364,-77.163751],[112.501364,-76.25466],[112.501364,-75.800114],[112.501364,-74.891023],[112.501364,-74.436478],[112.501364,-73.527387],[112.501364,-73.072842],[112.501364,-72.618296],[112.501364,-71.709205],[112.501364,-71.25466],[112.501364,-70.345569],[112.501364,-69.891023],[112.501261,-69.032239],[112.501159,-68.628],[112.500954,-67.819523],[112.500851,-67.415284],[112.500832,-67.339299],[111.550418,-67.338032],[111.075211,-67.337398],[110.124796,-67.336131],[110.119597,-66.937068],[110.187947,-66.518756],[110.225784,-66.457806],[110.096173,-66.350559],[110.087118,-66.302351],[110.114366,-66.251739],[110.478151,-66.013394],[110.599742,-65.954785],[111.108913,-65.8478],[111.502756,-65.778325],[111.8284,-65.770682],[112.096621,-65.73667],[112.500412,-65.685467]],[[121.639195,-73.798164],[121.639195,-74.222711],[121.639195,-74.647259],[121.639195,-75.071806],[121.639195,-75.496354],[121.639195,-75.920901],[122.12176,-75.920901],[122.604326,-75.920901],[123.086891,-75.920901],[123.569456,-75.920901],[124.052022,-75.920901],[124.534587,-75.920901],[125.017153,-75.920901],[125.499718,-75.920901],[125.499718,-75.496354],[125.499718,-75.071806],[125.499718,-74.647259],[125.499718,-74.222711],[125.499718,-73.798164],[125.017153,-73.798164],[124.534587,-73.798164],[124.052022,-73.798164],[123.569456,-73.798164],[123.086891,-73.798164],[122.604326,-73.798164],[122.12176,-73.798164],[121.639195,-73.798164]]]}},{"type":"Feature","properties":{"objectid":29,"scalerank":6,"featurecla":"Timezone","name":"+9","map_color6":3,"map_color8":3,"note":null,"zone":9,"utc_format":"UTC+09:00","time_zone":"UTC+09:00","iso_8601":"2012-05-31T13:33:50+09:00","places":"Antarctica","dst_places":null,"tz_name1st":"Antarctica/","tz_namesum":0},"bbox":[127.508909,-90,142.502258,-65.924873],"geometry":{"type":"Polygon","coordinates":[[[134.064336,-65.995522],[134.262888,-66.076205],[134.382332,-66.110469],[134.474699,-66.15014],[134.653447,-66.181435],[134.733458,-66.182672],[134.842944,-66.17626],[134.90207,-66.149007],[134.938975,-66.118214],[135.001849,-66.030902],[135.092484,-65.983613],[135.2517,-65.951384],[135.354252,-65.945901],[135.459735,-65.948322],[135.631248,-65.966812],[135.737667,-65.99337],[135.883986,-66.099404],[136.08707,-66.080587],[136.134436,-66.081482],[136.452559,-66.149179],[136.564948,-66.203178],[137.235256,-66.182295],[137.535727,-66.19202],[137.677277,-66.211172],[137.81793,-66.217653],[137.885744,-66.227329],[138.207894,-66.338957],[138.45941,-66.379353],[138.592355,-66.367645],[138.686797,-66.367558],[138.784188,-66.377339],[138.897319,-66.401187],[139.449687,-66.428583],[139.663561,-66.462319],[139.663577,-66.887565],[139.663594,-67.312811],[139.66361,-67.738058],[140.609826,-67.738058],[141.082934,-67.738058],[141.556042,-67.738058],[142.02915,-67.738058],[142.502258,-67.738058],[142.502258,-68.376526],[142.502258,-68.831071],[142.502258,-69.285617],[142.502258,-69.740162],[142.502258,-70.194708],[142.502258,-70.649253],[142.502258,-71.558344],[142.502258,-72.01289],[142.502258,-72.467435],[142.502258,-72.921981],[142.502258,-73.376526],[142.502258,-74.256528],[142.502258,-74.696528],[142.502258,-75.136529],[142.502258,-75.57653],[142.502258,-76.031075],[142.502258,-76.940166],[142.502258,-77.394712],[142.502258,-77.849257],[142.502258,-78.303803],[142.502258,-78.758348],[142.502258,-79.667439],[142.502258,-80.121985],[142.502258,-80.57653],[142.502258,-81.031075],[142.502258,-81.485621],[142.502258,-81.940166],[142.502258,-82.849257],[142.502258,-83.303803],[142.502258,-83.758348],[142.502258,-84.212894],[142.502258,-84.667439],[142.502258,-85.57653],[142.502258,-86.009863],[142.502258,-86.443196],[142.502258,-86.876529],[142.502258,-87.309863],[142.502258,-88.176529],[142.502258,-88.632397],[142.502258,-89.088264],[142.502258,-89.544132],[142.502258,-90],[141.507965,-90],[141.174632,-90],[140.841299,-90],[140.507965,-90],[140.174632,-90],[139.841299,-90],[139.174632,-90],[138.841299,-90],[138.507965,-90],[138.174632,-90],[137.841299,-90],[137.174632,-90],[136.841299,-90],[136.507965,-90],[136.174632,-90],[135.841299,-90],[135.174632,-90],[134.841299,-90],[134.507965,-90],[134.174632,-90],[133.841299,-90],[133.174632,-90],[132.841299,-90],[132.507965,-90],[132.174632,-90],[131.841299,-90],[131.174632,-90],[130.841299,-90],[130.507965,-90],[130.174632,-90],[129.841299,-90],[129.507965,-90],[128.841299,-90],[128.507965,-90],[128.008437,-90],[127.508909,-90],[127.508909,-89.536364],[127.508909,-88.609091],[127.508909,-88.145455],[127.508909,-87.681819],[127.508909,-87.218183],[127.508909,-86.754547],[127.508909,-85.827274],[127.508909,-85.363638],[127.508909,-84.900002],[127.508909,-84.421112],[127.508909,-83.942223],[127.508909,-82.984444],[127.508909,-82.505554],[127.508909,-82.026665],[127.508909,-81.57212],[127.508909,-81.117574],[127.508909,-80.663029],[127.508909,-79.753938],[127.508909,-79.299392],[127.508909,-78.844847],[127.508909,-78.390301],[127.508909,-77.935756],[127.508909,-77.026665],[127.508909,-76.57212],[127.508909,-76.117574],[127.508909,-75.663029],[127.508909,-75.208483],[127.508909,-74.299392],[127.508909,-73.844847],[127.508909,-73.390301],[127.508909,-72.935756],[127.508909,-72.48121],[127.508909,-71.576663],[127.508909,-71.126661],[127.508909,-70.67666],[127.508909,-70.226658],[127.508909,-69.776656],[127.508909,-69.326654],[127.508909,-68.426651],[127.508909,-68.016718],[127.508909,-67.606785],[127.508909,-67.196852],[127.508909,-66.786919],[127.672398,-66.829365],[127.739556,-66.867682],[127.86157,-66.861488],[128.150046,-66.867097],[128.258264,-66.881365],[128.443068,-66.917759],[128.674581,-66.87209],[128.76573,-66.867702],[128.896425,-66.873178],[128.934286,-66.867794],[129.078059,-66.754833],[129.084541,-66.661518],[129.153424,-66.566207],[129.20208,-66.528492],[129.318349,-66.468518],[129.35436,-66.391848],[129.580644,-66.260045],[129.895268,-66.144908],[130.067146,-66.115784],[130.295049,-66.10016],[130.449908,-66.033574],[130.693638,-65.991984],[130.787388,-65.993419],[130.880307,-66.004739],[131.031342,-66.035923],[131.240556,-66.043644],[131.74884,-66.083972],[131.839025,-66.073253],[132.041255,-66.02834],[132.41466,-65.998191],[132.578438,-66.000663],[132.860372,-65.981213],[132.982852,-65.953054],[133.225391,-65.925941],[133.406432,-65.924873],[133.860974,-65.952548],[134.064336,-65.995522]]]}},{"type":"Feature","properties":{"objectid":17,"scalerank":6,"featurecla":"Timezone","name":"+2","map_color6":4,"map_color8":3,"note":null,"zone":2,"utc_format":"UTC+02:00","time_zone":"UTC+02:00","iso_8601":"2012-05-31T06:33:50+02:00","places":"Antarctica","dst_places":null,"tz_name1st":"Antarctica/","tz_namesum":0},"bbox":[22.503818,-89.998942,37.529491,-68.463464],"geometry":{"type":"Polygon","coordinates":[[[35.854691,-69.438116],[35.905382,-69.442391],[36.017195,-69.434933],[36.500339,-69.403844],[36.693516,-69.424333],[36.83195,-69.42966],[37.085397,-69.469275],[37.222488,-69.510443],[37.363155,-69.489486],[37.529491,-69.48063],[37.529491,-69.898944],[37.529491,-69.900002],[37.529491,-70.89979],[37.529491,-71.399685],[37.529491,-71.899579],[37.529491,-72.899367],[37.529491,-73.399261],[37.529491,-73.899156],[37.529491,-74.898944],[37.529491,-74.900002],[37.529491,-75.399896],[37.529491,-76.399685],[37.529491,-76.899579],[37.529491,-77.399473],[37.529491,-78.399261],[37.529491,-78.899156],[37.529491,-79.898944],[37.529491,-79.900002],[37.529491,-80.399896],[37.529491,-81.399685],[37.529491,-81.899579],[37.529491,-82.399473],[37.529491,-83.399261],[37.529491,-83.899156],[37.529491,-84.39905],[37.529491,-84.900002],[37.529491,-85.363542],[37.529491,-85.827082],[37.529491,-86.754162],[37.529491,-87.217702],[37.529491,-87.681242],[37.529491,-88.608322],[37.529491,-89.071862],[37.529491,-89.535402],[37.503818,-89.998942],[37.170485,-89.998942],[36.837152,-89.998942],[36.170485,-89.998942],[35.837152,-89.998942],[35.503818,-89.998942],[34.837152,-89.998942],[34.503818,-89.998942],[33.837152,-89.998942],[33.503818,-89.998942],[33.170485,-89.998942],[32.503818,-89.998942],[32.170485,-89.998942],[31.837152,-89.998942],[31.170485,-89.998942],[30.837152,-89.998942],[30.503818,-89.998942],[29.837152,-89.998942],[29.503818,-89.998942],[29.170485,-89.998942],[28.503818,-89.998942],[28.170485,-89.998942],[27.837152,-89.998942],[27.170485,-89.998942],[26.837152,-89.998942],[26.503818,-89.998942],[25.837152,-89.998942],[25.503818,-89.998942],[25.170485,-89.998942],[24.503818,-89.998942],[24.170485,-89.998942],[23.503818,-89.998942],[23.170485,-89.998942],[22.837152,-89.998942],[22.503818,-89.536484],[22.503818,-89.074025],[22.503818,-88.611567],[22.503818,-87.68665],[22.503818,-87.224191],[22.503818,-86.761733],[22.503818,-85.836816],[22.503818,-85.374358],[22.503818,-84.911899],[22.503818,-84.898944],[22.503818,-84.54994],[22.503818,-84.200936],[22.503818,-83.850873],[22.503818,-83.838976],[22.503818,-83.340272],[22.503818,-82.342863],[22.503818,-81.844158],[22.503818,-81.345454],[22.503818,-80.348045],[22.503818,-79.84934],[22.503818,-79.350636],[22.503818,-78.850873],[22.503818,-78.838976],[22.503818,-77.841567],[22.503818,-77.342863],[22.503818,-76.844158],[22.503818,-75.846749],[22.503818,-75.348045],[22.503818,-74.84934],[22.503818,-73.851931],[22.503818,-73.850873],[22.503818,-73.838976],[22.503818,-72.899818],[22.503818,-72.430238],[22.503818,-71.960659],[22.503818,-71.021501],[22.503818,-70.551921],[22.503818,-70.550863],[22.503818,-70.186041],[22.738522,-70.290307],[22.870349,-70.325018],[23.017127,-70.369915],[23.058112,-70.368165],[23.104337,-70.35575],[23.342126,-70.24728],[23.445044,-70.222285],[23.567677,-70.204842],[23.979854,-70.197053],[24.237012,-70.206182],[24.560208,-70.259219],[24.709985,-70.306359],[24.837707,-70.361921],[24.9991,-70.476367],[25.343846,-70.385603],[25.34198,-70.383956],[25.310759,-70.23615],[25.357799,-70.163538],[25.433866,-70.104572],[25.62439,-70.026567],[25.722899,-69.975406],[25.833386,-69.933949],[26.196105,-69.863478],[26.414114,-69.852698],[26.616519,-69.860161],[27.050225,-69.936985],[27.160447,-69.979042],[27.247322,-70.030744],[27.471369,-70.26257],[27.500926,-70.325997],[27.495743,-70.37156],[27.751716,-70.528251],[27.85965,-70.518787],[28.242899,-70.468536],[28.452293,-70.417134],[28.620301,-70.392525],[28.891361,-70.296698],[28.976332,-70.26453],[29.057626,-70.233754],[29.330589,-70.187083],[29.443861,-70.152597],[29.57323,-70.126169],[30.523298,-70.058884],[30.680969,-70.027213],[30.821444,-70.011981],[31.188881,-70.021973],[31.226734,-70.02064],[31.392823,-69.996893],[31.847057,-69.926173],[31.985154,-69.89365],[32.20985,-69.851267],[32.243671,-69.771892],[32.259465,-69.73609],[32.393401,-69.613737],[32.392986,-69.450521],[32.361641,-69.425271],[32.22593,-69.362968],[31.981204,-69.185584],[31.929933,-69.135649],[31.938888,-69.010835],[31.927955,-68.921027],[31.941418,-68.875033],[32.041861,-68.771685],[32.150682,-68.71299],[32.494015,-68.587964],[33.071994,-68.470989],[33.203486,-68.463464],[33.551833,-68.466443],[34.248527,-68.472402],[34.362708,-68.478494],[34.481108,-68.49281],[34.670982,-68.538555],[34.832259,-68.610311],[34.888343,-68.648508],[34.947532,-68.780505],[34.906597,-68.89093],[35.268701,-69.006173],[35.600486,-69.139607],[35.684538,-69.180317],[35.738854,-69.218985],[35.751829,-69.357503],[35.761853,-69.38824],[35.854691,-69.438116]]]}},{"type":"Feature","properties":{"objectid":22,"scalerank":6,"featurecla":"Timezone","name":"+5","map_color6":1,"map_color8":7,"note":null,"zone":5,"utc_format":"UTC+05:00","time_zone":"UTC+05:00","iso_8601":"2012-05-31T09:33:50+05:00","places":"Mawson Station, Zhongshan Station","dst_places":null,"tz_name1st":"Antarctica/Mawson","tz_namesum":1},"bbox":[62.02691,-90,82.508484,-67.311296],"geometry":{"type":"Polygon","coordinates":[[[67.615983,-67.631913],[67.89475,-67.646888],[68.173517,-67.661863],[68.742097,-67.681822],[68.875783,-67.624161],[69.018141,-67.580232],[69.305836,-67.540612],[69.509316,-67.541472],[69.7077,-67.5589],[70.018921,-67.639746],[70.084006,-67.677454],[70.126983,-67.719234],[70.177507,-67.900362],[70.106757,-68.017942],[70.132375,-68.078656],[70.646798,-68.415071],[70.685821,-68.455971],[70.696592,-68.501029],[71.073101,-68.693857],[71.471802,-68.682859],[71.870502,-68.67186],[72.667904,-68.649863],[73.091352,-68.781846],[73.514799,-68.91383],[74.207714,-69.364774],[74.349505,-69.548908],[74.546112,-69.583527],[74.619451,-69.604969],[74.645036,-69.616022],[74.828871,-69.655746],[74.883663,-69.660564],[74.908233,-69.660276],[74.994331,-69.650643],[75.021715,-69.645518],[75.038218,-69.642429],[75.087377,-69.633228],[75.207862,-69.622476],[75.238467,-69.567498],[75.314835,-69.463742],[75.386862,-69.417885],[75.485329,-69.381474],[76.042138,-69.244515],[76.262274,-69.222718],[76.317708,-69.212355],[76.735848,-69.050905],[76.867549,-69.031262],[77.099352,-69.014784],[77.347506,-68.995674],[77.350606,-69.193758],[77.383337,-69.193758],[78.183689,-69.193758],[78.583865,-69.193758],[78.984041,-68.786808],[78.984041,-68.379858],[78.984041,-67.972908],[79.245632,-67.924169],[79.518401,-67.875429],[79.939985,-67.823108],[80.556718,-67.714837],[80.811397,-67.696644],[80.90605,-67.684931],[81.398819,-67.597756],[81.71326,-67.528836],[82.0182,-67.491148],[82.324872,-67.451462],[82.448012,-67.430746],[82.507894,-67.42845],[82.507916,-68.268702],[82.507927,-68.688828],[82.507939,-69.138828],[82.507961,-70.038827],[82.507973,-70.488827],[82.507984,-70.938827],[82.508007,-71.838826],[82.508018,-72.288826],[82.508043,-73.197917],[82.508056,-73.652462],[82.508068,-74.107008],[82.508094,-75.016099],[82.508106,-75.470644],[82.508119,-75.92519],[82.508144,-76.834281],[82.508156,-77.288826],[82.508168,-77.743371],[82.508191,-78.652462],[82.508203,-79.107008],[82.508215,-79.561553],[82.508238,-80.470644],[82.50825,-80.92519],[82.508262,-81.379735],[82.508285,-82.288826],[82.508297,-82.724022],[82.508308,-83.159218],[82.508331,-84.02961],[82.508343,-84.464806],[82.508354,-84.900002],[82.508378,-85.827274],[82.50839,-86.290911],[82.508402,-86.754547],[82.508425,-87.681819],[82.508437,-88.145455],[82.508461,-89.072728],[82.508472,-89.536364],[82.508484,-90],[81.511703,-90],[81.17837,-90],[80.845037,-90],[80.17837,-90],[79.845037,-90],[79.511703,-90],[78.845037,-90],[78.511703,-90],[78.17837,-90],[77.511703,-90],[77.17837,-90],[76.845037,-90],[76.17837,-90],[75.845037,-90],[75.511703,-90],[74.845037,-90],[74.511703,-90],[74.17837,-90],[73.511703,-90],[73.17837,-90],[72.845037,-90],[72.17837,-90],[71.845037,-90],[71.17837,-90],[70.845037,-90],[70.511703,-90],[69.845037,-90],[69.511703,-90],[69.17837,-90],[68.511703,-90],[68.17837,-90],[67.845037,-90],[67.511703,-89.648224],[67.511703,-89.193679],[67.511703,-88.739133],[67.511703,-87.830042],[67.511703,-87.375497],[67.511703,-86.920951],[67.511703,-86.01186],[67.511703,-85.557315],[67.511703,-85.102769],[67.511703,-84.193679],[67.511703,-83.739133],[67.511703,-83.284588],[67.511703,-82.375497],[67.511703,-81.920951],[67.511703,-81.01186],[67.511703,-80.557315],[67.511703,-80.102769],[67.511703,-79.188101],[67.511703,-78.727979],[67.511703,-78.267856],[67.511703,-77.347611],[67.511703,-76.887489],[67.511703,-76.432944],[67.511703,-75.523853],[67.511703,-75.069307],[67.511703,-74.614762],[67.511703,-73.705671],[67.511703,-73.251125],[67.511703,-72.79658],[67.511703,-71.887489],[67.511703,-71.486834],[67.511702,-71.086178],[67.511701,-70.284868],[67.511701,-70.113653],[67.5117,-69.806251],[67.013404,-69.498849],[66.515107,-69.498849],[66.016811,-69.498849],[65.020219,-69.498849],[64.521922,-69.498849],[63.52533,-69.498849],[63.027034,-69.498849],[62.528737,-69.498849],[62.029735,-69.07167],[62.029029,-68.644491],[62.028322,-68.217312],[62.02691,-67.362953],[62.183989,-67.370968],[62.499265,-67.40646],[62.814097,-67.375522],[62.972167,-67.348815],[63.2809,-67.330056],[63.705987,-67.312391],[64.072452,-67.341503],[64.240312,-67.360372],[64.944038,-67.473293],[65.352708,-67.501821],[65.761379,-67.530349],[66.578721,-67.587405],[66.73092,-67.586524],[67.052005,-67.568414],[67.323482,-67.582753],[67.418898,-67.598789],[67.615983,-67.631913]]]}},{"type":"Feature","properties":{"objectid":25,"scalerank":6,"featurecla":"Timezone","name":"+6","map_color6":6,"map_color8":8,"note":null,"zone":6,"utc_format":"UTC+06:00","time_zone":"UTC+06:00","iso_8601":"2012-05-31T10:33:50+06:00","places":"Mirny Station","dst_places":null,"tz_name1st":"Antarctica/Mirny","tz_namesum":1},"bbox":[82.507894,-90,97.513839,-65.866784],"geometry":{"type":"Polygon","coordinates":[[[97.513839,-66.201265],[97.513839,-66.663607],[97.513839,-67.125949],[97.513839,-68.050634],[97.513839,-68.512976],[97.513839,-68.975318],[97.513839,-69.900002],[97.513839,-70.354547],[97.513839,-70.809093],[97.513839,-71.718184],[97.513839,-72.172729],[97.513839,-72.627275],[97.513839,-73.536366],[97.513839,-73.990911],[97.513839,-74.445457],[97.513839,-75.354547],[97.513839,-75.809093],[97.513839,-76.263638],[97.513839,-77.172729],[97.513839,-77.627275],[97.513839,-78.08182],[97.513839,-78.990911],[97.513839,-79.445457],[97.513839,-79.900002],[97.513839,-80.809093],[97.513839,-81.263638],[97.513839,-81.718184],[97.513839,-82.627275],[97.513839,-83.08182],[97.513839,-83.536366],[97.513839,-84.445457],[97.513839,-84.900002],[97.513839,-85.363638],[97.513839,-86.290911],[97.513839,-86.754547],[97.513839,-87.218183],[97.513839,-88.145455],[97.513839,-88.609091],[97.513839,-89.072728],[97.513839,-90],[97.508484,-90],[96.841818,-90],[96.508484,-90],[96.175151,-90],[95.508484,-90],[95.175151,-90],[94.841818,-90],[94.175151,-90],[93.841818,-90],[93.508484,-90],[92.841818,-90],[92.508484,-90],[92.175151,-90],[91.508484,-90],[91.175151,-90],[90.841818,-90],[90.175151,-90],[89.841818,-90],[89.508484,-90],[88.841818,-90],[88.508484,-90],[88.175151,-90],[87.508484,-90],[87.175151,-90],[86.841818,-90],[86.175151,-90],[85.841818,-90],[85.508484,-90],[84.841818,-90],[84.508484,-90],[84.175151,-90],[83.508484,-90],[83.175151,-90],[82.841818,-90],[82.508472,-89.536364],[82.508461,-89.072728],[82.508449,-88.609091],[82.508425,-87.681819],[82.508413,-87.218183],[82.508402,-86.754547],[82.508378,-85.827274],[82.508366,-85.363638],[82.508343,-84.464806],[82.508331,-84.02961],[82.50832,-83.594414],[82.508297,-82.724022],[82.508285,-82.288826],[82.508274,-81.834281],[82.50825,-80.92519],[82.508238,-80.470644],[82.508227,-80.016099],[82.508203,-79.107008],[82.508191,-78.652462],[82.50818,-78.197917],[82.508156,-77.288826],[82.508144,-76.834281],[82.508131,-76.379735],[82.508106,-75.470644],[82.508094,-75.016099],[82.508081,-74.561553],[82.508056,-73.652462],[82.508043,-73.197917],[82.508031,-72.743371],[82.508007,-71.838826],[82.507995,-71.388826],[82.507984,-70.938827],[82.507961,-70.038827],[82.50795,-69.588827],[82.507939,-69.138828],[82.507916,-68.268702],[82.507905,-67.848576],[82.507894,-67.42845],[82.862022,-67.409404],[82.934054,-67.386921],[83.066511,-67.307187],[83.141837,-67.281113],[83.240625,-67.258834],[83.302171,-67.220169],[83.529311,-67.151845],[83.877366,-67.095888],[84.074648,-67.002753],[84.176318,-66.967572],[84.350601,-66.937621],[84.761698,-66.909036],[84.809065,-66.889694],[84.833461,-66.862985],[84.687105,-66.710929],[84.634549,-66.672778],[84.607204,-66.628591],[84.643577,-66.503582],[84.710386,-66.439278],[84.784622,-66.39752],[85.011827,-66.344732],[85.136401,-66.337886],[85.260835,-66.343406],[85.474435,-66.392292],[85.691036,-66.491691],[85.795729,-66.567003],[85.933372,-66.579677],[86.026256,-66.544295],[86.09648,-66.52602],[86.482877,-66.489009],[86.593345,-66.491761],[86.681845,-66.500815],[86.988321,-66.591554],[87.058116,-66.626073],[87.145953,-66.692265],[87.231365,-66.711677],[87.622599,-66.646739],[87.782404,-66.608172],[88.093073,-66.590612],[88.209181,-66.597334],[88.436847,-66.633587],[88.889458,-66.615677],[89.086253,-66.613088],[89.525617,-66.645612],[89.759534,-66.612625],[90.025734,-66.596178],[90.234087,-66.59458],[90.812178,-66.440822],[90.927976,-66.41466],[91.139874,-66.398607],[91.368985,-66.412364],[91.542346,-66.374226],[91.934296,-66.324343],[92.039428,-66.326707],[92.366899,-66.356273],[92.594542,-66.421654],[92.677558,-66.436885],[92.738987,-66.430838],[92.988028,-66.388826],[93.103006,-66.391239],[93.25018,-66.40702],[93.793902,-66.424534],[93.925518,-66.449095],[94.074333,-66.495208],[94.107449,-66.489728],[94.21817,-66.42877],[94.360796,-66.387384],[94.862588,-66.304383],[94.960343,-66.303743],[95.344112,-66.345821],[95.594334,-66.4099],[95.721179,-66.481218],[95.880874,-66.425193],[95.967241,-66.290615],[95.921316,-66.25566],[95.890501,-66.212629],[95.905051,-66.110112],[95.958389,-66.04958],[96.030993,-65.993082],[96.211067,-65.91617],[96.323997,-65.889793],[96.449239,-65.872713],[97.048949,-65.893459],[97.133414,-65.908374],[97.23559,-65.939042],[97.391196,-66.03788],[97.435726,-66.114124],[97.513839,-66.201265]]]}},{"type":"Feature","properties":{"objectid":27,"scalerank":6,"featurecla":"Timezone","name":"+7","map_color6":5,"map_color8":1,"note":null,"zone":7,"utc_format":"UTC+07:00","time_zone":"UTC+07:00","iso_8601":"2012-05-31T11:33:50+07:00","places":"Antarctica","dst_places":null,"tz_name1st":"Antarctica/","tz_namesum":0},"bbox":[97.513839,-90,112.500412,-64.966884],"geometry":{"type":"Polygon","coordinates":[[[103.406524,-65.632635],[103.409097,-65.768274],[103.480865,-65.779066],[103.881472,-65.812586],[104.06649,-65.827344],[104.572357,-65.907191],[104.656982,-65.927156],[104.729959,-65.952237],[105.000463,-65.986298],[105.321771,-66.041585],[105.761761,-66.122926],[106.116263,-66.176406],[106.689295,-66.254651],[106.884401,-66.291376],[107.127821,-66.297331],[107.619796,-66.372711],[107.943065,-66.400844],[108.129891,-66.457141],[108.27944,-66.463372],[108.4661,-66.498784],[108.545168,-66.531641],[108.582404,-66.559084],[108.662213,-66.638258],[108.86798,-66.686157],[109.13309,-66.719827],[109.368166,-66.734918],[109.688608,-66.656065],[109.860295,-66.622661],[110.003835,-66.566944],[110.119597,-66.937068],[110.124796,-67.336131],[111.075043,-67.337398],[111.550166,-67.338031],[112.500412,-67.339298],[112.500412,-67.758734],[112.500412,-68.17817],[112.500412,-69.017042],[112.500412,-69.436478],[112.500412,-70.345569],[112.500412,-70.800114],[112.500412,-71.709205],[112.500412,-72.163751],[112.500412,-72.618296],[112.500412,-73.527387],[112.500412,-73.981933],[112.500412,-74.891023],[112.500412,-75.345569],[112.500412,-76.25466],[112.500412,-76.709205],[112.500412,-77.163751],[112.500412,-78.072842],[112.500412,-78.527387],[112.500412,-79.436478],[112.500412,-79.891023],[112.500412,-80.800114],[112.500412,-81.25466],[112.500412,-81.709205],[112.500412,-82.618296],[112.500412,-83.072842],[112.500412,-83.981933],[112.500412,-84.436478],[112.500412,-85.345569],[112.500412,-85.800114],[112.500412,-86.25466],[112.500412,-87.163751],[112.500412,-87.618296],[112.500412,-88.527387],[112.500412,-88.981933],[112.500412,-89.718239],[112.500412,-90],[112.007126,-90],[111.180506,-90],[110.847173,-90],[110.180506,-90],[109.847173,-90],[109.180506,-90],[108.847173,-90],[108.513839,-90],[107.847173,-90],[107.513839,-90],[106.847173,-90],[106.513839,-90],[105.847173,-90],[105.513839,-90],[105.180506,-90],[104.513839,-90],[104.180506,-90],[103.513839,-90],[103.180506,-90],[102.513839,-90],[102.180506,-90],[101.847173,-90],[101.180506,-90],[100.847173,-90],[100.180506,-90],[99.847173,-90],[99.180506,-90],[98.847173,-90],[98.513839,-90],[97.847173,-90],[97.513839,-90],[97.513839,-89.072728],[97.513839,-88.609091],[97.513839,-88.145455],[97.513839,-87.218183],[97.513839,-86.754547],[97.513839,-85.827274],[97.513839,-85.363638],[97.513839,-84.445457],[97.513839,-83.990911],[97.513839,-83.536366],[97.513839,-82.627275],[97.513839,-82.172729],[97.513839,-81.263638],[97.513839,-80.809093],[97.513839,-79.900002],[97.513839,-79.445457],[97.513839,-78.990911],[97.513839,-78.08182],[97.513839,-77.627275],[97.513839,-76.718184],[97.513839,-76.263638],[97.513839,-75.354547],[97.513839,-74.900002],[97.513839,-74.445457],[97.513839,-73.536366],[97.513839,-73.08182],[97.513839,-72.172729],[97.513839,-71.718184],[97.513839,-70.809093],[97.513839,-70.354547],[97.513839,-69.900002],[97.513839,-68.975318],[97.513839,-68.512976],[97.513839,-67.588291],[97.513839,-67.125949],[97.513839,-66.201265],[97.646363,-66.239902],[97.713301,-66.272368],[97.844167,-66.342029],[97.901986,-66.342543],[98.260729,-66.271761],[98.491629,-66.207643],[98.705956,-66.193014],[98.915185,-66.211774],[99.125547,-66.254668],[99.366414,-66.369914],[99.404383,-66.383555],[99.602044,-66.377026],[99.660947,-66.367768],[99.653103,-66.228337],[99.657229,-66.178604],[99.686738,-66.129152],[99.963624,-65.942874],[99.999564,-65.906023],[100.011871,-65.788131],[99.911786,-65.712644],[99.871299,-65.555643],[99.913142,-65.487459],[100.081555,-65.370226],[100.442988,-65.243779],[100.723305,-65.213017],[100.99959,-65.214909],[101.301856,-65.262651],[101.593081,-65.402693],[101.635343,-65.444093],[101.65814,-65.484754],[101.623501,-65.622052],[101.578531,-65.659732],[101.405324,-65.750771],[101.428645,-65.778089],[101.785583,-65.797061],[102.171032,-65.788144],[102.306459,-65.746939],[102.59547,-65.701174],[102.727827,-65.695112],[102.952379,-65.596577],[102.892824,-65.578983],[102.720208,-65.411461],[102.618256,-65.391088],[102.529687,-65.364025],[102.408737,-65.29534],[102.376092,-65.25396],[102.367033,-65.154486],[102.392652,-65.106082],[102.482368,-65.033294],[102.546342,-65.007498],[102.631809,-64.985919],[102.990085,-64.969867],[103.154244,-64.993938],[103.425526,-65.078762],[103.501246,-65.120973],[103.596038,-65.270769],[103.709475,-65.316152],[103.772854,-65.357129],[103.812168,-65.453435],[103.789519,-65.496307],[103.648809,-65.584441],[103.559754,-65.610973],[103.406524,-65.632635]],[[104.869772,-77.404915],[104.869772,-77.829463],[104.869772,-78.25401],[104.869772,-78.678558],[104.869772,-79.103105],[104.869772,-79.527653],[105.352338,-79.527653],[105.834903,-79.527653],[106.317468,-79.527653],[106.800034,-79.527653],[107.282599,-79.527653],[107.765164,-79.527653],[108.24773,-79.527653],[108.730295,-79.527653],[108.730295,-79.103105],[108.730295,-78.678558],[108.730295,-78.25401],[108.730295,-77.829463],[108.730295,-77.404915],[108.24773,-77.404915],[107.765164,-77.404915],[107.282599,-77.404915],[106.800034,-77.404915],[106.317468,-77.404915],[105.834903,-77.404915],[105.352338,-77.404915],[104.869772,-77.404915]]]}},{"type":"Feature","properties":{"objectid":15,"scalerank":6,"featurecla":"Timezone","name":"0","map_color6":6,"map_color8":1,"note":null,"zone":0,"utc_format":"UTC\u00b100:00","time_zone":"UTC\u00b100:00","iso_8601":"2012-05-31T09:03:50\u00b100:00","places":"Troll Station, Maitri Station","dst_places":null,"tz_name1st":"Antarctica/Troll","tz_namesum":1},"bbox":[-7.535556,-90,12.889506,-69.796958],"geometry":{"type":"Polygon","coordinates":[[[11.458017,-69.913752],[11.556778,-69.971341],[11.610188,-70.040395],[11.71859,-70.053426],[11.821487,-70.045022],[11.862836,-69.997022],[11.910142,-69.966068],[11.934513,-69.955018],[11.972651,-69.937725],[12.165624,-69.881367],[12.510341,-69.84463],[12.887794,-69.838497],[12.888479,-70.654187],[12.889164,-71.469876],[12.403068,-71.877154],[11.916629,-71.876588],[10.943752,-71.875454],[9.970875,-71.874321],[8.997998,-71.873187],[8.025121,-71.872054],[7.538682,-72.102152],[7.538682,-72.903272],[7.538682,-73.303831],[7.538682,-73.716288],[7.538682,-74.713909],[7.538682,-75.711529],[7.538682,-76.70915],[7.538682,-77.70677],[7.538682,-78.704391],[7.538682,-78.716288],[7.538682,-79.713909],[7.538682,-80.711529],[7.538682,-81.70915],[7.538682,-82.70677],[7.538682,-83.704391],[7.538682,-84.215099],[7.538682,-84.713909],[7.538682,-85.711529],[7.538682,-86.70915],[7.538682,-87.70677],[7.538682,-88.704391],[7.538682,-89.144192],[7.538682,-90],[7.464444,-90],[6.797778,-90],[6.131111,-90],[5.464444,-90],[4.797778,-90],[4.131111,-90],[3.464444,-90],[3.131111,-90],[2.464444,-90],[1.797778,-90],[1.131111,-90],[0.464444,-90],[-1.1e-05,-90],[-0.535556,-90],[-0.868889,-90],[-1.535556,-90],[-2.202223,-90],[-2.868889,-90],[-3.535556,-90],[-4.202223,-90],[-4.868889,-90],[-5.202223,-90],[-5.868889,-90],[-6.535556,-90],[-7.202223,-90],[-7.535381,-89.536364],[-7.535031,-88.609091],[-7.534681,-87.681819],[-7.534331,-86.754547],[-7.534156,-86.290911],[-7.533806,-85.363638],[-7.533459,-84.445457],[-7.533116,-83.536366],[-7.532774,-82.627275],[-7.532431,-81.718184],[-7.532088,-80.809093],[-7.531916,-80.354547],[-7.531636,-79.613625],[-7.531293,-78.704534],[-7.530949,-77.795443],[-7.530606,-76.886352],[-7.530263,-75.977261],[-7.529919,-75.06817],[-7.529748,-74.613625],[-7.529412,-73.726338],[-7.529077,-72.839052],[-7.528742,-71.951766],[-7.528449,-71.176471],[-7.528221,-70.574295],[-7.325129,-70.576215],[-7.136052,-70.585842],[-6.918035,-70.607658],[-7.079869,-70.463121],[-6.988395,-70.333483],[-6.728255,-70.255164],[-6.145219,-70.197561],[-5.924334,-70.194641],[-5.805838,-70.204819],[-5.573933,-70.248662],[-5.406569,-70.311191],[-5.318115,-70.389757],[-5.258062,-70.526848],[-5.126657,-70.624864],[-4.970746,-70.733805],[-4.932237,-70.786491],[-4.938684,-70.878657],[-5.082645,-71.061096],[-5.034954,-71.123228],[-4.430261,-71.113228],[-4.150138,-71.09229],[-4.052091,-71.037124],[-3.992327,-70.971093],[-4.034541,-70.906901],[-4.213515,-70.777514],[-4.197932,-70.652749],[-4.138466,-70.535287],[-4.12307,-70.457504],[-3.826343,-70.239504],[-3.727982,-70.193682],[-3.458425,-70.118581],[-3.089131,-70.074832],[-2.69472,-70.079489],[-2.348535,-70.139262],[-2.108967,-70.261104],[-2.047024,-70.445826],[-2.06345,-70.507182],[-2.088876,-70.566437],[-1.785065,-70.63272],[-1.531295,-70.719311],[-1.439263,-70.833224],[-1.561772,-70.964152],[-1.659197,-71.048461],[-1.889775,-71.202708],[-1.725564,-71.131558],[-1.375726,-71.05604],[-0.969779,-71.051969],[-0.617557,-71.113429],[-0.281619,-71.208793],[-0.176514,-71.185328],[-0.054367,-71.167957],[-0.041677,-71.175402],[0.116813,-71.102437],[0.674337,-70.986567],[1.037326,-70.940588],[1.420361,-70.850364],[1.461345,-70.818481],[1.412052,-70.748977],[1.360162,-70.713118],[1.137065,-70.641501],[0.78157,-70.584598],[0.592856,-70.504881],[0.51137,-70.378992],[0.327717,-70.202389],[0.321943,-70.101104],[0.346945,-70.051476],[0.488394,-69.942494],[0.741503,-69.861951],[1.153111,-69.816316],[1.557332,-69.826962],[1.846301,-69.891091],[2.006714,-69.97947],[2.051944,-70.03261],[2.075526,-70.186664],[1.905887,-70.318788],[1.894876,-70.373071],[2.074092,-70.388102],[2.221147,-70.339372],[2.676747,-70.216626],[2.791044,-70.193144],[3.28859,-70.158779],[3.659782,-70.116765],[4.191056,-70.029685],[4.445628,-70.027242],[4.97742,-70.071809],[5.166868,-70.062599],[5.304324,-70.038447],[5.725654,-70.013222],[5.988236,-69.936076],[6.278927,-69.910256],[6.520254,-69.92081],[7.079099,-69.987866],[7.389061,-69.979029],[7.538682,-69.966955],[7.840191,-69.953424],[8.063792,-69.96939],[8.377801,-69.99538],[8.431466,-69.989158],[8.714627,-69.925828],[8.911213,-69.880339],[9.029957,-69.867043],[9.353848,-69.865865],[9.750224,-69.920178],[9.971387,-69.914178],[10.328546,-69.814306],[10.833723,-69.801021],[11.185042,-69.833482],[11.458017,-69.913752]]]}},{"type":"Feature","properties":{"objectid":16,"scalerank":6,"featurecla":"Timezone","name":"+1","map_color6":5,"map_color8":2,"note":null,"zone":1,"utc_format":"UTC+01:00","time_zone":"UTC+01:00","iso_8601":"2012-05-31T05:33:50+01:00","places":"Antarctica","dst_places":null,"tz_name1st":"Antarctica/","tz_namesum":0},"bbox":[7.538682,-89.999933,22.503818,-69.500382],"geometry":{"type":"Polygon","coordinates":[[[17.13433,-70.022682],[17.242033,-70.119769],[17.304594,-70.240737],[17.325634,-70.257693],[17.576779,-70.276639],[17.651105,-70.276527],[17.723054,-70.218404],[17.942983,-70.146464],[18.242514,-70.091787],[18.288952,-70.075048],[18.421529,-70.027258],[18.513532,-70.002335],[18.628185,-69.981759],[18.883431,-69.96261],[19.003235,-69.963786],[19.128162,-69.971593],[19.267261,-69.987026],[19.493965,-70.028996],[19.709895,-70.096353],[19.892582,-70.203798],[19.907744,-70.246393],[19.891348,-70.301368],[19.9164,-70.37898],[19.870527,-70.44954],[19.620427,-70.643854],[19.620724,-70.684569],[19.91817,-70.689403],[20.07641,-70.704083],[20.385951,-70.694077],[20.519677,-70.677651],[20.562771,-70.576859],[20.749897,-70.402267],[20.901754,-70.319418],[21.038179,-70.197211],[21.108136,-70.150994],[21.24285,-70.09378],[21.401953,-70.051062],[21.766456,-70.018566],[21.88721,-70.024595],[22.0027,-70.037786],[22.129797,-70.060751],[22.247547,-70.090198],[22.424276,-70.150705],[22.503818,-70.538966],[22.503818,-70.550863],[22.503818,-70.551921],[22.503818,-71.021501],[22.503818,-71.49108],[22.503818,-71.960659],[22.503818,-72.899818],[22.503818,-73.369397],[22.503818,-73.838976],[22.503818,-73.850873],[22.503818,-73.851931],[22.503818,-74.350636],[22.503818,-75.348045],[22.503818,-75.846749],[22.503818,-76.345454],[22.503818,-76.844158],[22.503818,-77.342863],[22.503818,-77.841567],[22.503818,-78.838976],[22.503818,-78.850873],[22.503818,-78.851931],[22.503818,-79.350636],[22.503818,-79.84934],[22.503818,-80.348045],[22.503818,-81.345454],[22.503818,-81.844158],[22.503818,-82.342863],[22.503818,-82.841567],[22.503818,-83.340272],[22.503818,-83.838976],[22.503818,-83.851931],[22.503818,-84.200936],[22.503818,-84.54994],[22.503818,-84.898944],[22.503818,-84.910841],[22.503818,-84.911899],[22.503818,-85.836804],[22.503818,-86.299256],[22.503818,-86.761708],[22.503818,-87.224161],[22.503818,-87.686613],[22.503818,-88.149065],[22.503818,-89.07397],[22.503818,-89.536422],[22.503818,-89.998875],[22.503818,-89.998942],[22.503818,-89.999933],[22.00498,-89.999933],[21.007305,-89.999933],[20.508467,-89.999933],[20.009629,-89.999933],[19.510791,-89.999933],[19.011953,-89.999933],[18.513115,-89.999933],[17.51544,-89.999933],[17.016602,-89.999933],[16.517764,-89.999933],[16.018926,-89.999933],[15.520088,-89.999933],[15.02125,-89.999933],[14.023574,-89.999933],[13.524737,-89.999933],[13.025899,-89.999933],[12.527061,-89.999933],[12.028223,-89.999933],[11.529385,-89.999933],[10.531709,-89.999933],[10.032872,-89.999933],[9.534034,-89.999933],[9.035196,-89.999933],[8.536358,-89.999933],[8.03752,-89.999933],[7.538682,-89.572051],[7.538682,-89.14417],[7.538682,-88.716288],[7.538682,-88.704391],[7.538682,-88.205581],[7.538682,-87.70677],[7.538682,-86.70915],[7.538682,-86.21034],[7.538682,-85.711529],[7.538682,-85.212719],[7.538682,-84.713909],[7.538682,-84.215099],[7.538682,-83.704391],[7.538682,-83.205581],[7.538682,-82.70677],[7.538682,-82.20796],[7.538682,-81.70915],[7.538682,-81.21034],[7.538682,-80.212719],[7.538682,-79.713909],[7.538682,-79.215099],[7.538682,-78.716288],[7.538682,-78.704391],[7.538682,-78.205581],[7.538682,-77.20796],[7.538682,-76.70915],[7.538682,-76.21034],[7.538682,-75.711529],[7.538682,-75.212719],[7.538682,-74.713909],[7.538682,-73.716288],[7.538682,-73.704391],[7.538682,-73.303831],[7.538682,-72.903272],[7.538682,-72.502712],[7.538682,-72.102152],[8.025121,-71.872054],[8.511559,-71.872621],[8.997998,-71.873187],[9.484436,-71.873754],[9.970875,-71.874321],[10.457313,-71.874888],[11.430191,-71.876021],[11.916629,-71.876588],[12.403068,-71.877154],[12.889506,-71.877721],[12.889164,-71.469876],[12.888821,-71.062032],[12.888136,-70.246342],[12.887794,-69.838497],[12.999844,-69.836535],[13.120547,-69.841883],[13.237668,-69.853965],[13.379892,-69.880426],[13.624095,-69.977843],[13.752863,-70.074962],[13.824258,-70.100612],[13.899188,-70.113029],[13.95712,-70.112099],[14.12056,-70.089719],[14.578345,-70.075736],[14.784215,-70.090982],[15.046817,-70.081538],[15.064443,-70.076111],[15.063201,-70.064715],[14.958551,-69.93972],[14.987294,-69.801141],[15.044621,-69.743687],[15.1141,-69.696023],[15.20717,-69.649307],[15.316398,-69.610055],[15.445043,-69.575704],[15.759745,-69.521634],[15.910153,-69.507707],[16.068447,-69.500382],[16.434271,-69.503106],[16.693962,-69.51565],[16.900788,-69.547221],[17.148525,-69.632253],[17.195921,-69.66425],[17.234792,-69.713823],[17.23631,-69.767027],[17.208451,-69.814024],[17.118008,-69.903372],[17.13433,-70.022682]]]}},{"type":"Feature","properties":{"objectid":4,"scalerank":6,"featurecla":"Timezone","name":"-9","map_color6":3,"map_color8":5,"note":null,"zone":-9,"utc_format":"UTC-09:00","time_zone":"UTC-09:00","iso_8601":"2012-05-30T19:33:50-09:00","places":"Antarctica","dst_places":null,"tz_name1st":"Antarctica/","tz_namesum":0},"bbox":[-142.529282,-90,-127.507256,-73.102859],"geometry":{"type":"Polygon","coordinates":[[[-127.507321,-73.102859],[-127.507319,-73.552383],[-127.507317,-74.001907],[-127.507315,-74.451431],[-127.507313,-74.900955],[-127.507311,-75.350479],[-127.507307,-76.255558],[-127.507306,-76.711114],[-127.507304,-77.166669],[-127.507302,-77.622225],[-127.507301,-78.07778],[-127.507297,-78.988891],[-127.507296,-79.444447],[-127.507294,-79.900002],[-127.507292,-80.354547],[-127.50729,-80.809093],[-127.507288,-81.263638],[-127.507283,-82.172729],[-127.507281,-82.627275],[-127.507279,-83.08182],[-127.507277,-83.536366],[-127.507275,-83.990911],[-127.507271,-84.900002],[-127.50727,-85.363638],[-127.507268,-85.827274],[-127.507267,-86.290911],[-127.507265,-86.754547],[-127.507263,-87.681819],[-127.507261,-88.145455],[-127.50726,-88.609091],[-127.507259,-89.072728],[-127.507257,-89.536364],[-127.507256,-90],[-128.390905,-90],[-128.832729,-90],[-129.274553,-90],[-129.716377,-90],[-130.158202,-90],[-131.04185,-90],[-131.483675,-90],[-131.925499,-90],[-132.367323,-90],[-132.809147,-90],[-133.250972,-90],[-134.13462,-90],[-134.576445,-90],[-135.018269,-90],[-135.460093,-90],[-135.901918,-90],[-136.785566,-90],[-137.22739,-90],[-137.669215,-90],[-138.111039,-90],[-138.552863,-90],[-139.436512,-90],[-139.878336,-90],[-140.32016,-90],[-140.761985,-90],[-141.203809,-90],[-141.645633,-90],[-142.529282,-90],[-142.529282,-89.618999],[-142.529282,-89.237999],[-142.529282,-88.856998],[-142.529282,-88.475998],[-142.529282,-87.566907],[-142.529282,-87.112362],[-142.529282,-86.657816],[-142.529282,-86.203271],[-142.529282,-85.748725],[-142.529282,-84.839634],[-142.529282,-84.385089],[-142.529282,-83.930543],[-142.529282,-83.475998],[-142.529282,-83.021453],[-142.529282,-82.566907],[-142.529282,-81.657816],[-142.529282,-81.203271],[-142.529282,-80.748725],[-142.529282,-80.29418],[-142.529282,-79.839634],[-142.529282,-78.930543],[-142.529282,-78.475998],[-142.529282,-78.013175],[-142.529282,-77.550352],[-142.529282,-77.087528],[-142.529282,-76.624705],[-142.529282,-75.699059],[-142.529282,-75.236236],[-142.409101,-75.234743],[-142.200678,-75.244857],[-141.815514,-75.279393],[-141.406474,-75.298848],[-141.272226,-75.294165],[-141.129072,-75.295519],[-140.955543,-75.305024],[-140.872588,-75.258101],[-140.388594,-75.100928],[-140.196802,-75.024024],[-140.031297,-74.986855],[-139.817947,-74.96002],[-139.564808,-74.948976],[-139.307396,-74.927775],[-138.894496,-74.9354],[-138.617947,-74.926921],[-138.341398,-74.918441],[-138.282204,-74.91273],[-138.078434,-74.881094],[-137.768118,-74.842324],[-137.68627,-74.814108],[-137.628454,-74.781361],[-137.554764,-74.709896],[-137.482779,-74.663213],[-137.265856,-74.591295],[-137.077385,-74.563662],[-136.935872,-74.55371],[-136.766983,-74.550344],[-136.449841,-74.51059],[-136.198242,-74.501946],[-136.064665,-74.450946],[-135.929165,-74.417701],[-135.735577,-74.38455],[-135.543361,-74.367072],[-135.31262,-74.362715],[-134.784609,-74.398352],[-134.503367,-74.429638],[-134.222126,-74.460925],[-134.059549,-74.488429],[-133.93065,-74.520272],[-133.857056,-74.545662],[-133.649874,-74.63416],[-133.587793,-74.644567],[-133.525143,-74.643246],[-133.485096,-74.631209],[-133.485493,-74.61042],[-133.657771,-74.45722],[-133.65291,-74.401244],[-133.608931,-74.35492],[-133.494709,-74.30367],[-133.2669,-74.244475],[-133.063971,-74.149863],[-132.97942,-74.065275],[-132.873933,-74.013032],[-132.787829,-73.98597],[-132.686632,-73.962973],[-132.571992,-73.944742],[-132.285347,-73.924916],[-132.114846,-73.927259],[-131.95339,-73.938591],[-131.790554,-73.960343],[-131.635239,-73.993943],[-131.438429,-74.074427],[-131.389435,-74.126749],[-131.365846,-74.136351],[-131.162394,-74.161712],[-130.964684,-74.205564],[-130.609666,-74.235692],[-130.500419,-74.255998],[-130.403446,-74.281713],[-130.312139,-74.315256],[-130.240973,-74.352459],[-130.19288,-74.391705],[-130.222062,-74.564791],[-130.257192,-74.598951],[-130.333548,-74.64194],[-130.338548,-74.652083],[-130.317759,-74.660401],[-130.015447,-74.694174],[-129.952255,-74.69391],[-129.801561,-74.67907],[-129.609641,-74.645723],[-129.47006,-74.628963],[-129.299017,-74.619249],[-128.866332,-74.588497],[-128.844292,-74.570428],[-128.843996,-74.53845],[-128.927451,-74.31457],[-128.916008,-74.27411],[-128.769792,-74.183138],[-128.60966,-74.14154],[-128.417338,-74.114272],[-128.203669,-74.10191],[-128.067952,-74.101915],[-127.692227,-74.133455],[-127.697118,-73.888111],[-127.819569,-73.85474],[-127.906494,-73.817504],[-127.960608,-73.779972],[-127.986448,-73.744125],[-128.112836,-73.641594],[-128.170289,-73.595981],[-128.188533,-73.547667],[-128.172974,-73.507574],[-128.206458,-73.441548],[-128.132918,-73.339363],[-127.972094,-73.24774],[-127.884701,-73.206144],[-127.775732,-73.165367],[-127.660747,-73.132659],[-127.507321,-73.102859]]]}},{"type":"Feature","properties":{"objectid":18,"scalerank":6,"featurecla":"Timezone","name":"+3","map_color6":3,"map_color8":4,"note":null,"zone":3,"utc_format":"UTC+03:00","time_zone":"UTC+03:00","iso_8601":"2012-05-31T07:33:50+03:00","places":"Antarctica","dst_places":null,"tz_name1st":"Antarctica/","tz_namesum":0},"bbox":[37.529491,-90,52.521328,-65.768056],"geometry":{"type":"Polygon","coordinates":[[[52.521179,-66.474167],[52.521182,-66.928712],[52.521185,-67.383258],[52.52119,-68.292349],[52.521193,-68.746894],[52.521196,-69.20144],[52.521202,-70.110531],[52.521205,-70.565076],[52.521207,-71.019622],[52.521213,-71.928712],[52.521216,-72.383258],[52.521219,-72.837803],[52.521226,-73.746894],[52.521229,-74.20144],[52.521232,-74.655985],[52.521238,-75.565076],[52.521241,-76.019622],[52.521244,-76.474167],[52.521249,-77.3075],[52.521252,-77.724167],[52.521254,-78.140834],[52.521259,-78.974167],[52.521262,-79.428712],[52.521265,-79.883258],[52.521272,-80.792349],[52.521275,-81.246894],[52.521281,-82.155985],[52.521284,-82.610531],[52.521287,-83.065076],[52.521293,-83.974167],[52.521296,-84.428712],[52.5213,-84.883258],[52.521306,-85.792349],[52.521309,-86.246894],[52.521312,-86.70144],[52.521319,-87.610531],[52.521322,-88.065076],[52.521325,-88.519622],[52.521328,-89.316111],[52.521328,-89.658056],[52.521328,-90],[51.529491,-90],[51.196158,-90],[50.862825,-90],[50.196158,-90],[49.862825,-90],[49.529491,-90],[48.862825,-90],[48.529491,-90],[48.196158,-90],[47.529491,-90],[47.196158,-90],[46.529491,-90],[46.196158,-90],[45.862825,-90],[45.196158,-90],[44.862825,-90],[44.529491,-90],[43.862825,-90],[43.529491,-90],[43.196158,-90],[42.529491,-90],[42.196158,-90],[41.862825,-90],[41.196158,-90],[40.862825,-90],[40.529491,-90],[39.862825,-90],[39.529491,-90],[39.196158,-90],[38.529491,-90],[38.196158,-90],[37.862825,-90],[37.529491,-89.998942],[37.529491,-89.535402],[37.529491,-88.608322],[37.529491,-88.144782],[37.529491,-87.681242],[37.529491,-86.754162],[37.529491,-86.290622],[37.529491,-85.827082],[37.529491,-84.900002],[37.529491,-84.898944],[37.529491,-84.39905],[37.529491,-83.399261],[37.529491,-82.899367],[37.529491,-82.399473],[37.529491,-81.399685],[37.529491,-80.89979],[37.529491,-80.399896],[37.529491,-79.898944],[37.529491,-79.39905],[37.529491,-78.899156],[37.529491,-77.899367],[37.529491,-77.399473],[37.529491,-76.899579],[37.529491,-75.89979],[37.529491,-75.399896],[37.529491,-74.900002],[37.529491,-74.39905],[37.529491,-73.899156],[37.529491,-72.899367],[37.529491,-72.399473],[37.529491,-71.899579],[37.529491,-70.89979],[37.529491,-70.399896],[37.529491,-69.900002],[37.529491,-69.48063],[37.708195,-69.476509],[37.87156,-69.47945],[38.297771,-69.531327],[38.579232,-69.582164],[38.651406,-69.588061],[38.885582,-69.536269],[39.062357,-69.50411],[39.143198,-69.465081],[39.188524,-69.406902],[39.140747,-69.356727],[39.124373,-69.312808],[39.166773,-69.219738],[39.165914,-69.150311],[39.136294,-69.064539],[39.331259,-68.754593],[39.413676,-68.705134],[39.540864,-68.663071],[39.987176,-68.6083],[40.159675,-68.557178],[40.39538,-68.520589],[40.501522,-68.515897],[40.553666,-68.482338],[40.846045,-68.389474],[41.144109,-68.328849],[41.442173,-68.268224],[41.981034,-68.19819],[42.037114,-68.172866],[42.120492,-68.09988],[42.369419,-67.991373],[42.45686,-67.94848],[42.578704,-67.916016],[42.818701,-67.890115],[42.98721,-67.86613],[43.259795,-67.838342],[43.5669,-67.836129],[43.738647,-67.791736],[43.869969,-67.771937],[44.132168,-67.768155],[44.206981,-67.705903],[44.300452,-67.656198],[44.56371,-67.582287],[44.813275,-67.539675],[45.339066,-67.495787],[45.518969,-67.493974],[45.680066,-67.464379],[45.763545,-67.306535],[45.846707,-67.229769],[45.922671,-67.18868],[46.136635,-67.11674],[46.248803,-67.095056],[46.451453,-67.075248],[46.886626,-67.064372],[46.984865,-67.066053],[47.096089,-67.07813],[47.402535,-67.16917],[47.561261,-67.194447],[47.747159,-67.245504],[47.9606,-67.355782],[48.06823,-67.375927],[48.11948,-67.376298],[48.147751,-67.346742],[48.031147,-67.303813],[47.946786,-67.26107],[47.840109,-67.153916],[47.818915,-67.093894],[47.819951,-67.040124],[47.889139,-66.926161],[47.807897,-66.847202],[47.787121,-66.700141],[47.832898,-66.645293],[47.918576,-66.5909],[48.174116,-66.514163],[48.328873,-66.498581],[48.523082,-66.497441],[48.947618,-66.523194],[49.029368,-66.542612],[49.217551,-66.612854],[49.524956,-66.655815],[49.625245,-66.686731],[49.703658,-66.72394],[49.768704,-66.408395],[49.856835,-66.323227],[49.946732,-66.26123],[50.19968,-66.153095],[50.429254,-66.110673],[50.832983,-66.069125],[51.151456,-65.974222],[51.523887,-65.868455],[51.641301,-65.844729],[52.199081,-65.77297],[52.521174,-65.768056],[52.521179,-66.474167]]]}},{"type":"Feature","properties":{"objectid":12,"scalerank":6,"featurecla":"Timezone","name":"-3","map_color6":3,"map_color8":6,"note":null,"zone":-3,"utc_format":"UTC-03:00","time_zone":"UTC-03:00","iso_8601":"2012-05-31T01:33:50-03:00","places":"General Belgrano, Doctor Sobral Stations","dst_places":null,"tz_name1st":"Antarctica/","tz_namesum":23},"bbox":[-52.532695,-89.989001,-33.624738,-77.0076],"geometry":{"type":"Polygon","coordinates":[[[-37.848563,-78.169682],[-37.549163,-78.176655],[-37.258087,-78.183435],[-37.047583,-78.188338],[-37.019881,-78.160318],[-36.959862,-78.122807],[-36.840139,-78.076311],[-36.618663,-78.014195],[-36.51147,-77.967114],[-36.447732,-77.923013],[-36.318548,-77.805055],[-36.233687,-77.754255],[-36.14569,-77.719654],[-36.040185,-77.691362],[-35.905453,-77.665405],[-35.777812,-77.650702],[-35.742117,-77.643676],[-35.667127,-77.57516],[-35.590357,-77.527459],[-35.533538,-77.504009],[-35.372432,-77.4556],[-35.242446,-77.384695],[-35.136205,-77.342346],[-34.972562,-77.301241],[-34.654155,-77.249405],[-34.538081,-77.192444],[-34.378019,-77.147391],[-34.161032,-77.106612],[-34.023793,-77.08778],[-33.752572,-77.058193],[-33.625453,-77.031702],[-33.625334,-77.486515],[-33.625215,-77.941328],[-33.625095,-78.396141],[-33.624976,-78.850954],[-33.624857,-79.305767],[-33.624738,-79.760581],[-34.115291,-79.760581],[-34.605845,-79.760581],[-35.096399,-79.760581],[-35.586952,-79.760581],[-36.077506,-79.760581],[-36.56806,-79.760581],[-37.058613,-79.760581],[-37.549167,-79.760581],[-37.549167,-79.889003],[-37.549168,-80.343549],[-37.549169,-80.798094],[-37.549171,-81.25264],[-37.549172,-81.707185],[-37.549173,-82.161731],[-37.549174,-82.616276],[-37.549175,-83.070822],[-37.549176,-83.525367],[-37.549177,-83.979912],[-37.549178,-84.434458],[-37.549179,-84.889003],[-37.54918,-85.35264],[-37.549181,-85.816276],[-37.549182,-86.279912],[-37.549183,-86.743548],[-37.549184,-87.207184],[-37.549185,-87.67082],[-37.549186,-88.134457],[-37.549187,-88.598093],[-37.549188,-89.061729],[-37.549189,-89.525365],[-37.54919,-89.989001],[-37.989868,-89.989001],[-38.430547,-89.989001],[-38.871225,-89.989001],[-39.311903,-89.989001],[-39.752581,-89.989001],[-40.193259,-89.989001],[-40.633938,-89.989001],[-41.074616,-89.989001],[-41.515294,-89.989001],[-41.955972,-89.989001],[-42.396651,-89.989001],[-42.837329,-89.989001],[-43.278007,-89.989001],[-43.718685,-89.989001],[-44.159363,-89.989001],[-44.600042,-89.989001],[-45.04072,-89.989001],[-45.481398,-89.989001],[-45.922076,-89.989001],[-46.362754,-89.989001],[-46.803433,-89.989001],[-47.244111,-89.989001],[-47.684789,-89.989001],[-48.125467,-89.989001],[-48.566145,-89.989001],[-49.006824,-89.989001],[-49.447502,-89.989001],[-49.88818,-89.989001],[-50.328858,-89.989001],[-50.769536,-89.989001],[-51.210215,-89.989001],[-51.650893,-89.989001],[-52.091571,-89.989001],[-52.532249,-89.989001],[-52.532266,-89.496777],[-52.532283,-89.004553],[-52.5323,-88.512329],[-52.532316,-88.020105],[-52.532333,-87.52788],[-52.532349,-87.073335],[-52.532365,-86.618789],[-52.532381,-86.164244],[-52.532397,-85.709699],[-52.532413,-85.255153],[-52.532429,-84.800608],[-52.532445,-84.346062],[-52.532461,-83.891517],[-52.532476,-83.436971],[-52.532492,-82.982426],[-52.532508,-82.52788],[-52.532523,-82.09038],[-52.532538,-81.65288],[-52.532553,-81.21538],[-52.532568,-80.77788],[-52.532583,-80.34038],[-52.532597,-79.90288],[-52.532612,-79.46538],[-52.532627,-79.02788],[-52.532641,-78.623824],[-52.532654,-78.219768],[-52.532668,-77.815712],[-52.532681,-77.411656],[-52.532695,-77.0076],[-52.103465,-77.107303],[-51.674236,-77.207006],[-51.245007,-77.306708],[-50.815777,-77.406411],[-50.386548,-77.506114],[-49.954185,-77.606545],[-49.901783,-77.648835],[-49.660915,-77.614547],[-49.545888,-77.585705],[-49.387251,-77.557457],[-49.249634,-77.539812],[-49.10157,-77.52718],[-48.96454,-77.520381],[-48.798949,-77.517816],[-48.662078,-77.520161],[-48.501833,-77.528115],[-48.348852,-77.541413],[-48.206202,-77.559769],[-48.076952,-77.582894],[-47.981693,-77.605593],[-47.958986,-77.611308],[-47.919351,-77.610376],[-47.705297,-77.578817],[-47.515727,-77.561181],[-47.353966,-77.553419],[-47.189111,-77.552],[-46.919607,-77.557349],[-46.643223,-77.567927],[-46.366838,-77.578505],[-46.113125,-77.586263],[-45.859412,-77.594021],[-45.643951,-77.605388],[-45.472645,-77.620712],[-45.320366,-77.641689],[-44.990045,-77.698113],[-44.652958,-77.749766],[-44.31587,-77.80142],[-43.978783,-77.853073],[-43.810766,-77.883825],[-43.644682,-77.924332],[-43.391644,-77.996203],[-43.138607,-78.068074],[-42.96376,-78.125353],[-42.94959,-78.131247],[-42.582177,-78.105576],[-42.163958,-78.076355],[-41.745739,-78.047135],[-41.327521,-78.017914],[-40.909302,-77.988694],[-40.430861,-78.054686],[-39.95242,-78.120678],[-39.531649,-78.130478],[-39.110877,-78.140279],[-38.690106,-78.15008],[-38.269334,-78.159881],[-37.848563,-78.169682]]]}},{"type":"Feature","properties":{"objectid":35,"scalerank":6,"featurecla":"Timezone","name":"+12","map_color6":6,"map_color8":2,"note":null,"zone":12,"utc_format":"UTC+12:00","time_zone":"UTC+12:00","iso_8601":"2012-05-31T16:33:50+12:00","places":"McMurdo Station, Scott Base, Zucchelli Station","dst_places":"McMurdo Station, Scott Base, Zucchelli Station","tz_name1st":"Antarctica/South_Pole","tz_namesum":1},"bbox":[161.860087,-90,179.988516,-73.286329],"geometry":{"type":"Polygon","coordinates":[[[165.989243,-74.734319],[165.890686,-74.76701],[165.766998,-74.793151],[165.471553,-74.818823],[165.352987,-74.818666],[165.071207,-74.795207],[164.916771,-74.765758],[164.633861,-74.920797],[164.543922,-74.963883],[164.419078,-75.000397],[164.159824,-75.039924],[164.010945,-75.069203],[163.659339,-75.094305],[163.399681,-75.085812],[163.349075,-75.193789],[163.324004,-75.235919],[163.267383,-75.280633],[163.301757,-75.391645],[163.48187,-75.428158],[163.661312,-75.502322],[163.694041,-75.544641],[163.672883,-75.609457],[163.587718,-75.695197],[163.540568,-75.728885],[163.63636,-75.835759],[163.574477,-75.904954],[163.484638,-76.082843],[163.47253,-76.111084],[163.499359,-76.190297],[163.530852,-76.22141],[163.552977,-76.270756],[163.627647,-76.389665],[163.654835,-76.426091],[163.594311,-76.533306],[163.529699,-76.574461],[163.697885,-76.663368],[163.76064,-76.766958],[163.760636,-76.820084],[163.679445,-76.894996],[163.699202,-76.904698],[163.911913,-76.973036],[163.956413,-77.00408],[164.088821,-77.085661],[164.142561,-77.110854],[164.36091,-77.271943],[164.4219,-77.298798],[164.562148,-77.343265],[164.667233,-77.424687],[164.67805,-77.506545],[164.613072,-77.591833],[164.686011,-77.614788],[165.047043,-77.710285],[165.217525,-77.749652],[165.315272,-77.786121],[165.481,-77.836443],[165.631231,-77.837676],[165.74328,-77.825835],[165.734721,-77.814236],[165.621378,-77.761747],[165.580809,-77.692141],[165.468824,-77.654912],[165.339392,-77.580213],[165.312972,-77.542561],[165.38989,-77.462881],[165.484456,-77.426747],[165.682008,-77.370045],[165.678023,-77.358912],[165.598728,-77.316463],[165.576574,-77.242119],[165.625944,-77.186836],[165.810896,-77.090303],[165.917363,-77.059569],[166.051033,-76.966878],[166.045896,-76.920263],[166.082933,-76.876493],[166.246168,-76.810378],[166.364403,-76.785234],[166.682661,-76.750969],[166.810925,-76.746322],[167.074103,-76.750668],[167.204353,-76.760041],[167.454339,-76.794691],[167.546841,-76.815063],[167.637698,-76.84186],[167.75306,-76.898402],[167.783856,-76.931454],[167.781105,-76.989694],[167.752878,-77.017799],[167.637705,-77.072759],[167.826312,-77.149732],[167.887347,-77.164811],[168.070982,-77.18387],[168.550536,-77.20234],[169.438916,-77.259388],[169.633994,-77.281803],[169.983363,-77.357536],[170.067464,-77.38595],[170.136105,-77.416044],[170.225373,-77.501619],[170.412742,-77.508558],[171.250559,-77.539589],[171.669468,-77.555104],[172.507285,-77.586134],[173.005452,-77.604585],[173.503619,-77.623035],[174.499953,-77.659937],[174.99812,-77.678387],[175.994454,-77.715288],[176.49262,-77.733739],[177.488954,-77.77064],[177.987121,-77.789091],[178.485288,-77.807542],[179.481622,-77.844443],[179.979789,-77.862893],[179.981036,-78.847183],[179.981659,-79.339328],[179.982906,-80.323618],[179.983529,-80.815763],[179.984152,-81.307907],[179.985399,-82.292197],[179.986022,-82.784342],[179.987269,-83.768632],[179.987892,-84.260776],[179.988515,-85.229928],[179.988515,-85.706935],[179.988514,-86.660949],[179.988514,-87.137956],[179.988513,-87.614963],[179.988512,-88.568978],[179.988512,-89.045985],[179.988511,-89.999999],[179.988456,-90],[179.106286,-90],[178.665174,-90],[178.224061,-90],[177.341836,-90],[176.900724,-90],[176.018499,-90],[175.577386,-90],[174.695161,-90],[174.254049,-90],[173.812936,-90],[172.930711,-90],[172.501083,-90],[172.50154,-89.065879],[172.501767,-88.611333],[172.502222,-87.702242],[172.50245,-87.247697],[172.502677,-86.793151],[172.503132,-85.88406],[172.503359,-85.429515],[172.503814,-84.520424],[172.504049,-84.052534],[172.504517,-83.116753],[172.504751,-82.648863],[172.504985,-82.180972],[172.505454,-81.245192],[172.505688,-80.777301],[172.506157,-79.841521],[172.022244,-79.84252],[171.05442,-79.84452],[170.570508,-79.84552],[169.602683,-79.847519],[169.118771,-79.848519],[168.634859,-79.849519],[167.667034,-79.851519],[167.183122,-79.852519],[166.215298,-79.854518],[165.731385,-79.855518],[164.763561,-79.857518],[164.279649,-79.858517],[163.795736,-79.859517],[162.827912,-79.861517],[162.344,-79.862517],[161.860087,-79.393717],[161.860087,-78.923918],[161.860087,-77.98432],[161.860087,-77.514521],[161.860087,-77.044722],[161.860087,-76.105124],[161.860087,-75.635325],[161.860087,-74.695727],[161.860087,-74.225928],[161.860087,-73.286329],[162.336695,-73.286329],[162.813303,-73.286329],[163.766518,-73.286329],[164.243126,-73.286329],[165.196342,-73.286329],[165.67295,-73.286329],[166.149557,-73.657316],[166.149557,-74.028303],[166.104301,-74.041135],[165.82076,-74.142607],[165.672745,-74.187127],[166.040526,-74.407888],[166.091395,-74.437509],[166.143162,-74.550683],[166.1184,-74.632308],[165.989243,-74.734319]]]}},{"type":"Feature","properties":{"objectid":0,"scalerank":6,"featurecla":"Timezone","name":"+10","map_color6":2,"map_color8":5,"note":null,"zone":10,"utc_format":"UTC+10:00","time_zone":"UTC+10:00","iso_8601":"2012-05-30T18:33:50+10:00","places":"Concordia Research Station","dst_places":null,"tz_name1st":"Antarctica/DumontDUrville","tz_namesum":1},"bbox":[121.639195,-75.920901,125.499718,-73.798164],"geometry":{"type":"Polygon","coordinates":[[[125.499718,-75.920901],[125.017153,-75.920901],[124.534587,-75.920901],[124.052022,-75.920901],[123.569456,-75.920901],[123.086891,-75.920901],[122.604326,-75.920901],[122.12176,-75.920901],[121.639195,-75.920901],[121.639195,-75.496354],[121.639195,-75.071806],[121.639195,-74.647259],[121.639195,-74.222711],[121.639195,-73.798164],[122.12176,-73.798164],[122.604326,-73.798164],[123.086891,-73.798164],[123.569456,-73.798164],[124.052022,-73.798164],[124.534587,-73.798164],[125.017153,-73.798164],[125.499718,-73.798164],[125.499718,-74.222711],[125.499718,-74.647259],[125.499718,-75.071806],[125.499718,-75.496354],[125.499718,-75.920901]]]}},{"type":"Feature","properties":{"objectid":0,"scalerank":6,"featurecla":"Timezone","name":"+6","map_color6":6,"map_color8":8,"note":null,"zone":6,"utc_format":"UTC+06:00","time_zone":"UTC+06:00","iso_8601":"2012-05-30T16:33:50+06:00","places":"Vostok Station","dst_places":null,"tz_name1st":null,"tz_namesum":0},"bbox":[104.869772,-79.527653,108.730295,-77.404915],"geometry":{"type":"Polygon","coordinates":[[[108.730295,-79.527653],[108.24773,-79.527653],[107.765164,-79.527653],[107.282599,-79.527653],[106.800034,-79.527653],[106.317468,-79.527653],[105.834903,-79.527653],[105.352338,-79.527653],[104.869772,-79.527653],[104.869772,-79.103105],[104.869772,-78.678558],[104.869772,-78.25401],[104.869772,-77.829463],[104.869772,-77.404915],[105.352338,-77.404915],[105.834903,-77.404915],[106.317468,-77.404915],[106.800034,-77.404915],[107.282599,-77.404915],[107.765164,-77.404915],[108.24773,-77.404915],[108.730295,-77.404915],[108.730295,-77.829463],[108.730295,-78.25401],[108.730295,-78.678558],[108.730295,-79.103105],[108.730295,-79.527653]]]}},{"type":"Feature","properties":{"objectid":0,"scalerank":6,"featurecla":"Timezone","name":"+7","map_color6":5,"map_color8":1,"note":null,"zone":7,"utc_format":"UTC+07:00","time_zone":"UTC+07:00","iso_8601":"2012-05-30T16:33:50+07:00","places":"Davis Station","dst_places":null,"tz_name1st":null,"tz_namesum":0},"bbox":[77.347506,-69.193758,78.984041,-67.972908],"geometry":{"type":"Polygon","coordinates":[[[77.383337,-69.193758],[77.350606,-69.193758],[77.347506,-68.995674],[77.384617,-68.986768],[77.424035,-68.945341],[77.433637,-68.832005],[77.490749,-68.764252],[77.506655,-68.754158],[77.5809,-68.707042],[77.707417,-68.651107],[77.782267,-68.625017],[77.929878,-68.594399],[77.975006,-68.577675],[77.983754,-68.563736],[77.957781,-68.508794],[77.962402,-68.459709],[78.081399,-68.308829],[78.141435,-68.26582],[78.313404,-68.172259],[78.452305,-68.114487],[78.867839,-67.991675],[78.972863,-67.972908],[78.984041,-67.972908],[78.984041,-68.379858],[78.984041,-68.786808],[78.984041,-69.193758],[78.583865,-69.193758],[78.183689,-69.193758],[77.783513,-69.193758],[77.383337,-69.193758]]]}},{"type":"Feature","properties":{"objectid":0,"scalerank":6,"featurecla":"Timezone","name":"+1","map_color6":5,"map_color8":2,"note":null,"zone":6,"utc_format":"UTC+01:00","time_zone":"UTC+01:00","iso_8601":"ccccc","places":"Neumayer Station","dst_places":null,"tz_name1st":null,"tz_namesum":0},"bbox":[-9.768699,-71.951766,-7.528221,-70.574295],"geometry":{"type":"Polygon","coordinates":[[[-9.768699,-71.951766],[-9.768699,-71.543628],[-9.768699,-71.13549],[-9.768699,-70.727353],[-9.645762,-70.749714],[-9.607416,-70.756688],[-9.436975,-70.81384],[-9.303981,-70.89093],[-9.147736,-70.912754],[-9.012074,-70.939311],[-8.665571,-71.031],[-8.575622,-70.93123],[-8.600656,-70.890487],[-8.602216,-70.851979],[-8.582419,-70.816621],[-8.539108,-70.778045],[-8.477443,-70.741538],[-8.344939,-70.687553],[-8.193298,-70.646983],[-8.052222,-70.625261],[-7.672667,-70.581792],[-7.528221,-70.574295],[-7.528302,-70.788824],[-7.528449,-71.176471],[-7.528595,-71.564118],[-7.528742,-71.951766],[-7.976733,-71.951766],[-8.424725,-71.951766],[-8.872716,-71.951766],[-9.320708,-71.951766],[-9.768699,-71.951766]]]}},{"type":"Feature","properties":{"objectid":0,"scalerank":6,"featurecla":"Timezone","name":"0","map_color6":6,"map_color8":1,"note":"DST is -3","zone":0,"utc_format":"UTC\u00b100:00","time_zone":"UTC\u00b100:00","iso_8601":"2012-05-30T16:33:50\u00b100:00","places":"Halley Station","dst_places":"Halley Station","tz_name1st":null,"tz_namesum":0},"bbox":[-28,-77.154665,-25,-75.618833],"geometry":{"type":"Polygon","coordinates":[[[-28,-76.8],[-28,-76.427192],[-28,-76.250048],[-28,-76.023303],[-27.949869,-76.020231],[-27.698328,-75.980835],[-27.493843,-75.962025],[-27.276945,-75.917132],[-27.024201,-75.886884],[-26.834083,-75.833496],[-26.608806,-75.794721],[-26.454414,-75.763302],[-26.346038,-75.746734],[-25.968535,-75.710856],[-25.591033,-75.674978],[-25.21353,-75.639101],[-25,-75.618833],[-25,-75.843634],[-25,-76],[-25,-76.359992],[-25,-76.757189],[-25,-77.153138],[-25.509026,-77.153632],[-25.991591,-77.153632],[-26.474157,-77.153632],[-26.956722,-77.153632],[-27.439287,-77.153632],[-28,-77.154665],[-28,-76.8]]]}},{"type":"Feature","properties":{"objectid":0,"scalerank":6,"featurecla":"Timezone","name":"-3","map_color6":3,"map_color8":6,"note":null,"zone":-3,"utc_format":"UTC-03:00","time_zone":"UTC-03:00","iso_8601":"2012-05-30T16:33:50-03:00","places":"Rothera, San Mart\u00edn Stations","dst_places":null,"tz_name1st":null,"tz_namesum":0},"bbox":[-69.73261,-68.626144,-66.193279,-66.503407],"geometry":{"type":"Polygon","coordinates":[[[-68.31145,-66.503407],[-68.143869,-66.503407],[-67.656221,-66.503407],[-67.168574,-66.503407],[-66.680927,-66.503407],[-66.193279,-66.503407],[-66.193279,-66.927954],[-66.193279,-67.352502],[-66.193279,-67.777049],[-66.193279,-68.201597],[-66.193279,-68.626144],[-66.579131,-68.626144],[-66.964983,-68.626144],[-67.350836,-68.626144],[-67.736688,-68.626144],[-67.735846,-68.625896],[-67.714776,-68.610359],[-67.742324,-68.557117],[-67.747471,-68.515785],[-67.699239,-68.399171],[-67.724382,-68.351603],[-67.73729,-68.27917],[-67.81904,-68.16822],[-67.818353,-68.121737],[-67.776095,-68.063155],[-67.837698,-67.979723],[-68.063645,-67.92494],[-68.139975,-67.916704],[-68.244891,-67.92152],[-68.455214,-67.950412],[-68.822507,-67.972746],[-68.995291,-67.96974],[-69.154912,-67.948688],[-69.272551,-67.91813],[-69.359171,-67.878002],[-69.631206,-67.69852],[-69.717208,-67.606665],[-69.73261,-67.554212],[-69.726249,-67.494998],[-69.695286,-67.430682],[-69.643674,-67.368537],[-69.540538,-67.286374],[-69.324932,-67.160871],[-69.151532,-66.972311],[-68.854438,-66.724563],[-68.776564,-66.675973],[-68.668493,-66.627133],[-68.31145,-66.503407]]]}},{"type":"Feature","properties":{"objectid":0,"scalerank":6,"featurecla":"Timezone","name":"-3","map_color6":3,"map_color8":6,"note":null,"zone":-3,"utc_format":"UTC-03:00","time_zone":"UTC-03:00","iso_8601":"2012-05-30T16:33:50-03:00","places":"Teniente Jubany Station","dst_places":null,"tz_name1st":null,"tz_namesum":0},"bbox":[-58.714826,-62.37882,-58.290921,-61.861072],"geometry":{"type":"Polygon","coordinates":[[[-58.714826,-62.37882],[-58.714826,-62.119946],[-58.714826,-61.861072],[-58.290921,-61.861072],[-58.290921,-62.119946],[-58.290921,-62.37882],[-58.714826,-62.37882]]]}},{"type":"Feature","properties":{"objectid":0,"scalerank":6,"featurecla":"Timezone","name":"-3","map_color6":3,"map_color8":6,"note":null,"zone":-3,"utc_format":"UTC-03:00","time_zone":"UTC-03:00","iso_8601":"2012-05-30T16:33:50-03:00","places":"Esperanza, Vicecomodoro Marambio Stations","dst_places":null,"tz_name1st":null,"tz_namesum":0},"bbox":[-57.368255,-64.417672,-56.405416,-63.146516],"geometry":{"type":"Polygon","coordinates":[[[-56.410915,-64.417672],[-56.889585,-64.417672],[-57.368255,-64.417672],[-57.366421,-63.993953],[-57.364588,-63.570235],[-57.362755,-63.146516],[-56.884086,-63.146516],[-56.405416,-63.146516],[-56.406843,-63.476374],[-56.40827,-63.806232],[-56.609105,-63.837178],[-56.638051,-63.906926],[-56.731033,-63.976112],[-56.731336,-63.999314],[-56.695979,-64.009926],[-56.558405,-64.014148],[-56.452853,-64.027255],[-56.40927,-64.037426],[-56.410915,-64.417672]]]}},{"type":"Feature","properties":{"objectid":0,"scalerank":6,"featurecla":"Timezone","name":"+12","map_color6":6,"map_color8":2,"note":"Reflects 2012 shift in daylight savings time in Russia.","zone":12,"utc_format":"UTC-12:00","time_zone":"UTC-12:00","iso_8601":"2012-05-30T16:33:50+12:00","places":"Russia (Kamchatka Krai)","dst_places":null,"tz_name1st":"Asia/Kamchatka","tz_namesum":3},"bbox":[-180,59.502805,-168.99421,75],"geometry":{"type":"Polygon","coordinates":[[[-172.508502,70.500242],[-172.50848,70.492055],[-172.108125,70.224268],[-171.713952,69.95679],[-171.247018,69.634855],[-170.889657,69.383914],[-170.536463,69.132162],[-170.130413,68.837278],[-169.698484,68.516231],[-169.383688,68.250222],[-168.99421,68.002372],[-169,68],[-169,67.583333],[-169,67.166667],[-169,66.75],[-169,66.333333],[-169,65.916667],[-169,65.5],[-169.417175,65.308654],[-169.834351,65.117308],[-170.251711,64.882041],[-170.633063,64.692912],[-171.060272,64.477293],[-171.408378,64.299506],[-171.826148,64.084305],[-172.331321,63.821363],[-172.607324,63.676871],[-173.01804,63.459339],[-173.48339,63.210883],[-173.947197,62.960957],[-174.148883,62.851464],[-174.428427,62.699729],[-174.760258,62.517314],[-175.104825,62.327818],[-175.466563,62.126604],[-175.965754,61.847915],[-176.17181,61.731906],[-176.591207,61.494559],[-176.745017,61.406789],[-176.983097,61.271209],[-177.120875,61.192066],[-177.3828,61.041836],[-177.790071,60.806523],[-178.078812,60.638561],[-178.406369,60.447226],[-178.808879,60.210652],[-179.056318,60.064777],[-179.37287,59.87677],[-179.693205,59.685663],[-179.998411,59.502805],[-179.990482,59.952381],[-179.990482,60.285714],[-179.990482,60.619048],[-179.990482,60.952381],[-179.990482,61.285714],[-179.990482,61.619048],[-179.990482,61.952381],[-179.990482,62.285714],[-179.990482,62.619048],[-179.990482,62.952381],[-179.990482,63.285714],[-179.990482,63.619048],[-179.990482,63.952381],[-179.990482,64.452379],[-179.990482,64.952377],[-179.990482,65.28571],[-179.990482,65.619044],[-179.990482,65.952377],[-179.990482,66.28571],[-179.990482,66.619044],[-179.990482,66.952377],[-179.990482,67.28571],[-179.990482,67.619044],[-179.990482,67.952377],[-179.990482,68.28571],[-179.990482,68.619044],[-179.990482,68.952377],[-179.990482,69.28571],[-179.990482,69.619044],[-179.990482,69.952377],[-179.990482,70.28571],[-179.990482,70.619044],[-179.990482,70.952377],[-179.990482,71.28571],[-179.990482,71.619044],[-179.990482,71.952377],[-179.990482,72.28571],[-179.990482,72.619044],[-179.990482,72.952377],[-179.990482,73.28571],[-179.990482,73.619044],[-179.990482,73.952377],[-179.990482,74.28571],[-179.990482,74.619044],[-179.990482,74.952377],[-179.990482,74.952377],[-179.990482,74.993943],[-180,75],[-179.437954,74.689017],[-178.990684,74.439015],[-178.729492,74.291553],[-178.55611,74.192878],[-178.324744,74.061204],[-178.164016,73.96904],[-177.997633,73.873173],[-177.825716,73.773848],[-177.64859,73.671064],[-177.466378,73.56478],[-177.28734,73.460287],[-177.076848,73.336466],[-176.908512,73.237344],[-176.698915,73.112994],[-176.513611,73.002967],[-176.298805,72.874344],[-176.104468,72.757969],[-175.917617,72.644972],[-175.68267,72.502921],[-175.443492,72.356842],[-175.249886,72.238596],[-175.001756,72.085437],[-174.807865,71.965725],[-174.594851,71.832708],[-174.358114,71.684961],[-174.132485,71.542422],[-173.902462,71.397035],[-173.660353,71.242086],[-173.442537,71.10264],[-173.190256,70.938983],[-172.979927,70.802507],[-172.857937,70.722265],[-172.727158,70.636164],[-172.607069,70.557071],[-172.516422,70.497369],[-172.508502,70.500242]]]}}],"bbox":[-180,-90,180.000000335276,90.0002058236639]}